{
  "timelineObjects": [{
    "activitySegment": {
      "startLocation": {
        "latitudeE7": 223178548,
        "longitudeE7": 732282637,
        "sourceInfo": {
          "deviceTag": 1755654135
        }
      },
      "endLocation": {
        "latitudeE7": 222900824,
        "longitudeE7": 732357042,
        "sourceInfo": {
          "deviceTag": 1755654135
        }
      },
      "duration": {
        "startTimestamp": "2019-01-04T11:45:30.662Z",
        "endTimestamp": "2019-01-04T12:09:35.354Z"
      },
      "distance": 22596,
      "activityType": "MOTORCYCLING",
      "confidence": "MEDIUM",
      "activities": [{
        "activityType": "MOTORCYCLING",
        "probability": 78.5352068728796
      }, {
        "activityType": "IN_PASSENGER_VEHICLE",
        "probability": 8.048483770252304
      }, {
        "activityType": "IN_BUS",
        "probability": 5.5515771278669686
      }],
      "waypointPath": {
        "waypoints": [{
          "latE7": 223179817,
          "lngE7": 732284011
        }, {
          "latE7": 223000488,
          "lngE7": 732385025
        }, {
          "latE7": 222845268,
          "lngE7": 732408905
        }, {
          "latE7": 222874927,
          "lngE7": 732342987
        }, {
          "latE7": 222900447,
          "lngE7": 732357788
        }],
        "source": "INFERRED",
        "distanceMeters": 4346.686755506208
      },
      "simplifiedRawPath": {
        "points": [{
          "latE7": 222845032,
          "lngE7": 732412089,
          "accuracyMeters": 92,
          "timestamp": "2019-01-04T11:55:16.230Z"
        }, {
          "latE7": 222871582,
          "lngE7": 732340953,
          "accuracyMeters": 33,
          "timestamp": "2019-01-04T12:05:50.154Z"
        }]
      },
      "parkingEvent": {
        "location": {
          "latitudeE7": 222901124,
          "longitudeE7": 732356857,
          "accuracyMetres": 86
        },
        "method": "END_OF_ACTIVITY_SEGMENT",
        "locationSource": "UNKNOWN",
        "timestamp": "2019-01-04T12:15:31.812Z"
      }
    }
  }, {
    "placeVisit": {
      "location": {
        "latitudeE7": 222902020,
        "longitudeE7": 732355630,
        "placeId": "ChIJj4HD1XDFXzkRTfwrqWcP90w",
        "address": "5th Floor, Nathdwara Avenue, Opp. Rukashmani Party Plot Nr. Parivar Cross road, Dabhoi - Waghodia Ring Rd, Waghodia, Vadodara, Gujarat 390025, India",
        "name": "Fitness Track Gym",
        "sourceInfo": {
          "deviceTag": 1755654135
        },
        "locationConfidence": 69.98168
      },
      "duration": {
        "startTimestamp": "2019-01-04T12:09:35.354Z",
        "endTimestamp": "2019-01-04T12:20:35.345Z"
      },
      "placeConfidence": "LOW_CONFIDENCE",
      "centerLatE7": 222901043,
      "centerLngE7": 732358635,
      "visitConfidence": 88,
      "otherCandidateLocations": [{
        "latitudeE7": 222902411,
        "longitudeE7": 732356156,
        "placeId": "ChIJZ5H1KXHFXzkRMeqmmaxfzvU",
        "address": "Dhaboi Waghodiya Road, 76RP+47Q, Waghodia, Vadodara, Gujarat 390025, India",
        "name": "Nathdwara Avenue",
        "locationConfidence": 6.9333158
      }, {
        "latitudeE7": 222903795,
        "longitudeE7": 732364095,
        "placeId": "ChIJVezZ3nDFXzkRoDj1LBH1Gg0",
        "address": "76RP+5HF, inside Rukshmani party plot, Kendranagar, Vadodara, Gujarat 390025, India",
        "name": "Rukshmani Party Plot",
        "locationConfidence": 2.6198256
      }, {
        "latitudeE7": 222900250,
        "longitudeE7": 732356190,
        "placeId": "ChIJrRseKnHFXzkR3pT_PhKgTlY",
        "address": "SN 1 to 5, Nathdwara Avenue Ring Rd, Dabhoi - Waghodia Ring Rd, opp. Rukshmani Party Plot, Pangat Park, Prerna Nagar Society, Vadodara, Gujarat 390008, India",
        "name": "HDFC Bank",
        "locationConfidence": 2.5299866
      }, {
        "latitudeE7": 222915110,
        "longitudeE7": 732370770,
        "placeId": "ChIJdzhKosHZXzkR-1KB21bC6rg",
        "address": "35, 36, Jasraj Complex, Dabhoi - Waghodia Ring Rd, near Pariwar char rasta, Near Parivar Char Rasta, Krushnakunj, Kendranagar, Vadodara, Gujarat 390019, India",
        "name": "Bhagwati Clinic",
        "locationConfidence": 0.28124878
      }],
      "editConfirmationStatus": "NOT_CONFIRMED",
      "locationConfidence": 69,
      "placeVisitType": "SINGLE_PLACE",
      "placeVisitImportance": "MAIN"
    }
  }, {
    "placeVisit": {
      "location": {
        "latitudeE7": 222681885,
        "longitudeE7": 732018433,
        "placeId": "ChIJE7zdOcbFXzkR1i-ZesiimTU",
        "address": "SF-1-12, Kabir Plaza, NR Kabir Complex, Bhavan\u0027s Makarpur road, Makarpura, Vadodara, Gujarat 390011, India",
        "name": "IIT Ashram Makarpura",
        "sourceInfo": {
          "deviceTag": 1755654135
        },
        "locationConfidence": 81.62309
      },
      "duration": {
        "startTimestamp": "2019-01-20T10:26:14.151Z",
        "endTimestamp": "2019-01-20T10:42:43.416Z"
      },
      "placeConfidence": "LOW_CONFIDENCE",
      "centerLatE7": 222679900,
      "centerLngE7": 732020864,
      "visitConfidence": 90,
      "otherCandidateLocations": [{
        "latitudeE7": 222697090,
        "longitudeE7": 732029030,
        "placeId": "ChIJ8agiAsfFXzkRIBBGqSft248",
        "address": "Opp.Bhavans School, Krupal Society, Manjalpur, Vadodara, Gujarat 390010, India",
        "name": "Spice Nation",
        "locationConfidence": 2.8433056
      }, {
        "latitudeE7": 222681330,
        "longitudeE7": 732020070,
        "placeId": "ChIJfz3iRcbFXzkR2U9XjDxCTvE",
        "address": "205, Rutushree Complex Manjalpur Near Kabir Complex, Krupal Society, Manjalpur, Vadodara, Gujarat 390009, India",
        "name": "HP World",
        "locationConfidence": 1.7514611
      }, {
        "latitudeE7": 222583253,
        "longitudeE7": 732073449,
        "placeId": "ChIJI3RBoLXFXzkRm2t2fBESVwo",
        "address": "36 VIP View Complex VIP Road, 1st Floor, VIP View Complex, Near - HDFC Bank, Tarsali, Vadodara, Gujarat 390009, India",
        "name": "Translation Service in Vadodara",
        "locationConfidence": 1.5149074
      }, {
        "latitudeE7": 222682780,
        "longitudeE7": 732023080,
        "placeId": "ChIJ9QKiScbFXzkRdzQH8D1urHA",
        "locationConfidence": 0.72875965
      }],
      "editConfirmationStatus": "NOT_CONFIRMED",
      "locationConfidence": 68,
      "placeVisitType": "SINGLE_PLACE",
      "placeVisitImportance": "MAIN"
    }
  }, {
    "activitySegment": {
      "startLocation": {
        "latitudeE7": 222682816,
        "longitudeE7": 732023757,
        "sourceInfo": {
          "deviceTag": 1755654135
        }
      },
      "endLocation": {
        "latitudeE7": 222840148,
        "longitudeE7": 732408315,
        "sourceInfo": {
          "deviceTag": 1755654135
        }
      },
      "duration": {
        "startTimestamp": "2019-01-20T10:42:43.416Z",
        "endTimestamp": "2019-01-20T10:58:48.108Z"
      },
      "distance": 5582,
      "activityType": "MOTORCYCLING",
      "confidence": "LOW",
      "activities": [{
        "activityType": "MOTORCYCLING",
        "probability": 53.21229206027704
      }, {
        "activityType": "IN_PASSENGER_VEHICLE",
        "probability": 44.81838702678512
      }, {
        "activityType": "WALKING",
        "probability": 1.4109475548736965
      }],
      "waypointPath": {
        "waypoints": [{
          "latE7": 222681674,
          "lngE7": 732024307
        }, {
          "latE7": 222850284,
          "lngE7": 732087020
        }, {
          "latE7": 222840423,
          "lngE7": 732408294
        }],
        "source": "INFERRED",
        "distanceMeters": 5804.992758615848
      },
      "simplifiedRawPath": {
        "points": [{
          "latE7": 222849263,
          "lngE7": 732082949,
          "accuracyMeters": 26,
          "timestamp": "2019-01-20T10:46:34.138Z"
        }]
      },
      "parkingEvent": {
        "location": {
          "latitudeE7": 222844986,
          "longitudeE7": 732406153,
          "accuracyMetres": 99
        },
        "method": "END_OF_ACTIVITY_SEGMENT",
        "locationSource": "UNKNOWN",
        "timestamp": "2019-01-20T11:00:39.487Z"
      }
    }
  }, {
    "placeVisit": {
      "location": {
        "latitudeE7": 222840148,
        "longitudeE7": 732408315,
        "placeId": "ChIJ_RqQnHLFXzkRgQkmFsn8wGo",
        "address": "E-64/65, E-64/65, Kubereshwar Marg, Parn Vihar Society, Goverdhan Twp, Kendranagar, Vadodara, Gujarat 390025, India",
        "name": "Parn Vihar Society",
        "sourceInfo": {
          "deviceTag": 1755654135
        },
        "locationConfidence": 65.117386
      },
      "duration": {
        "startTimestamp": "2019-01-20T10:58:48.108Z",
        "endTimestamp": "2019-01-20T11:04:51.128Z"
      },
      "placeConfidence": "LOW_CONFIDENCE",
      "centerLatE7": 222844630,
      "centerLngE7": 732409600,
      "visitConfidence": 89,
      "otherCandidateLocations": [{
        "latitudeE7": 222843595,
        "longitudeE7": 732414907,
        "placeId": "ChIJdQgDcG3FXzkRm-VZXoKY94E",
        "address": "C-84 Nilamber Villa, Kubereshwar Marg, Prarthana Tenements, Goverdhan Twp, Kendranagar, Vadodara, Gujarat 390025, India",
        "name": "Nilamber Villa Society",
        "locationConfidence": 12.188865
      }, {
        "latitudeE7": 222843226,
        "longitudeE7": 732424878,
        "placeId": "ChIJRapibW3FXzkRe8BGssgYLBY",
        "address": "Nirant Residency Narayan Vidyalaya Road \u0026 Kubereshwar Marg Bh., 76MR+PX5, Ring Rd, Goverdhan Twp, Waghodia, Vadodara, Gujarat 390025, India",
        "name": "Nirant Residency",
        "locationConfidence": 5.749027
      }, {
        "latitudeE7": 222838650,
        "longitudeE7": 732398605,
        "placeId": "ChIJUwbclnLFXzkRwziDHn8TFhk",
        "address": "14, Kubereshwar Marg, Goverdhan Twp, Kendranagar, Vadodara, Gujarat 390025, India",
        "locationConfidence": 4.2910542
      }, {
        "latitudeE7": 222845923,
        "longitudeE7": 732382017,
        "placeId": "ChIJV1VVVXLFXzkR61D38PtSUuo",
        "address": "Goverdhan Twp, Kendranagar, Vadodara, Gujarat 390025, India",
        "name": "Crystal School (Eng)",
        "locationConfidence": 1.0175537
      }, {
        "latitudeE7": 222881126,
        "longitudeE7": 732401352,
        "placeId": "ChIJ5f9w8XHFXzkRfxVtbpRLM6c",
        "locationConfidence": 0.86700755
      }, {
        "latitudeE7": 222833020,
        "longitudeE7": 732420730,
        "placeId": "ChIJj56gQ23FXzkRv3cbusWJJoQ",
        "address": "1, Kubereshwar Marg, Goverdhan Twp, Kendranagar, Vadodara, Gujarat 390025, India",
        "name": "Nilamber Bungalows-3",
        "locationConfidence": 0.8393703
      }, {
        "latitudeE7": 222836654,
        "longitudeE7": 732404207,
        "placeId": "ChIJhbPhmXLFXzkRoi_stz9pFkw",
        "address": "Devashish Bunglows Kubereshwar Marg, Dabhoi - Waghodia Ring Rd, Goverdhan Twp, Kendranagar, Vadodara, Gujarat 390025, India",
        "name": "Devashish Bungalows",
        "locationConfidence": 0.7863552
      }, {
        "latitudeE7": 222856920,
        "longitudeE7": 732404710,
        "placeId": "ChIJU30wcHLFXzkRRZvuwJ7yUbk",
        "address": "E-310, Goverdhan Township, B/h Narayan School, Dabhoi - Waghodia Ring Rd, Prarthana Tenements, Goverdhan Twp, Waghodia, Vadodara, Gujarat 390025, India",
        "name": "Nevatia \u0026 Associates",
        "locationConfidence": 0.5372557
      }, {
        "latitudeE7": 222837052,
        "longitudeE7": 732382395,
        "placeId": "ChIJ9Zkw7HLFXzkRAtL4EARmIyk",
        "locationConfidence": 0.5075758
      }],
      "editConfirmationStatus": "NOT_CONFIRMED",
      "locationConfidence": 56,
      "placeVisitType": "SINGLE_PLACE",
      "placeVisitImportance": "MAIN"
    }
  }, {
    "activitySegment": {
      "startLocation": {
        "latitudeE7": 222844387,
        "longitudeE7": 732410978,
        "sourceInfo": {
          "deviceTag": 1755654135
        }
      },
      "endLocation": {
        "latitudeE7": 222840148,
        "longitudeE7": 732408315,
        "sourceInfo": {
          "deviceTag": 1755654135
        }
      },
      "duration": {
        "startTimestamp": "2019-01-20T11:04:51.128Z",
        "endTimestamp": "2019-01-20T11:33:13.080Z"
      },
      "distance": 861,
      "activityType": "MOTORCYCLING",
      "confidence": "MEDIUM",
      "activities": [{
        "activityType": "MOTORCYCLING",
        "probability": 74.60148351555256
      }, {
        "activityType": "IN_PASSENGER_VEHICLE",
        "probability": 19.447851911066174
      }, {
        "activityType": "WALKING",
        "probability": 4.953809143573018
      }],
      "waypointPath": {
        "waypoints": [{
          "latE7": 222844333,
          "lngE7": 732411804
        }, {
          "latE7": 222842063,
          "lngE7": 732408676
        }, {
          "latE7": 222840404,
          "lngE7": 732408599
        }],
        "source": "INFERRED",
        "distanceMeters": 75.38631772175306
      },
      "simplifiedRawPath": {
        "points": [{
          "latE7": 222844387,
          "lngE7": 732410978,
          "accuracyMeters": 26,
          "timestamp": "2019-01-20T11:04:51.128Z"
        }]
      },
      "parkingEvent": {
        "location": {
          "latitudeE7": 222839352,
          "longitudeE7": 732403344,
          "accuracyMetres": 132
        },
        "method": "END_OF_ACTIVITY_SEGMENT",
        "locationSource": "UNKNOWN",
        "timestamp": "2019-01-20T11:32:09.275Z"
      }
    }
  }, {
    "placeVisit": {
      "location": {
        "latitudeE7": 222840148,
        "longitudeE7": 732408315,
        "placeId": "ChIJ_RqQnHLFXzkRgQkmFsn8wGo",
        "address": "E-64/65, E-64/65, Kubereshwar Marg, Parn Vihar Society, Goverdhan Twp, Kendranagar, Vadodara, Gujarat 390025, India",
        "name": "Parn Vihar Society",
        "sourceInfo": {
          "deviceTag": 1755654135
        },
        "locationConfidence": 57.35303
      },
      "duration": {
        "startTimestamp": "2019-01-20T11:33:13.080Z",
        "endTimestamp": "2019-01-20T11:40:02.750Z"
      },
      "placeConfidence": "LOW_CONFIDENCE",
      "centerLatE7": 222843050,
      "centerLngE7": 732402875,
      "visitConfidence": 91,
      "otherCandidateLocations": [{
        "latitudeE7": 222843226,
        "longitudeE7": 732424878,
        "placeId": "ChIJRapibW3FXzkRe8BGssgYLBY",
        "address": "Nirant Residency Narayan Vidyalaya Road \u0026 Kubereshwar Marg Bh., 76MR+PX5, Ring Rd, Goverdhan Twp, Waghodia, Vadodara, Gujarat 390025, India",
        "name": "Nirant Residency",
        "locationConfidence": 7.789543
      }, {
        "latitudeE7": 222845920,
        "longitudeE7": 732382020,
        "placeId": "ChIJQ4ekCH_FXzkRSO54sSFTITw",
        "address": "Raopura, Kendranagar, Vadodara, Gujarat 390025, India",
        "name": "नॉन",
        "locationConfidence": 7.0396066
      }, {
        "latitudeE7": 222843595,
        "longitudeE7": 732414907,
        "placeId": "ChIJdQgDcG3FXzkRm-VZXoKY94E",
        "address": "C-84 Nilamber Villa, Kubereshwar Marg, Prarthana Tenements, Goverdhan Twp, Kendranagar, Vadodara, Gujarat 390025, India",
        "name": "Nilamber Villa Society",
        "locationConfidence": 6.075937
      }, {
        "latitudeE7": 222845923,
        "longitudeE7": 732382017,
        "placeId": "ChIJV1VVVXLFXzkR61D38PtSUuo",
        "address": "Goverdhan Twp, Kendranagar, Vadodara, Gujarat 390025, India",
        "name": "Crystal School (Eng)",
        "locationConfidence": 4.6258917
      }, {
        "latitudeE7": 222838650,
        "longitudeE7": 732398605,
        "placeId": "ChIJUwbclnLFXzkRwziDHn8TFhk",
        "address": "14, Kubereshwar Marg, Goverdhan Twp, Kendranagar, Vadodara, Gujarat 390025, India",
        "locationConfidence": 2.6457806
      }, {
        "latitudeE7": 222841755,
        "longitudeE7": 732402059,
        "placeId": "ChIJAUpNYwXFXzkRY6XvXalBKNw",
        "address": "E-64/65, Kubereshwar Marg, Parn Vihar Society, Goverdhan Twp, Kendranagar, Vadodara, Gujarat 390025, India",
        "name": "Shree krishna banglows",
        "locationConfidence": 1.6330796
      }, {
        "latitudeE7": 222836654,
        "longitudeE7": 732404207,
        "placeId": "ChIJhbPhmXLFXzkRoi_stz9pFkw",
        "address": "Devashish Bunglows Kubereshwar Marg, Dabhoi - Waghodia Ring Rd, Goverdhan Twp, Kendranagar, Vadodara, Gujarat 390025, India",
        "name": "Devashish Bungalows",
        "locationConfidence": 1.108119
      }, {
        "latitudeE7": 222837052,
        "longitudeE7": 732382395,
        "placeId": "ChIJ9Zkw7HLFXzkRAtL4EARmIyk",
        "locationConfidence": 1.0950894
      }, {
        "latitudeE7": 222833020,
        "longitudeE7": 732420730,
        "placeId": "ChIJj56gQ23FXzkRv3cbusWJJoQ",
        "address": "1, Kubereshwar Marg, Goverdhan Twp, Kendranagar, Vadodara, Gujarat 390025, India",
        "name": "Nilamber Bungalows-3",
        "locationConfidence": 0.82362366
      }],
      "editConfirmationStatus": "NOT_CONFIRMED",
      "locationConfidence": 51,
      "placeVisitType": "SINGLE_PLACE",
      "placeVisitImportance": "MAIN"
    }
  }, {
    "placeVisit": {
      "location": {
        "latitudeE7": 222840148,
        "longitudeE7": 732408315,
        "placeId": "ChIJ_RqQnHLFXzkRgQkmFsn8wGo",
        "address": "E-64/65, E-64/65, Kubereshwar Marg, Parn Vihar Society, Goverdhan Twp, Kendranagar, Vadodara, Gujarat 390025, India",
        "name": "Parn Vihar Society",
        "sourceInfo": {
          "deviceTag": 1755654135
        },
        "locationConfidence": 65.65304
      },
      "duration": {
        "startTimestamp": "2019-01-26T04:15:26.601Z",
        "endTimestamp": "2019-01-26T10:21:48.843Z"
      },
      "placeConfidence": "MEDIUM_CONFIDENCE",
      "centerLatE7": 222843992,
      "centerLngE7": 732408008,
      "visitConfidence": 88,
      "otherCandidateLocations": [{
        "latitudeE7": 222843595,
        "longitudeE7": 732414907,
        "placeId": "ChIJdQgDcG3FXzkRm-VZXoKY94E",
        "address": "C-84 Nilamber Villa, Kubereshwar Marg, Prarthana Tenements, Goverdhan Twp, Kendranagar, Vadodara, Gujarat 390025, India",
        "name": "Nilamber Villa Society",
        "locationConfidence": 21.70135
      }, {
        "latitudeE7": 222838650,
        "longitudeE7": 732398605,
        "placeId": "ChIJUwbclnLFXzkRwziDHn8TFhk",
        "address": "14, Kubereshwar Marg, Goverdhan Twp, Kendranagar, Vadodara, Gujarat 390025, India",
        "locationConfidence": 3.044114
      }, {
        "latitudeE7": 222881126,
        "longitudeE7": 732401352,
        "placeId": "ChIJ5f9w8XHFXzkRfxVtbpRLM6c",
        "locationConfidence": 0.9308397
      }, {
        "latitudeE7": 222833020,
        "longitudeE7": 732420730,
        "placeId": "ChIJj56gQ23FXzkRv3cbusWJJoQ",
        "address": "1, Kubereshwar Marg, Goverdhan Twp, Kendranagar, Vadodara, Gujarat 390025, India",
        "name": "Nilamber Bungalows-3",
        "locationConfidence": 0.8584886
      }, {
        "latitudeE7": 222836654,
        "longitudeE7": 732404207,
        "placeId": "ChIJhbPhmXLFXzkRoi_stz9pFkw",
        "address": "Devashish Bunglows Kubereshwar Marg, Dabhoi - Waghodia Ring Rd, Goverdhan Twp, Kendranagar, Vadodara, Gujarat 390025, India",
        "name": "Devashish Bungalows",
        "locationConfidence": 0.7133709
      }],
      "editConfirmationStatus": "NOT_CONFIRMED",
      "locationConfidence": 56,
      "placeVisitType": "SINGLE_PLACE",
      "placeVisitImportance": "MAIN"
    }
  }, {
    "placeVisit": {
      "location": {
        "latitudeE7": 222840148,
        "longitudeE7": 732408315,
        "placeId": "ChIJ_RqQnHLFXzkRgQkmFsn8wGo",
        "address": "E-64/65, E-64/65, Kubereshwar Marg, Parn Vihar Society, Goverdhan Twp, Kendranagar, Vadodara, Gujarat 390025, India",
        "name": "Parn Vihar Society",
        "sourceInfo": {
          "deviceTag": 1755654135
        },
        "locationConfidence": 80.81221
      },
      "duration": {
        "startTimestamp": "2019-01-27T13:53:31.977Z",
        "endTimestamp": "2019-01-27T16:25:11.868Z"
      },
      "placeConfidence": "MEDIUM_CONFIDENCE",
      "centerLatE7": 222814955,
      "centerLngE7": 732390660,
      "visitConfidence": 90,
      "otherCandidateLocations": [{
        "latitudeE7": 222843595,
        "longitudeE7": 732414907,
        "placeId": "ChIJdQgDcG3FXzkRm-VZXoKY94E",
        "address": "C-84 Nilamber Villa, Kubereshwar Marg, Prarthana Tenements, Goverdhan Twp, Kendranagar, Vadodara, Gujarat 390025, India",
        "name": "Nilamber Villa Society",
        "locationConfidence": 7.078517
      }, {
        "latitudeE7": 222838650,
        "longitudeE7": 732398605,
        "placeId": "ChIJUwbclnLFXzkRwziDHn8TFhk",
        "address": "14, Kubereshwar Marg, Goverdhan Twp, Kendranagar, Vadodara, Gujarat 390025, India",
        "locationConfidence": 3.1050675
      }, {
        "latitudeE7": 222881126,
        "longitudeE7": 732401352,
        "placeId": "ChIJ5f9w8XHFXzkRfxVtbpRLM6c",
        "locationConfidence": 0.86503124
      }, {
        "latitudeE7": 222833020,
        "longitudeE7": 732420730,
        "placeId": "ChIJj56gQ23FXzkRv3cbusWJJoQ",
        "address": "1, Kubereshwar Marg, Goverdhan Twp, Kendranagar, Vadodara, Gujarat 390025, India",
        "name": "Nilamber Bungalows-3",
        "locationConfidence": 0.8001496
      }, {
        "latitudeE7": 222836654,
        "longitudeE7": 732404207,
        "placeId": "ChIJhbPhmXLFXzkRoi_stz9pFkw",
        "address": "Devashish Bunglows Kubereshwar Marg, Dabhoi - Waghodia Ring Rd, Goverdhan Twp, Kendranagar, Vadodara, Gujarat 390025, India",
        "name": "Devashish Bungalows",
        "locationConfidence": 0.743587
      }, {
        "latitudeE7": 222830501,
        "longitudeE7": 732421874,
        "placeId": "ChIJoRnORW3FXzkR92oS-rgALZM",
        "address": "1, Kubereshwar Marg, Goverdhan Twp, Kendranagar, Vadodara, Gujarat 390025, India",
        "name": "Shreeji Tirth Duplex",
        "locationConfidence": 0.4960537
      }],
      "editConfirmationStatus": "NOT_CONFIRMED",
      "locationConfidence": 68,
      "placeVisitType": "SINGLE_PLACE",
      "placeVisitImportance": "MAIN"
    }
  }, {
    "activitySegment": {
      "startLocation": {
        "latitudeE7": 222814955,
        "longitudeE7": 732390660
      },
      "endLocation": {
        "latitudeE7": 222846286,
        "longitudeE7": 732406543
      },
      "duration": {
        "startTimestamp": "2019-01-27T16:25:11.868Z",
        "endTimestamp": "2019-02-03T06:51:19.171Z"
      },
      "activityType": "UNKNOWN_ACTIVITY_TYPE",
      "activities": [{
        "activityType": "UNKNOWN_ACTIVITY_TYPE",
        "probability": 0.0
      }],
      "simplifiedRawPath": {
        "points": [{
          "latE7": 222838862,
          "lngE7": 732410134,
          "accuracyMeters": 198,
          "timestamp": "2019-01-27T16:25:11.868Z"
        }],
        "source": "BACKFILLED",
        "distanceMeters": 423.3334000312412
      }
    }
  }]
}