{
  "timelineObjects": [{
    "placeVisit": {
      "location": {
        "latitudeE7": 222840148,
        "longitudeE7": 732408315,
        "placeId": "ChIJ_RqQnHLFXzkRgQkmFsn8wGo",
        "address": "E-64/65, E-64/65, Kubereshwar Marg, Parn Vihar Society, Goverdhan Twp, Kendranagar, Vadodara, Gujarat 390025, India",
        "name": "Parn Vihar Society",
        "sourceInfo": {
          "deviceTag": 1755654135
        },
        "locationConfidence": 57.781563
      },
      "duration": {
        "startTimestamp": "2019-02-03T06:51:19.171Z",
        "endTimestamp": "2019-02-03T07:16:18.095Z"
      },
      "placeConfidence": "MEDIUM_CONFIDENCE",
      "centerLatE7": 222846286,
      "centerLngE7": 732406543,
      "visitConfidence": 91,
      "otherCandidateLocations": [{
        "latitudeE7": 222837052,
        "longitudeE7": 732382395,
        "placeId": "ChIJ9Zkw7HLFXzkRAtL4EARmIyk",
        "locationConfidence": 12.686517,
        "isCurrentLocation": true
      }, {
        "latitudeE7": 222836654,
        "longitudeE7": 732404207,
        "placeId": "ChIJhbPhmXLFXzkRoi_stz9pFkw",
        "address": "Devashish Bunglows Kubereshwar Marg, Dabhoi - Waghodia Ring Rd, Goverdhan Twp, Kendranagar, Vadodara, Gujarat 390025, India",
        "name": "Devashish Bungalows",
        "locationConfidence": 5.4252677
      }, {
        "latitudeE7": 222849865,
        "longitudeE7": 732402267,
        "placeId": "ChIJ4dDqjnLFXzkRrQSNf5oXAa0",
        "address": "C-1/10, Kubereshwar Marg, Prarthana Tenements, Goverdhan Twp, Kendranagar, Vadodara, Gujarat 390025, India",
        "locationConfidence": 4.4201784
      }, {
        "latitudeE7": 222841755,
        "longitudeE7": 732402059,
        "placeId": "ChIJAUpNYwXFXzkRY6XvXalBKNw",
        "address": "E-64/65, Kubereshwar Marg, Parn Vihar Society, Goverdhan Twp, Kendranagar, Vadodara, Gujarat 390025, India",
        "name": "Shree krishna banglows",
        "locationConfidence": 1.9049855
      }, {
        "latitudeE7": 222881126,
        "longitudeE7": 732401352,
        "placeId": "ChIJ5f9w8XHFXzkRfxVtbpRLM6c",
        "locationConfidence": 1.7568164
      }, {
        "latitudeE7": 222843595,
        "longitudeE7": 732414907,
        "placeId": "ChIJdQgDcG3FXzkRm-VZXoKY94E",
        "address": "C-84 Nilamber Villa, Kubereshwar Marg, Prarthana Tenements, Goverdhan Twp, Kendranagar, Vadodara, Gujarat 390025, India",
        "name": "Nilamber Villa Society",
        "locationConfidence": 1.3143443
      }, {
        "latitudeE7": 222833020,
        "longitudeE7": 732420730,
        "placeId": "ChIJj56gQ23FXzkRv3cbusWJJoQ",
        "address": "1, Kubereshwar Marg, Goverdhan Twp, Kendranagar, Vadodara, Gujarat 390025, India",
        "name": "Nilamber Bungalows-3",
        "locationConfidence": 0.91408426
      }, {
        "latitudeE7": 222845084,
        "longitudeE7": 732389889,
        "placeId": "ChIJdduc93LFXzkR02xH4K7OADQ",
        "address": "A 13 Shree vallabha duplex 2,Kubereshwar Marg, Dabhoi-, Ring Rd, Prarthana Tenements, Goverdhan Twp, Waghodia, Vadodara, Gujarat 390025, India",
        "name": "Shree Vallabha Duplex 2",
        "locationConfidence": 0.6112714
      }, {
        "latitudeE7": 222847900,
        "longitudeE7": 732382010,
        "placeId": "ChIJjUorq3PFXzkRyP5QF-nZUGg",
        "address": "Gamthi, Shop No. 4, Near Jate Blue Opp HDFC Bank, Productivity Road, Alka Puri CO- BIBA APPARELS PVT.LTD, 2, Goverdhan Twp, Kendranagar, Vadodara, Gujarat 390007, India",
        "name": "BIBA",
        "locationConfidence": 0.539194
      }, {
        "latitudeE7": 222845923,
        "longitudeE7": 732382017,
        "placeId": "ChIJV1VVVXLFXzkR61D38PtSUuo",
        "address": "Goverdhan Twp, Kendranagar, Vadodara, Gujarat 390025, India",
        "name": "Crystal School (Eng)",
        "locationConfidence": 0.46273053
      }],
      "editConfirmationStatus": "NOT_CONFIRMED",
      "locationConfidence": 51,
      "placeVisitType": "SINGLE_PLACE",
      "placeVisitImportance": "MAIN"
    }
  }, {
    "activitySegment": {
      "startLocation": {
        "latitudeE7": 222846286,
        "longitudeE7": 732406543
      },
      "endLocation": {
        "latitudeE7": 222682216,
        "longitudeE7": 732017655,
        "sourceInfo": {
          "deviceTag": 1755654135
        }
      },
      "duration": {
        "startTimestamp": "2019-02-03T07:16:18.095Z",
        "endTimestamp": "2019-03-04T03:27:09.845Z"
      },
      "activityType": "UNKNOWN_ACTIVITY_TYPE",
      "activities": [{
        "activityType": "UNKNOWN_ACTIVITY_TYPE",
        "probability": 0.0
      }],
      "simplifiedRawPath": {
        "points": [{
          "latE7": 222833021,
          "lngE7": 732140547,
          "accuracyMeters": 300,
          "timestamp": "2019-02-17T14:07:14.741Z"
        }],
        "source": "BACKFILLED",
        "distanceMeters": 4881.344539650615
      }
    }
  }]
}