{
  "timelineObjects": [{
    "placeVisit": {
      "location": {
        "latitudeE7": 222681885,
        "longitudeE7": 732018433,
        "placeId": "ChIJE7zdOcbFXzkR1i-ZesiimTU",
        "address": "SF-1-12, Kabir Plaza, NR Kabir Complex, Bhavan\u0027s Makarpur road, Makarpura, Vadodara, Gujarat 390011, India",
        "name": "IIT Ashram Makarpura",
        "sourceInfo": {
          "deviceTag": 1755654135
        },
        "locationConfidence": 63.25623
      },
      "duration": {
        "startTimestamp": "2019-03-04T03:27:09.845Z",
        "endTimestamp": "2019-03-04T08:40:11.514Z"
      },
      "placeConfidence": "LOW_CONFIDENCE",
      "centerLatE7": 222687633,
      "centerLngE7": 732021833,
      "visitConfidence": 90,
      "otherCandidateLocations": [{
        "latitudeE7": 222674675,
        "longitudeE7": 732017670,
        "placeId": "ChIJN4KxJMbFXzkRIZ8hDI3WT-w",
        "address": "S/104, Makarpura Rd, GIDC Industrial Area, Manjalpur, Vadodara, Gujarat 390010, India",
        "locationConfidence": 3.5609338
      }, {
        "latitudeE7": 222697090,
        "longitudeE7": 732029030,
        "placeId": "ChIJ8agiAsfFXzkRIBBGqSft248",
        "address": "Opp.Bhavans School, Krupal Society, Manjalpur, Vadodara, Gujarat 390010, India",
        "name": "Spice Nation",
        "locationConfidence": 3.4444537
      }, {
        "latitudeE7": 222685620,
        "longitudeE7": 732004340,
        "placeId": "ChIJQzAJe8bFXzkRi0WeAHMqCrc",
        "address": "GIDC Industrial Area,Manjalpur, GIDC Industrial Area, Manjalpur, Vadodara, Gujarat 390009, India",
        "name": "Kabir Complex",
        "locationConfidence": 3.0616972
      }, {
        "latitudeE7": 222583253,
        "longitudeE7": 732073449,
        "placeId": "ChIJI3RBoLXFXzkRm2t2fBESVwo",
        "address": "36 VIP View Complex VIP Road, 1st Floor, VIP View Complex, Near - HDFC Bank, Tarsali, Vadodara, Gujarat 390009, India",
        "name": "Translation Service in Vadodara",
        "locationConfidence": 2.2362702
      }, {
        "latitudeE7": 222682769,
        "longitudeE7": 732019703,
        "placeId": "ChIJ_____zjEXzkRC5eFbGhN0iQ",
        "address": "B-5, Yogeshwar Park Society, Makarpura Rd, Krupal Society, Manjalpur, Vadodara, Gujarat 390009, India",
        "name": "Consulting Eye Surgeon",
        "locationConfidence": 1.4001667
      }, {
        "latitudeE7": 222683041,
        "longitudeE7": 732006239,
        "placeId": "ChIJ0dGvaMbFXzkRALOFbj2kEGg",
        "locationConfidence": 0.45649043
      }, {
        "latitudeE7": 222682942,
        "longitudeE7": 732008487,
        "placeId": "ChIJUy7YltzFXzkRBESFDiWlVtw",
        "address": "5,6 \u0026 7 Parth Avenue,kabir Complex, TO, Tulshi Dham Rd, GIDC Industrial Area, Manjalpur, Vadodara, Gujarat 390011, India",
        "name": "Samsung SmartPlaza Sun Enterprises",
        "locationConfidence": 4.7518296
      }, {
        "latitudeE7": 222676579,
        "longitudeE7": 732020495,
        "placeId": "ChIJ2UJ6N8bFXzkR6rB_WPyVQzM",
        "address": "Kabir Plaza, Shop No 1517,Ground Floor, Shop No 1115, 1st Floor Bhavan\u0027s, Makarpura Rd, Opposite Novino Batteries, Anand Baug Society, Tarsali, Vadodara, Gujarat 390009, India",
        "name": "Kotak Mahindra Bank",
        "locationConfidence": 1.7501448,
        "isCurrentLocation": true
      }, {
        "latitudeE7": 222682695,
        "longitudeE7": 732021846,
        "placeId": "ChIJdc0TT8bFXzkRf7zOFHFO7m4",
        "address": "201,Saraswati Complex Opp. Manjalpur Atithi Gruh, Vaishnavdevi society, Manjalpur, Vadodara, Gujarat 390011, India",
        "name": "Unique Edcation",
        "locationConfidence": 1.457482
      }, {
        "latitudeE7": 222678069,
        "longitudeE7": 732019360,
        "placeId": "ChIJRQ-QR8bFXzkRgzvnpzqsGxc",
        "address": "Shop No 5 to 13, Kabir Plaza, Makarpura Rd, Near Kabir Complex, GIDC Industrial Area, Manjalpur, Vadodara, Gujarat 390010, India",
        "name": "IDBI Bank ATM-Manjalpur Branch",
        "locationConfidence": 0.82531255
      }, {
        "latitudeE7": 222678884,
        "longitudeE7": 732018225,
        "placeId": "ChIJSc8gR8bFXzkRGsblozQBnlk",
        "address": "7692+4PP, GIDC Industrial Area, Manjalpur, Vadodara, Gujarat 390009, India",
        "name": "IDBI Bank",
        "locationConfidence": 0.69530624
      }],
      "editConfirmationStatus": "NOT_CONFIRMED",
      "locationConfidence": 55,
      "placeVisitType": "SINGLE_PLACE",
      "placeVisitImportance": "MAIN"
    }
  }, {
    "activitySegment": {
      "startLocation": {
        "latitudeE7": 222682603,
        "longitudeE7": 732020816,
        "sourceInfo": {
          "deviceTag": 1755654135
        }
      },
      "endLocation": {
        "latitudeE7": 222833262,
        "longitudeE7": 732141400,
        "sourceInfo": {
          "deviceTag": 1755654135
        }
      },
      "duration": {
        "startTimestamp": "2019-03-04T08:40:11.514Z",
        "endTimestamp": "2019-03-04T08:46:37.395Z"
      },
      "distance": 2434,
      "activityType": "MOTORCYCLING",
      "confidence": "MEDIUM",
      "activities": [{
        "activityType": "MOTORCYCLING",
        "probability": 70.87110419437147
      }, {
        "activityType": "IN_PASSENGER_VEHICLE",
        "probability": 27.26273465935724
      }, {
        "activityType": "WALKING",
        "probability": 1.5560273694644018
      }],
      "waypointPath": {
        "waypoints": [{
          "latE7": 222680854,
          "lngE7": 732020645
        }, {
          "latE7": 222832889,
          "lngE7": 732141265
        }],
        "source": "BACKFILLED",
        "distanceMeters": 2657.1466391261743,
        "travelMode": "TWO_WHEELER",
        "confidence": 1.0
      }
    }
  }, {
    "placeVisit": {
      "location": {
        "latitudeE7": 222840148,
        "longitudeE7": 732408315,
        "placeId": "ChIJ_RqQnHLFXzkRgQkmFsn8wGo",
        "address": "E-64/65, E-64/65, Kubereshwar Marg, Parn Vihar Society, Goverdhan Twp, Kendranagar, Vadodara, Gujarat 390025, India",
        "name": "Parn Vihar Society",
        "sourceInfo": {
          "deviceTag": 1755654135
        },
        "locationConfidence": 80.56575
      },
      "duration": {
        "startTimestamp": "2019-03-06T14:39:53.053Z",
        "endTimestamp": "2019-03-06T15:20:43.115Z"
      },
      "placeConfidence": "MEDIUM_CONFIDENCE",
      "centerLatE7": 222848022,
      "centerLngE7": 732405078,
      "visitConfidence": 90,
      "otherCandidateLocations": [{
        "latitudeE7": 222843595,
        "longitudeE7": 732414907,
        "placeId": "ChIJdQgDcG3FXzkRm-VZXoKY94E",
        "address": "C-84 Nilamber Villa, Kubereshwar Marg, Prarthana Tenements, Goverdhan Twp, Kendranagar, Vadodara, Gujarat 390025, India",
        "name": "Nilamber Villa Society",
        "locationConfidence": 4.5499864
      }, {
        "latitudeE7": 222843704,
        "longitudeE7": 732410736,
        "placeId": "ChIJD5QEaW3FXzkRSrS1h3atOlk",
        "address": "34, Kubereshwar Marg, Prarthana Tenements, Goverdhan Twp, Kendranagar, Vadodara, Gujarat 390025, India",
        "locationConfidence": 2.926424
      }, {
        "latitudeE7": 222881126,
        "longitudeE7": 732401352,
        "placeId": "ChIJ5f9w8XHFXzkRfxVtbpRLM6c",
        "locationConfidence": 1.3969336
      }, {
        "latitudeE7": 222837052,
        "longitudeE7": 732382395,
        "placeId": "ChIJ9Zkw7HLFXzkRAtL4EARmIyk",
        "locationConfidence": 0.89916676
      }, {
        "latitudeE7": 222858108,
        "longitudeE7": 732422913,
        "placeId": "ChIJnydPl23FXzkRUzaTyBfrg5M",
        "address": "Radhe Pushti Bunglows near Goverdhan Township Narayan Vidhyalay Road,Dabhoi, 76PR+8W4, Ring Road, Goverdhan Twp, Waghodia, Vadodara, Gujarat 390025, India",
        "name": "Radhe Pushti Bungalows",
        "locationConfidence": 0.6255599
      }, {
        "latitudeE7": 222845084,
        "longitudeE7": 732389889,
        "placeId": "ChIJdduc93LFXzkR02xH4K7OADQ",
        "address": "A 13 Shree vallabha duplex 2,Kubereshwar Marg, Dabhoi-, Ring Rd, Prarthana Tenements, Goverdhan Twp, Waghodia, Vadodara, Gujarat 390025, India",
        "name": "Shree Vallabha Duplex 2",
        "locationConfidence": 0.45375982
      }],
      "editConfirmationStatus": "NOT_CONFIRMED",
      "locationConfidence": 67,
      "placeVisitType": "SINGLE_PLACE",
      "placeVisitImportance": "MAIN"
    }
  }, {
    "placeVisit": {
      "location": {
        "latitudeE7": 222676105,
        "longitudeE7": 732020264,
        "placeId": "ChIJE7zdOcbFXzkR1i-ZesiimTU",
        "address": "SF-1-12, Kabir Plaza, NR Kabir Complex, Bhavan\u0027s Makarpur road, Makarpura, Vadodara, Gujarat 390011, India",
        "name": "IIT Ashram Makarpura",
        "sourceInfo": {
          "deviceTag": 1755654135
        },
        "locationConfidence": 74.44914
      },
      "duration": {
        "startTimestamp": "2019-03-10T06:05:53.279Z",
        "endTimestamp": "2019-03-10T06:13:54.051Z"
      },
      "placeConfidence": "LOW_CONFIDENCE",
      "centerLatE7": 222673417,
      "centerLngE7": 732021350,
      "visitConfidence": 86,
      "otherCandidateLocations": [{
        "latitudeE7": 222685620,
        "longitudeE7": 732004340,
        "placeId": "ChIJQzAJe8bFXzkRi0WeAHMqCrc",
        "address": "GIDC Industrial Area,Manjalpur, GIDC Industrial Area, Manjalpur, Vadodara, Gujarat 390009, India",
        "name": "Kabir Complex",
        "locationConfidence": 5.219862
      }, {
        "latitudeE7": 222674675,
        "longitudeE7": 732017670,
        "placeId": "ChIJN4KxJMbFXzkRIZ8hDI3WT-w",
        "address": "S/104, Makarpura Rd, GIDC Industrial Area, Manjalpur, Vadodara, Gujarat 390010, India",
        "locationConfidence": 3.0465384
      }, {
        "latitudeE7": 222676579,
        "longitudeE7": 732020495,
        "placeId": "ChIJ2UJ6N8bFXzkR6rB_WPyVQzM",
        "address": "Kabir Plaza, Shop No 1517,Ground Floor, Shop No 1115, 1st Floor Bhavan\u0027s, Makarpura Rd, Opposite Novino Batteries, Anand Baug Society, Tarsali, Vadodara, Gujarat 390009, India",
        "name": "Kotak Mahindra Bank",
        "locationConfidence": 2.8802004
      }, {
        "latitudeE7": 222672993,
        "longitudeE7": 732020352,
        "placeId": "ChIJ3aF-N8bFXzkRQiSShHF7sfs",
        "address": "GF 26 Kabir Plaza, Makarpura Rd, nr. Kabir Complex, GIDC Industrial Area, Manjalpur, Vadodara, Gujarat 390009, India",
        "name": "Mama Tea Stall",
        "locationConfidence": 1.5781975
      }, {
        "latitudeE7": 222670854,
        "longitudeE7": 732018332,
        "placeId": "ChIJdRrsMSTEXzkRj_0LQebymAk",
        "address": "201, Kabir Complex, Makarpura Rd, Near Don Bosco School, GIDC Industrial Area, Manjalpur, Vadodara, Gujarat 390010, India",
        "name": "Gupta Hospital",
        "locationConfidence": 1.2632073
      }, {
        "latitudeE7": 222682942,
        "longitudeE7": 732008487,
        "placeId": "ChIJUy7YltzFXzkRBESFDiWlVtw",
        "address": "5,6 \u0026 7 Parth Avenue,kabir Complex, TO, Tulshi Dham Rd, GIDC Industrial Area, Manjalpur, Vadodara, Gujarat 390011, India",
        "name": "Samsung SmartPlaza Sun Enterprises",
        "locationConfidence": 0.96235144
      }, {
        "latitudeE7": 222675170,
        "longitudeE7": 732021350,
        "placeId": "ChIJ77xpN8bFXzkRUQmUlmGHjwU",
        "address": "24, Kabir Plaza Nr,Don Bosco school, GIDC Industrial Area, Makarpura, Vadodara, Gujarat 390009, India",
        "name": "Mega Bites Fast Food",
        "locationConfidence": 0.7147642
      }, {
        "latitudeE7": 222669825,
        "longitudeE7": 732018909,
        "placeId": "ChIJdRrsMSTEXzkRj_0LQebymAk",
        "address": "201, Kabir Complex, Makarpura Rd, Near Don Bosco School, GIDC Industrial Area, Manjalpur, Vadodara, Gujarat 390010, India",
        "name": "Gupta Hospital",
        "locationConfidence": 0.52452487
      }],
      "editConfirmationStatus": "NOT_CONFIRMED",
      "locationConfidence": 62,
      "placeVisitType": "SINGLE_PLACE",
      "placeVisitImportance": "MAIN"
    }
  }, {
    "placeVisit": {
      "location": {
        "latitudeE7": 222840148,
        "longitudeE7": 732408315,
        "placeId": "ChIJ_RqQnHLFXzkRgQkmFsn8wGo",
        "address": "E-64/65, E-64/65, Kubereshwar Marg, Parn Vihar Society, Goverdhan Twp, Kendranagar, Vadodara, Gujarat 390025, India",
        "name": "Parn Vihar Society",
        "sourceInfo": {
          "deviceTag": 1755654135
        },
        "locationConfidence": 54.937424
      },
      "duration": {
        "startTimestamp": "2019-03-18T16:50:17.106Z",
        "endTimestamp": "2019-03-18T16:55:36.799Z"
      },
      "placeConfidence": "LOW_CONFIDENCE",
      "centerLatE7": 222841765,
      "centerLngE7": 732396590,
      "visitConfidence": 87,
      "otherCandidateLocations": [{
        "latitudeE7": 222837052,
        "longitudeE7": 732382395,
        "placeId": "ChIJ9Zkw7HLFXzkRAtL4EARmIyk",
        "locationConfidence": 9.410241
      }, {
        "latitudeE7": 222843704,
        "longitudeE7": 732410736,
        "placeId": "ChIJD5QEaW3FXzkRSrS1h3atOlk",
        "address": "34, Kubereshwar Marg, Prarthana Tenements, Goverdhan Twp, Kendranagar, Vadodara, Gujarat 390025, India",
        "locationConfidence": 6.5462484
      }, {
        "latitudeE7": 222841726,
        "longitudeE7": 732397468,
        "placeId": "ChIJhRPUVRfFXzkRrZYuvm8Rlkk",
        "locationConfidence": 3.4342723
      }, {
        "latitudeE7": 222831952,
        "longitudeE7": 732377527,
        "placeId": "ChIJJexpRXPFXzkRBWn8ELBbgqA",
        "address": "76MQ+74C, Dabhoi - Waghodia Ring Rd, Goverdhan Twp, Kendranagar, Vadodara, Gujarat 390025, India",
        "name": "Tirth Bungalows",
        "locationConfidence": 2.6681836
      }, {
        "latitudeE7": 222836654,
        "longitudeE7": 732404207,
        "placeId": "ChIJhbPhmXLFXzkRoi_stz9pFkw",
        "address": "Devashish Bunglows Kubereshwar Marg, Dabhoi - Waghodia Ring Rd, Goverdhan Twp, Kendranagar, Vadodara, Gujarat 390025, India",
        "name": "Devashish Bungalows",
        "locationConfidence": 2.4673307
      }, {
        "latitudeE7": 222845923,
        "longitudeE7": 732382016,
        "placeId": "ChIJ_zrxMpnFXzkRj28HosP92dw",
        "address": "76MQ+R7P, Goverdhan Twp, Kendranagar, Vadodara, Gujarat 390025, India",
        "name": "Rishi Park",
        "locationConfidence": 2.321682
      }, {
        "latitudeE7": 222881126,
        "longitudeE7": 732401352,
        "placeId": "ChIJ5f9w8XHFXzkRfxVtbpRLM6c",
        "locationConfidence": 1.9996158
      }, {
        "latitudeE7": 222845084,
        "longitudeE7": 732389889,
        "placeId": "ChIJdduc93LFXzkR02xH4K7OADQ",
        "address": "A 13 Shree vallabha duplex 2,Kubereshwar Marg, Dabhoi-, Ring Rd, Prarthana Tenements, Goverdhan Twp, Waghodia, Vadodara, Gujarat 390025, India",
        "name": "Shree Vallabha Duplex 2",
        "locationConfidence": 1.1941913
      }, {
        "latitudeE7": 222844951,
        "longitudeE7": 732393909,
        "placeId": "ChIJVYU39HLFXzkRiZ9p8hZVO1c",
        "address": "A 10-12, Aangan Tenements, Kubereshwar Marg, Prarthana Tenements, Goverdhan Twp, Kendranagar, Vadodara, Gujarat 390019, India",
        "name": "Shree Sharda Minerals",
        "locationConfidence": 0.65784425
      }, {
        "latitudeE7": 222847900,
        "longitudeE7": 732382010,
        "placeId": "ChIJjUorq3PFXzkRyP5QF-nZUGg",
        "address": "Gamthi, Shop No. 4, Near Jate Blue Opp HDFC Bank, Productivity Road, Alka Puri CO- BIBA APPARELS PVT.LTD, 2, Goverdhan Twp, Kendranagar, Vadodara, Gujarat 390007, India",
        "name": "BIBA",
        "locationConfidence": 0.5981356
      }, {
        "latitudeE7": 222841755,
        "longitudeE7": 732402059,
        "placeId": "ChIJAUpNYwXFXzkRY6XvXalBKNw",
        "address": "E-64/65, Kubereshwar Marg, Parn Vihar Society, Goverdhan Twp, Kendranagar, Vadodara, Gujarat 390025, India",
        "name": "Shree krishna banglows",
        "locationConfidence": 0.49636638
      }],
      "editConfirmationStatus": "NOT_CONFIRMED",
      "locationConfidence": 50,
      "placeVisitType": "SINGLE_PLACE",
      "placeVisitImportance": "MAIN"
    }
  }]
}