{
  "timelineObjects": [{
    "placeVisit": {
      "location": {
        "latitudeE7": 222840148,
        "longitudeE7": 732408315,
        "placeId": "ChIJ_RqQnHLFXzkRgQkmFsn8wGo",
        "address": "E-64/65,, E-64/65, Kubereshwar Marg, Parn Vihar Society, Goverdhan Township, Kendranagar, Vadodara, Gujarat 390025, India",
        "name": "Parn Vihar Society",
        "sourceInfo": {
          "deviceTag": 1755654135
        },
        "locationConfidence": 71.99236
      },
      "duration": {
        "startTimestamp": "2018-09-05T10:02:42.270Z",
        "endTimestamp": "2018-09-05T10:53:16.309Z"
      },
      "placeConfidence": "MEDIUM_CONFIDENCE",
      "centerLatE7": 222842650,
      "centerLngE7": 732391200,
      "visitConfidence": 87,
      "otherCandidateLocations": [{
        "latitudeE7": 222843704,
        "longitudeE7": 732410736,
        "placeId": "ChIJD5QEaW3FXzkRSrS1h3atOlk",
        "address": "34, Kubereshwar Marg, Prarthana Tenements, Goverdhan Twp, Kendranagar, Vadodara, Gujarat 390025, India",
        "locationConfidence": 3.9807673
      }, {
        "latitudeE7": 222845923,
        "longitudeE7": 732382017,
        "placeId": "ChIJV1VVVXLFXzkR61D38PtSUuo",
        "address": "Goverdhan Twp, Kendranagar, Vadodara, Gujarat 390025, India",
        "name": "Crystal School (Eng)",
        "locationConfidence": 3.031924
      }, {
        "latitudeE7": 222837052,
        "longitudeE7": 732382395,
        "placeId": "ChIJ9Zkw7HLFXzkRAtL4EARmIyk",
        "name": "कृष्णा रेसिडेन्सी",
        "locationConfidence": 2.34184
      }, {
        "latitudeE7": 222881126,
        "longitudeE7": 732401352,
        "placeId": "ChIJSXdhwnHFXzkRLsckCdR1cgE",
        "address": "f 63, Waghodia Rd, Pariwar Char Rasta, Kendranagar, Vadodara, Gujarat 390025, India",
        "locationConfidence": 1.9915302
      }, {
        "latitudeE7": 222845084,
        "longitudeE7": 732389889,
        "placeId": "ChIJdduc93LFXzkR02xH4K7OADQ",
        "address": "A 13 Shree vallabha duplex 2,Kubereshwar Marg, Dabhoi-, Ring Rd, Prarthana Tenements, Goverdhan Twp, Waghodia, Vadodara, Gujarat 390025, India",
        "name": "Shree Vallabha Duplex 2",
        "locationConfidence": 1.9747003
      }, {
        "latitudeE7": 222843595,
        "longitudeE7": 732414907,
        "placeId": "ChIJdQgDcG3FXzkRm-VZXoKY94E",
        "address": "C-84 Nilamber Villa, Kubereshwar Marg, Prarthana Tenements, Goverdhan Twp, Kendranagar, Vadodara, Gujarat 390025, India",
        "name": "Nilamber Villa Society",
        "locationConfidence": 1.6225656
      }, {
        "latitudeE7": 222844513,
        "longitudeE7": 732382466,
        "placeId": "ChIJvSvQ_3LFXzkRRySVsgPmElg",
        "address": "B-52, Kubereshwar Marg, Goverdhan Twp, Kendranagar, Vadodara, Gujarat 390025, India",
        "name": "Shri Kubereshwar Mandir",
        "locationConfidence": 0.8063948
      }, {
        "latitudeE7": 222841427,
        "longitudeE7": 732373550,
        "placeId": "ChIJjzXLCHPFXzkRcbnDOfgWT-o",
        "name": "Sai Services",
        "locationConfidence": 0.5472428
      }, {
        "latitudeE7": 222842500,
        "longitudeE7": 732380270,
        "placeId": "ChIJjeSCAXPFXzkRNi5y9WjZjbg",
        "name": "Raj Hair Saloon",
        "locationConfidence": 0.5265865
      }],
      "editConfirmationStatus": "NOT_CONFIRMED",
      "locationConfidence": 67,
      "placeVisitType": "SINGLE_PLACE",
      "placeVisitImportance": "MAIN"
    }
  }, {
    "activitySegment": {
      "startLocation": {
        "latitudeE7": 222850458,
        "longitudeE7": 732387196,
        "sourceInfo": {
          "deviceTag": 1755654135
        }
      },
      "endLocation": {
        "latitudeE7": 222902020,
        "longitudeE7": 732355630,
        "sourceInfo": {
          "deviceTag": 1755654135
        }
      },
      "duration": {
        "startTimestamp": "2018-09-05T10:53:16.309Z",
        "endTimestamp": "2018-09-05T10:58:39.582Z"
      },
      "distance": 682,
      "activityType": "MOTORCYCLING",
      "confidence": "MEDIUM",
      "activities": [{
        "activityType": "MOTORCYCLING",
        "probability": 71.746207523845
      }, {
        "activityType": "IN_PASSENGER_VEHICLE",
        "probability": 24.783474586609287
      }, {
        "activityType": "WALKING",
        "probability": 2.093877594499001
      }],
      "waypointPath": {
        "waypoints": [{
          "latE7": 222850399,
          "lngE7": 732387924
        }, {
          "latE7": 222874927,
          "lngE7": 732342987
        }, {
          "latE7": 222903842,
          "lngE7": 732355804
        }],
        "source": "INFERRED",
        "distanceMeters": 1123.1573586299362
      },
      "editConfirmationStatus": "NOT_CONFIRMED",
      "parkingEvent": {
        "location": {
          "latitudeE7": 222902485,
          "longitudeE7": 732358999,
          "accuracyMetres": 100
        },
        "method": "END_OF_ACTIVITY_SEGMENT",
        "locationSource": "UNKNOWN",
        "timestamp": "2018-09-05T10:58:39.582Z"
      }
    }
  }, {
    "placeVisit": {
      "location": {
        "latitudeE7": 222902020,
        "longitudeE7": 732355630,
        "placeId": "ChIJj4HD1XDFXzkRTfwrqWcP90w",
        "address": "5th Floor, Nathdwara Avenue, Opp. Rukashmani Party Plot, Nr. Parivar Cross road, Waghodia Dabhoi Ring road, Waghodia, Vadodara, Gujarat 390025, India",
        "name": "Fitness Track Gym",
        "sourceInfo": {
          "deviceTag": 1755654135
        },
        "locationConfidence": 74.797226
      },
      "duration": {
        "startTimestamp": "2018-09-05T10:58:39.582Z",
        "endTimestamp": "2018-09-05T12:37:44.783Z"
      },
      "placeConfidence": "MEDIUM_CONFIDENCE",
      "centerLatE7": 222904494,
      "centerLngE7": 732359111,
      "visitConfidence": 88,
      "otherCandidateLocations": [{
        "latitudeE7": 222902411,
        "longitudeE7": 732356156,
        "placeId": "ChIJZ5H1KXHFXzkRMeqmmaxfzvU",
        "address": "Dhaboi Waghodiya Road, 76RP+47Q, Waghodia, Vadodara, Gujarat 390025, India",
        "name": "Nathdwara Avenue",
        "locationConfidence": 7.160009
      }, {
        "latitudeE7": 222903795,
        "longitudeE7": 732364095,
        "placeId": "ChIJVezZ3nDFXzkRoDj1LBH1Gg0",
        "address": "76RP+5HF, inside Rukshmani party plot, Kendranagar, Vadodara, Gujarat 390025, India",
        "name": "Rukshmani Party Plot",
        "locationConfidence": 1.8525003
      }, {
        "latitudeE7": 222903215,
        "longitudeE7": 732356773,
        "placeId": "ChIJ7Tpa1nDFXzkRmNaR3nui_tE",
        "address": "76RP+47F, Waghodia, Vadodara, Gujarat 390025, India",
        "name": "Bansi Restaurant",
        "locationConfidence": 0.48923218
      }, {
        "latitudeE7": 222915110,
        "longitudeE7": 732370770,
        "placeId": "ChIJdzhKosHZXzkR-1KB21bC6rg",
        "address": "35, 36, Jasraj Complex, Dabhoi - Waghodia Ring Rd, near Pariwar char rasta, Near Parivar Char Rasta, Krushnakunj, Kendranagar, Vadodara, Gujarat 390019, India",
        "name": "Bhagwati Clinic",
        "locationConfidence": 0.26922107
      }],
      "editConfirmationStatus": "NOT_CONFIRMED",
      "locationConfidence": 69,
      "placeVisitType": "SINGLE_PLACE",
      "placeVisitImportance": "MAIN"
    }
  }, {
    "activitySegment": {
      "startLocation": {
        "latitudeE7": 222908616,
        "longitudeE7": 732360468,
        "sourceInfo": {
          "deviceTag": 1755654135
        }
      },
      "endLocation": {
        "latitudeE7": 222840148,
        "longitudeE7": 732408315,
        "sourceInfo": {
          "deviceTag": 1755654135
        }
      },
      "duration": {
        "startTimestamp": "2018-09-05T12:37:44.783Z",
        "endTimestamp": "2018-09-05T12:45:01.083Z"
      },
      "distance": 906,
      "activityType": "MOTORCYCLING",
      "confidence": "LOW",
      "activities": [{
        "activityType": "MOTORCYCLING",
        "probability": 53.53806351200778
      }, {
        "activityType": "IN_PASSENGER_VEHICLE",
        "probability": 27.111025545381214
      }, {
        "activityType": "WALKING",
        "probability": 16.36250069701613
      }],
      "waypointPath": {
        "waypoints": [{
          "latE7": 222907829,
          "lngE7": 732362060
        }, {
          "latE7": 222930736,
          "lngE7": 732374954
        }, {
          "latE7": 222840423,
          "lngE7": 732408294
        }],
        "source": "INFERRED",
        "distanceMeters": 2012.534260096969
      },
      "simplifiedRawPath": {
        "points": [{
          "latE7": 222908616,
          "lngE7": 732360468,
          "accuracyMeters": 28,
          "timestamp": "2018-09-05T12:37:44.783Z"
        }]
      },
      "editConfirmationStatus": "NOT_CONFIRMED",
      "parkingEvent": {
        "location": {
          "latitudeE7": 222898574,
          "longitudeE7": 732368712,
          "accuracyMetres": 147
        },
        "method": "END_OF_ACTIVITY_SEGMENT",
        "locationSource": "UNKNOWN",
        "timestamp": "2018-09-05T12:45:01.121Z"
      }
    }
  }, {
    "placeVisit": {
      "location": {
        "latitudeE7": 222840148,
        "longitudeE7": 732408315,
        "placeId": "ChIJ_RqQnHLFXzkRgQkmFsn8wGo",
        "address": "E-64/65,, E-64/65, Kubereshwar Marg, Parn Vihar Society, Goverdhan Township, Kendranagar, Vadodara, Gujarat 390025, India",
        "name": "Parn Vihar Society",
        "sourceInfo": {
          "deviceTag": 1755654135
        },
        "locationConfidence": 79.28618
      },
      "duration": {
        "startTimestamp": "2018-09-05T12:45:01.083Z",
        "endTimestamp": "2018-09-05T13:19:48.987Z"
      },
      "placeConfidence": "MEDIUM_CONFIDENCE",
      "centerLatE7": 222844071,
      "centerLngE7": 732406471,
      "visitConfidence": 88,
      "otherCandidateLocations": [{
        "latitudeE7": 222843704,
        "longitudeE7": 732410736,
        "placeId": "ChIJD5QEaW3FXzkRSrS1h3atOlk",
        "address": "34, Kubereshwar Marg, Prarthana Tenements, Goverdhan Twp, Kendranagar, Vadodara, Gujarat 390025, India",
        "locationConfidence": 4.403939
      }, {
        "latitudeE7": 222843595,
        "longitudeE7": 732414907,
        "placeId": "ChIJdQgDcG3FXzkRm-VZXoKY94E",
        "address": "C-84 Nilamber Villa, Kubereshwar Marg, Prarthana Tenements, Goverdhan Twp, Kendranagar, Vadodara, Gujarat 390025, India",
        "name": "Nilamber Villa Society",
        "locationConfidence": 2.415384
      }, {
        "latitudeE7": 222881126,
        "longitudeE7": 732401352,
        "placeId": "ChIJSXdhwnHFXzkRLsckCdR1cgE",
        "address": "f 63, Waghodia Rd, Pariwar Char Rasta, Kendranagar, Vadodara, Gujarat 390025, India",
        "locationConfidence": 1.677308
      }, {
        "latitudeE7": 222836654,
        "longitudeE7": 732404207,
        "placeId": "ChIJhbPhmXLFXzkRoi_stz9pFkw",
        "address": "Devashish Bunglows Kubereshwar Marg, Dabhoi - Waghodia Ring Rd, Goverdhan Twp, Kendranagar, Vadodara, Gujarat 390025, India",
        "name": "Devashish Bunglows",
        "locationConfidence": 1.1808422
      }, {
        "latitudeE7": 222837052,
        "longitudeE7": 732382395,
        "placeId": "ChIJ9Zkw7HLFXzkRAtL4EARmIyk",
        "name": "कृष्णा रेसिडेन्सी",
        "locationConfidence": 0.96143335
      }, {
        "latitudeE7": 222833020,
        "longitudeE7": 732420730,
        "placeId": "ChIJj56gQ23FXzkRv3cbusWJJoQ",
        "address": "1, Kubereshwar Marg, Goverdhan Twp, Kendranagar, Vadodara, Gujarat 390025, India",
        "name": "Nilamber Bungalows-3",
        "locationConfidence": 0.8267239
      }, {
        "latitudeE7": 222850399,
        "longitudeE7": 732429394,
        "placeId": "ChIJDUUQCm3FXzkRZRSNVgS83M0",
        "address": "61, Goverdhan Twp, Kendranagar, Vadodara, Gujarat 390025, India",
        "name": "Nirant Bunglows",
        "locationConfidence": 0.5857821
      }],
      "editConfirmationStatus": "NOT_CONFIRMED",
      "locationConfidence": 73,
      "placeVisitType": "SINGLE_PLACE",
      "placeVisitImportance": "MAIN"
    }
  }, {
    "activitySegment": {
      "startLocation": {
        "latitudeE7": 222845412,
        "longitudeE7": 732412348,
        "sourceInfo": {
          "deviceTag": 1755654135
        }
      },
      "endLocation": {
        "latitudeE7": 222809755,
        "longitudeE7": 732388816,
        "sourceInfo": {
          "deviceTag": 1755654135
        }
      },
      "duration": {
        "startTimestamp": "2018-09-05T13:19:48.987Z",
        "endTimestamp": "2018-09-05T13:42:42.302Z"
      },
      "distance": 780,
      "activityType": "MOTORCYCLING",
      "confidence": "MEDIUM",
      "activities": [{
        "activityType": "MOTORCYCLING",
        "probability": 82.52169001599006
      }, {
        "activityType": "IN_PASSENGER_VEHICLE",
        "probability": 10.079882403841598
      }, {
        "activityType": "WALKING",
        "probability": 4.618116803386964
      }],
      "waypointPath": {
        "waypoints": [{
          "latE7": 222845458,
          "lngE7": 732411880
        }, {
          "latE7": 222841796,
          "lngE7": 732383728
        }, {
          "latE7": 222809963,
          "lngE7": 732388763
        }],
        "source": "INFERRED",
        "distanceMeters": 1287.9635342385502
      },
      "simplifiedRawPath": {
        "points": [{
          "latE7": 222819426,
          "lngE7": 732387545,
          "accuracyMeters": 100,
          "timestamp": "2018-09-05T13:30:54.518Z"
        }]
      },
      "editConfirmationStatus": "NOT_CONFIRMED",
      "parkingEvent": {
        "location": {
          "latitudeE7": 222804594,
          "longitudeE7": 732379493,
          "accuracyMetres": 102
        },
        "method": "END_OF_ACTIVITY_SEGMENT",
        "locationSource": "UNKNOWN",
        "timestamp": "2018-09-05T13:46:11.899Z"
      }
    }
  }, {
    "placeVisit": {
      "location": {
        "latitudeE7": 222840148,
        "longitudeE7": 732408315,
        "placeId": "ChIJ_RqQnHLFXzkRgQkmFsn8wGo",
        "address": "E-64/65,, E-64/65, Kubereshwar Marg, Parn Vihar Society, Goverdhan Township, Kendranagar, Vadodara, Gujarat 390025, India",
        "name": "Parn Vihar Society",
        "sourceInfo": {
          "deviceTag": 1755654135
        },
        "locationConfidence": 82.108
      },
      "duration": {
        "startTimestamp": "2018-09-05T13:42:42.302Z",
        "endTimestamp": "2018-09-05T14:45:02.222Z"
      },
      "placeConfidence": "MEDIUM_CONFIDENCE",
      "centerLatE7": 222829397,
      "centerLngE7": 732395460,
      "visitConfidence": 88,
      "otherCandidateLocations": [{
        "latitudeE7": 222843704,
        "longitudeE7": 732410736,
        "placeId": "ChIJD5QEaW3FXzkRSrS1h3atOlk",
        "address": "34, Kubereshwar Marg, Prarthana Tenements, Goverdhan Twp, Kendranagar, Vadodara, Gujarat 390025, India",
        "locationConfidence": 3.0040202
      }, {
        "latitudeE7": 222837052,
        "longitudeE7": 732382395,
        "placeId": "ChIJ9Zkw7HLFXzkRAtL4EARmIyk",
        "name": "कृष्णा रेसिडेन्सी",
        "locationConfidence": 2.1608195,
        "isCurrentLocation": true
      }, {
        "latitudeE7": 222881126,
        "longitudeE7": 732401352,
        "placeId": "ChIJSXdhwnHFXzkRLsckCdR1cgE",
        "address": "f 63, Waghodia Rd, Pariwar Char Rasta, Kendranagar, Vadodara, Gujarat 390025, India",
        "locationConfidence": 1.5255674
      }, {
        "latitudeE7": 222836654,
        "longitudeE7": 732404207,
        "placeId": "ChIJhbPhmXLFXzkRoi_stz9pFkw",
        "address": "Devashish Bunglows Kubereshwar Marg, Dabhoi - Waghodia Ring Rd, Goverdhan Twp, Kendranagar, Vadodara, Gujarat 390025, India",
        "name": "Devashish Bunglows",
        "locationConfidence": 0.85753036
      }, {
        "latitudeE7": 222843595,
        "longitudeE7": 732414907,
        "placeId": "ChIJdQgDcG3FXzkRm-VZXoKY94E",
        "address": "C-84 Nilamber Villa, Kubereshwar Marg, Prarthana Tenements, Goverdhan Twp, Kendranagar, Vadodara, Gujarat 390025, India",
        "name": "Nilamber Villa Society",
        "locationConfidence": 0.6523259
      }, {
        "latitudeE7": 222833020,
        "longitudeE7": 732420730,
        "placeId": "ChIJj56gQ23FXzkRv3cbusWJJoQ",
        "address": "1, Kubereshwar Marg, Goverdhan Twp, Kendranagar, Vadodara, Gujarat 390025, India",
        "name": "Nilamber Bungalows-3",
        "locationConfidence": 0.52224207
      }],
      "editConfirmationStatus": "NOT_CONFIRMED",
      "locationConfidence": 75,
      "placeVisitType": "SINGLE_PLACE",
      "placeVisitImportance": "MAIN"
    }
  }, {
    "placeVisit": {
      "location": {
        "latitudeE7": 222840148,
        "longitudeE7": 732408315,
        "placeId": "ChIJ_RqQnHLFXzkRgQkmFsn8wGo",
        "address": "E-64/65,, E-64/65, Kubereshwar Marg, Parn Vihar Society, Goverdhan Township, Kendranagar, Vadodara, Gujarat 390025, India",
        "name": "Parn Vihar Society",
        "sourceInfo": {
          "deviceTag": 1755654135
        },
        "locationConfidence": 79.696266
      },
      "duration": {
        "startTimestamp": "2018-09-23T10:19:44.666Z",
        "endTimestamp": "2018-09-23T12:13:21.834Z"
      },
      "placeConfidence": "MEDIUM_CONFIDENCE",
      "centerLatE7": 222844898,
      "centerLngE7": 732411508,
      "visitConfidence": 94,
      "otherCandidateLocations": [{
        "latitudeE7": 222843595,
        "longitudeE7": 732414907,
        "placeId": "ChIJdQgDcG3FXzkRm-VZXoKY94E",
        "address": "C-84 Nilamber Villa, Kubereshwar Marg, Prarthana Tenements, Goverdhan Twp, Kendranagar, Vadodara, Gujarat 390025, India",
        "name": "Nilamber Villa Society",
        "locationConfidence": 7.3211036
      }, {
        "latitudeE7": 222839813,
        "longitudeE7": 732403870,
        "placeId": "ChIJexsnjHLFXzkRrtNxhIxv60Y",
        "address": "E-64/65, Kubereshwar Marg, Parn Vihar Society, Goverdhan Twp, Kendranagar, Vadodara, Gujarat 390025, India",
        "locationConfidence": 2.7419877
      }, {
        "latitudeE7": 222881126,
        "longitudeE7": 732401352,
        "placeId": "ChIJSXdhwnHFXzkRLsckCdR1cgE",
        "address": "f 63, Waghodia Rd, Pariwar Char Rasta, Kendranagar, Vadodara, Gujarat 390025, India",
        "locationConfidence": 1.0057309
      }, {
        "latitudeE7": 222836654,
        "longitudeE7": 732404207,
        "placeId": "ChIJhbPhmXLFXzkRoi_stz9pFkw",
        "address": "Devashish Bunglows Kubereshwar Marg, Dabhoi - Waghodia Ring Rd, Goverdhan Twp, Kendranagar, Vadodara, Gujarat 390025, India",
        "name": "Devashish Bunglows",
        "locationConfidence": 0.82686824
      }, {
        "latitudeE7": 222830501,
        "longitudeE7": 732421874,
        "placeId": "ChIJoRnORW3FXzkR92oS-rgALZM",
        "address": "1, Kubereshwar Marg, Goverdhan Twp, Kendranagar, Vadodara, Gujarat 390025, India",
        "name": "Shreeji Tirth Duplex",
        "locationConfidence": 0.7444633
      }, {
        "latitudeE7": 222850399,
        "longitudeE7": 732429394,
        "placeId": "ChIJDUUQCm3FXzkRZRSNVgS83M0",
        "address": "61, Goverdhan Twp, Kendranagar, Vadodara, Gujarat 390025, India",
        "name": "Nirant Bunglows",
        "locationConfidence": 0.5976466
      }, {
        "latitudeE7": 222859988,
        "longitudeE7": 732400114,
        "placeId": "ChIJL3ePa3LFXzkRrKAFvreY_MA",
        "address": "E-64/65, E-64/65, Kubereshwar Marg, Parn Vihar Society, Goverdhan Twp, Kendranagar, Vadodara, Gujarat 390025, India",
        "name": "Ashish home vadodara",
        "locationConfidence": 0.4896333
      }, {
        "latitudeE7": 222858108,
        "longitudeE7": 732422913,
        "placeId": "ChIJnydPl23FXzkRUzaTyBfrg5M",
        "address": "Radhe Pushti Bunglows near Goverdhan Township Narayan Vidhyalay Road,Dabhoi, 76PR+8W4, Ring Road, Goverdhan Twp, Waghodia, Vadodara, Gujarat 390025, India",
        "name": "Radhe Pushti Bunglows",
        "locationConfidence": 0.4657157
      }, {
        "latitudeE7": 222857218,
        "longitudeE7": 732423522,
        "placeId": "ChIJiZrdmW3FXzkRy4MqJkaqB-8",
        "address": "Pushti Bungalows,, 76PR+7WQ, Waghodia - Dabhoi Ring Rd, Goverdhan Twp, Waghodia, Vadodara, Gujarat 390019, India",
        "name": "Pushti Bungalows",
        "locationConfidence": 0.45801106
      }],
      "editConfirmationStatus": "NOT_CONFIRMED",
      "locationConfidence": 73,
      "placeVisitType": "SINGLE_PLACE",
      "placeVisitImportance": "MAIN"
    }
  }, {
    "activitySegment": {
      "startLocation": {
        "latitudeE7": 222844898,
        "longitudeE7": 732411508
      },
      "endLocation": {
        "latitudeE7": 222789712,
        "longitudeE7": 732310094
      },
      "duration": {
        "startTimestamp": "2018-09-23T12:13:21.834Z",
        "endTimestamp": "2018-09-24T13:30:01.503Z"
      },
      "activityType": "UNKNOWN_ACTIVITY_TYPE",
      "activities": [{
        "activityType": "UNKNOWN_ACTIVITY_TYPE",
        "probability": 0.0
      }],
      "simplifiedRawPath": {
        "points": [{
          "latE7": 222845412,
          "lngE7": 732412348,
          "accuracyMeters": 47,
          "timestamp": "2018-09-23T12:13:21.834Z"
        }, {
          "latE7": 222901823,
          "lngE7": 732355617,
          "accuracyMeters": 16,
          "timestamp": "2018-09-24T12:29:19.664Z"
        }, {
          "latE7": 222846686,
          "lngE7": 732384136,
          "accuracyMeters": 52,
          "timestamp": "2018-09-24T12:35:01.127Z"
        }, {
          "latE7": 222845412,
          "lngE7": 732412348,
          "accuracyMeters": 98,
          "timestamp": "2018-09-24T12:46:50.217Z"
        }, {
          "latE7": 222819439,
          "lngE7": 732314574,
          "accuracyMeters": 32,
          "timestamp": "2018-09-24T13:26:33.609Z"
        }],
        "source": "BACKFILLED",
        "distanceMeters": 3207.5358655483683
      }
    }
  }, {
    "placeVisit": {
      "location": {
        "latitudeE7": 222788710,
        "longitudeE7": 732310930,
        "placeId": "ChIJ0QcN8grFXzkRJfVFQSG75KU",
        "address": "2-3, Arom Complex, Soma Talav Road,Dabhoi Road, Near Soma Talav Cross Roads, Pratap Nagar, Soma Talav, Vadodara, Gujarat 390025, India",
        "name": "Radha Multi-Speciality Hospital",
        "sourceInfo": {
          "deviceTag": 1755654135
        },
        "locationConfidence": 52.32999
      },
      "duration": {
        "startTimestamp": "2018-09-24T13:30:01.503Z",
        "endTimestamp": "2018-09-24T14:04:47.525Z"
      },
      "placeConfidence": "MEDIUM_CONFIDENCE",
      "centerLatE7": 222789712,
      "centerLngE7": 732310094,
      "visitConfidence": 91,
      "otherCandidateLocations": [{
        "latitudeE7": 222788710,
        "longitudeE7": 732310930,
        "placeId": "ChIJXSWR7QrFXzkRMQ6SeAFFGI4",
        "name": "X One Saloon",
        "locationConfidence": 7.3689127
      }, {
        "latitudeE7": 222783944,
        "longitudeE7": 732316582,
        "placeId": "ChIJy0iN-QrFXzkRDrbV4c1zJ5I",
        "address": "Dabhoi Rd, Pratap Nagar, Soma Talav, Vadodara, Gujarat 390025, India",
        "name": "Swastik Party Plot",
        "locationConfidence": 3.5428348
      }, {
        "latitudeE7": 222794940,
        "longitudeE7": 732310653,
        "placeId": "ChIJdaB36grFXzkRLsZrtoxxfsw",
        "address": "Dabhoi Rd, Soma Talav Char Rasta, Uma Nagar, Soma Talav, Vadodara, Gujarat 390025, India",
        "name": "Mangalam Orthopedic Hospital",
        "locationConfidence": 2.738013
      }, {
        "latitudeE7": 222791160,
        "longitudeE7": 732306840,
        "placeId": "ChIJizRfkwrFXzkRF57EZ8t7FRc",
        "address": "Soma Talav Char Rasta, Pratap Nagar, Soma Talav, Vadodara, Gujarat 390025, India",
        "name": "Soma Talav",
        "locationConfidence": 2.7311842
      }, {
        "latitudeE7": 222788499,
        "longitudeE7": 732304429,
        "placeId": "ChIJAZiIkQrFXzkRlO51NRQ568w",
        "address": "1st Floor 39, Aarom Complex, Dabhoi Rd, Soma Talav Char Rasta, Pratap Nagar, Soma Talav, Vadodara, Gujarat 390025, India",
        "name": "Het Children Hospital",
        "locationConfidence": 1.1855448
      }, {
        "latitudeE7": 222795290,
        "longitudeE7": 732307929,
        "placeId": "ChIJZ1nwvwrFXzkRK0miTt9sMDo",
        "address": "GF - 30, Nivedanam Complex, Dabhoi Rd, Soma Talav Char Rasta, Uma Nagar, Soma Talav, Vadodara, Gujarat 390019, India",
        "name": "Hariom Watch",
        "locationConfidence": 0.8479935
      }, {
        "latitudeE7": 222789657,
        "longitudeE7": 732304893,
        "placeId": "ChIJ6ZTbkwrFXzkRvMuYVPe-E8k",
        "address": "29-32, 2nd Floor, Arom Complex, Opp. Cross Road, -390025, Dabhoi Rd, Soma Talav Char Rasta, Pratap Nagar, Soma Talav, Vadodara, Gujarat 390025, India",
        "name": "Akshar Prasuti Gruh",
        "locationConfidence": 0.67770463
      }, {
        "latitudeE7": 222795059,
        "longitudeE7": 732308410,
        "placeId": "ChIJdzhKosHZXzkRXQ9VOlXYw0o",
        "address": "FF/23, Nivedanam Complex Nr, Soma Talav Char Rasta, Uma Nagar, Kendranagar, Vadodara, Gujarat 390025, India",
        "name": "Devika Motor Training School",
        "locationConfidence": 0.59045905
      }, {
        "latitudeE7": 222795303,
        "longitudeE7": 732306301,
        "placeId": "ChIJGSJxj4fPXzkRtyYk1bc6FUE",
        "address": "Nivedanam Complex, Somatalav Char Rasta, Dabhoi - Waghodia Ring Rd, Soma Talav Char Rasta, Uma Nagar, Kendranagar, Vadodara, Gujarat 390019, India",
        "name": "Dhanvantri ENT Hospitsl",
        "locationConfidence": 0.589935
      }],
      "editConfirmationStatus": "NOT_CONFIRMED",
      "locationConfidence": 51,
      "placeVisitType": "SINGLE_PLACE",
      "placeVisitImportance": "MAIN"
    }
  }, {
    "activitySegment": {
      "startLocation": {
        "latitudeE7": 222787496,
        "longitudeE7": 732311010
      },
      "endLocation": {
        "latitudeE7": 222754895,
        "longitudeE7": 732329886
      },
      "duration": {
        "startTimestamp": "2018-09-24T14:05:27.368Z",
        "endTimestamp": "2018-09-24T14:10:05.404Z"
      },
      "distance": 411,
      "activityType": "MOTORCYCLING",
      "confidence": "MEDIUM",
      "activities": [{
        "activityType": "MOTORCYCLING",
        "probability": 68.49750318182313
      }, {
        "activityType": "IN_PASSENGER_VEHICLE",
        "probability": 20.026108685683514
      }, {
        "activityType": "WALKING",
        "probability": 7.101491331661341
      }],
      "waypointPath": {
        "waypoints": [{
          "latE7": 222790317,
          "lngE7": 732312393
        }, {
          "latE7": 222793388,
          "lngE7": 732301254
        }, {
          "latE7": 222754344,
          "lngE7": 732330551
        }],
        "source": "INFERRED",
        "distanceMeters": 977.4640856824487
      },
      "editConfirmationStatus": "NOT_CONFIRMED"
    }
  }, {
    "activitySegment": {
      "startLocation": {
        "latitudeE7": 222754895,
        "longitudeE7": 732329886
      },
      "endLocation": {
        "latitudeE7": 222930121,
        "longitudeE7": 732298885,
        "sourceInfo": {
          "deviceTag": 1755654135
        }
      },
      "duration": {
        "startTimestamp": "2018-09-24T14:10:05.404Z",
        "endTimestamp": "2018-09-28T13:13:07.772Z"
      },
      "activityType": "UNKNOWN_ACTIVITY_TYPE",
      "activities": [{
        "activityType": "UNKNOWN_ACTIVITY_TYPE",
        "probability": 0.0
      }],
      "simplifiedRawPath": {
        "points": [{
          "latE7": 222765865,
          "lngE7": 732324876,
          "accuracyMeters": 500,
          "timestamp": "2018-09-24T14:16:13.336Z"
        }, {
          "latE7": 222754388,
          "lngE7": 732335752,
          "accuracyMeters": 64,
          "timestamp": "2018-09-24T14:22:21.394Z"
        }, {
          "latE7": 222942886,
          "lngE7": 732291698,
          "accuracyMeters": 500,
          "timestamp": "2018-09-28T13:12:24.943Z"
        }],
        "source": "BACKFILLED",
        "distanceMeters": 2636.109072169084
      }
    }
  }, {
    "activitySegment": {
      "startLocation": {
        "latitudeE7": 222930121,
        "longitudeE7": 732298885,
        "sourceInfo": {
          "deviceTag": 1755654135
        }
      },
      "endLocation": {
        "latitudeE7": 222853947,
        "longitudeE7": 732393324,
        "sourceInfo": {
          "deviceTag": 1755654135
        }
      },
      "duration": {
        "startTimestamp": "2018-09-28T13:13:07.772Z",
        "endTimestamp": "2018-09-28T13:20:13.323Z"
      },
      "distance": 1533,
      "activityType": "MOTORCYCLING",
      "confidence": "MEDIUM",
      "activities": [{
        "activityType": "MOTORCYCLING",
        "probability": 76.24026486634492
      }, {
        "activityType": "IN_PASSENGER_VEHICLE",
        "probability": 19.811137348178427
      }, {
        "activityType": "WALKING",
        "probability": 2.864732524762995
      }],
      "waypointPath": {
        "waypoints": [{
          "latE7": 222930507,
          "lngE7": 732298965
        }, {
          "latE7": 222874431,
          "lngE7": 732344665
        }, {
          "latE7": 222845191,
          "lngE7": 732411880
        }],
        "source": "INFERRED",
        "distanceMeters": 2643.733414840275
      },
      "simplifiedRawPath": {
        "points": [{
          "latE7": 222873472,
          "lngE7": 732350892,
          "accuracyMeters": 28,
          "timestamp": "2018-09-28T13:17:07.601Z"
        }]
      },
      "editConfirmationStatus": "NOT_CONFIRMED",
      "parkingEvent": {
        "location": {
          "latitudeE7": 222853947,
          "longitudeE7": 732393324,
          "accuracyMetres": 102
        },
        "method": "EXITING_VEHICLE_SIGNAL",
        "locationSource": "UNKNOWN",
        "timestamp": "2018-09-28T13:20:13.323Z"
      }
    }
  }, {
    "activitySegment": {
      "startLocation": {
        "latitudeE7": 222853947,
        "longitudeE7": 732393324,
        "sourceInfo": {
          "deviceTag": 1755654135
        }
      },
      "endLocation": {
        "latitudeE7": 222845153,
        "longitudeE7": 732412435,
        "sourceInfo": {
          "deviceTag": 1755654135
        }
      },
      "duration": {
        "startTimestamp": "2018-09-28T13:20:13.323Z",
        "endTimestamp": "2018-09-28T13:24:10.232Z"
      },
      "distance": 219,
      "activityType": "WALKING",
      "confidence": "MEDIUM",
      "activities": [{
        "activityType": "WALKING",
        "probability": 76.24026486634492
      }, {
        "activityType": "IN_PASSENGER_VEHICLE",
        "probability": 19.811137348178427
      }, {
        "activityType": "MOTORCYCLING",
        "probability": 2.864732524762995
      }],
      "waypointPath": {
        "waypoints": [{
          "latE7": 222930507,
          "lngE7": 732298965
        }, {
          "latE7": 222874431,
          "lngE7": 732344665
        }, {
          "latE7": 222845191,
          "lngE7": 732411880
        }],
        "source": "INFERRED",
        "distanceMeters": 2643.733414840275
      },
      "editConfirmationStatus": "NOT_CONFIRMED"
    }
  }, {
    "placeVisit": {
      "location": {
        "latitudeE7": 222840148,
        "longitudeE7": 732408315,
        "placeId": "ChIJ_RqQnHLFXzkRgQkmFsn8wGo",
        "address": "E-64/65,, E-64/65, Kubereshwar Marg, Parn Vihar Society, Goverdhan Township, Kendranagar, Vadodara, Gujarat 390025, India",
        "name": "Parn Vihar Society",
        "sourceInfo": {
          "deviceTag": 1755654135
        },
        "locationConfidence": 83.39789
      },
      "duration": {
        "startTimestamp": "2018-09-28T13:24:10.232Z",
        "endTimestamp": "2018-09-28T13:40:53.672Z"
      },
      "placeConfidence": "MEDIUM_CONFIDENCE",
      "centerLatE7": 222843469,
      "centerLngE7": 732409815,
      "visitConfidence": 91,
      "otherCandidateLocations": [{
        "latitudeE7": 222843595,
        "longitudeE7": 732414907,
        "placeId": "ChIJdQgDcG3FXzkRm-VZXoKY94E",
        "address": "C-84 Nilamber Villa, Kubereshwar Marg, Prarthana Tenements, Goverdhan Twp, Kendranagar, Vadodara, Gujarat 390025, India",
        "name": "Nilamber Villa Society",
        "locationConfidence": 3.1530273
      }, {
        "latitudeE7": 222834969,
        "longitudeE7": 732395401,
        "placeId": "ChIJUwbclnLFXzkRwziDHn8TFhk",
        "address": "14, Kubereshwar Marg, Goverdhan Twp, Kendranagar, Vadodara, Gujarat 390025, India",
        "locationConfidence": 3.0544884
      }, {
        "latitudeE7": 222881126,
        "longitudeE7": 732401352,
        "placeId": "ChIJSXdhwnHFXzkRLsckCdR1cgE",
        "address": "f 63, Waghodia Rd, Pariwar Char Rasta, Kendranagar, Vadodara, Gujarat 390025, India",
        "locationConfidence": 1.0766746
      }, {
        "latitudeE7": 222836654,
        "longitudeE7": 732404207,
        "placeId": "ChIJhbPhmXLFXzkRoi_stz9pFkw",
        "address": "Devashish Bunglows Kubereshwar Marg, Dabhoi - Waghodia Ring Rd, Goverdhan Twp, Kendranagar, Vadodara, Gujarat 390025, India",
        "name": "Devashish Bunglows",
        "locationConfidence": 0.79904735
      }, {
        "latitudeE7": 222833020,
        "longitudeE7": 732420730,
        "placeId": "ChIJj56gQ23FXzkRv3cbusWJJoQ",
        "address": "1, Kubereshwar Marg, Goverdhan Twp, Kendranagar, Vadodara, Gujarat 390025, India",
        "name": "Nilamber Bungalows-3",
        "locationConfidence": 0.69211847
      }, {
        "latitudeE7": 222830501,
        "longitudeE7": 732421874,
        "placeId": "ChIJoRnORW3FXzkR92oS-rgALZM",
        "address": "1, Kubereshwar Marg, Goverdhan Twp, Kendranagar, Vadodara, Gujarat 390025, India",
        "name": "Shreeji Tirth Duplex",
        "locationConfidence": 0.531004
      }, {
        "latitudeE7": 222837052,
        "longitudeE7": 732382395,
        "placeId": "ChIJ9Zkw7HLFXzkRAtL4EARmIyk",
        "name": "कृष्णा रेसिडेन्सी",
        "locationConfidence": 0.47118464
      }],
      "editConfirmationStatus": "NOT_CONFIRMED",
      "locationConfidence": 76,
      "placeVisitType": "SINGLE_PLACE",
      "placeVisitImportance": "MAIN"
    }
  }, {
    "activitySegment": {
      "startLocation": {
        "latitudeE7": 222950753,
        "longitudeE7": 732259533,
        "sourceInfo": {
          "deviceTag": 1755654135
        }
      },
      "endLocation": {
        "latitudeE7": 223472549,
        "longitudeE7": 731414178,
        "sourceInfo": {
          "deviceTag": 1755654135
        }
      },
      "duration": {
        "startTimestamp": "2018-09-30T04:23:51.846Z",
        "endTimestamp": "2018-09-30T07:06:57.751Z"
      },
      "distance": 11882,
      "activityType": "MOTORCYCLING",
      "confidence": "LOW",
      "activities": [{
        "activityType": "MOTORCYCLING",
        "probability": 57.36556371379865
      }, {
        "activityType": "IN_PASSENGER_VEHICLE",
        "probability": 37.97638160303185
      }, {
        "activityType": "WALKING",
        "probability": 3.0235267964628543
      }],
      "waypointPath": {
        "waypoints": [{
          "latE7": 222950687,
          "lngE7": 732260589
        }, {
          "latE7": 222939701,
          "lngE7": 732257308
        }, {
          "latE7": 222896633,
          "lngE7": 732139587
        }, {
          "latE7": 223087348,
          "lngE7": 731880569
        }, {
          "latE7": 223469734,
          "lngE7": 731425094
        }],
        "source": "INFERRED",
        "distanceMeters": 14493.283613832285
      },
      "simplifiedRawPath": {
        "points": [{
          "latE7": 222896917,
          "lngE7": 732139763,
          "accuracyMeters": 98,
          "timestamp": "2018-09-30T04:29:49.628Z"
        }]
      },
      "editConfirmationStatus": "NOT_CONFIRMED"
    }
  }]
}