{
  "timelineObjects": [{
    "activitySegment": {
      "startLocation": {
        "latitudeE7": 222849118,
        "longitudeE7": 732402914,
        "sourceInfo": {
          "deviceTag": 1755654135
        }
      },
      "endLocation": {
        "latitudeE7": 222768916,
        "longitudeE7": 731994190,
        "placeId": "ChIJiWS0BMLFXzkRfwutZiOVhK8",
        "address": "AXI Building, Near Shreyas School, Manjalpur, Lalbaug, Manjalpur, Vadodara, Gujarat 390004, India",
        "name": "VIJAY SALES - MANJALPUR",
        "sourceInfo": {
          "deviceTag": 1755654135
        },
        "locationConfidence": 90.326485,
        "isCurrentLocation": true
      },
      "duration": {
        "startTimestamp": "2018-07-01T10:21:24.870Z",
        "endTimestamp": "2018-07-01T10:34:54.794Z"
      },
      "activityType": "MOTORCYCLING",
      "confidence": "MEDIUM",
      "activities": [{
        "activityType": "MOTORCYCLING",
        "probability": 60.06591028817595
      }, {
        "activityType": "IN_PASSENGER_VEHICLE",
        "probability": 37.21001270196162
      }, {
        "activityType": "WALKING",
        "probability": 2.0226576830559297
      }],
      "waypointPath": {
        "waypoints": [{
          "latE7": 222847270,
          "lngE7": 732402725
        }, {
          "latE7": 222792949,
          "lngE7": 732302246
        }, {
          "latE7": 222765846,
          "lngE7": 731992645
        }],
        "source": "INFERRED"
      },
      "editConfirmationStatus": "NOT_CONFIRMED",
      "parkingEvent": {
        "location": {
          "latitudeE7": 222765571,
          "longitudeE7": 731992292,
          "accuracyMetres": 57
        },
        "method": "EXITING_VEHICLE_SIGNAL",
        "locationSource": "UNKNOWN",
        "timestamp": "2018-07-01T10:35:22.771Z"
      }
    }
  }, {
    "placeVisit": {
      "location": {
        "latitudeE7": 222768916,
        "longitudeE7": 731994190,
        "placeId": "ChIJiWS0BMLFXzkRfwutZiOVhK8",
        "address": "AXI Building, Near Shreyas School, Manjalpur, Lalbaug, Manjalpur, Vadodara, Gujarat 390004, India",
        "name": "VIJAY SALES - MANJALPUR",
        "sourceInfo": {
          "deviceTag": 1755654135
        },
        "locationConfidence": 90.326485,
        "isCurrentLocation": true
      },
      "duration": {
        "startTimestamp": "2018-07-01T10:34:54.794Z",
        "endTimestamp": "2018-07-01T10:45:03.984Z"
      },
      "placeConfidence": "MEDIUM_CONFIDENCE",
      "centerLatE7": 222768620,
      "centerLngE7": 731994440,
      "visitConfidence": 94,
      "otherCandidateLocations": [{
        "latitudeE7": 222768619,
        "longitudeE7": 731994387,
        "placeId": "ChIJm8NNG8LFXzkRskdjNXrLAmo",
        "address": "89, Rajnikant Jani Rd, Lalbaug, Manjalpur, Vadodara, Gujarat 390004, India",
        "name": "Axis hospiral manjalpur naka",
        "locationConfidence": 1.0179563,
        "isCurrentLocation": true
      }, {
        "latitudeE7": 222768082,
        "longitudeE7": 731994082,
        "placeId": "ChIJzeJEG8LFXzkR7Dn0_JRxtpI",
        "address": "Ground Floor Safal Arise, Kubereshwar Mahadev Marg, Char Rasta, Manjalpur, Vadodara, Gujarat 390011, India",
        "name": "IndusInd Bank Ltd",
        "locationConfidence": 0.93346053
      }, {
        "latitudeE7": 222768750,
        "longitudeE7": 731995610,
        "placeId": "ChIJ3Qm0HMLFXzkR0TnnRnQ1s68",
        "address": "Ground Floor, Axat Centre, Axi Hospital, Manjalpur, near Shreyas School, Lalbaug, Manjalpur, Vadodara, Gujarat 390004, India",
        "name": "IndusInd Bank – Manjalpur",
        "locationConfidence": 0.6751071
      }, {
        "latitudeE7": 222774981,
        "longitudeE7": 731981013,
        "placeId": "ChIJq6usi8HFXzkRjRLgrv9uAj8",
        "address": "Ground Floor, Rajnikant Jani Rd, Lalbaug, Manjalpur, Vadodara, Gujarat 390004, India",
        "name": "ICICI Bank Manjalpur, Vadodara - Branch \u0026 ATM",
        "locationConfidence": 0.45045933
      }],
      "editConfirmationStatus": "NOT_CONFIRMED",
      "locationConfidence": 78,
      "placeVisitType": "SINGLE_PLACE",
      "placeVisitImportance": "MAIN"
    }
  }, {
    "activitySegment": {
      "startLocation": {
        "latitudeE7": 222768916,
        "longitudeE7": 731994190,
        "sourceInfo": {
          "deviceTag": 1755654135
        }
      },
      "endLocation": {
        "latitudeE7": 222731468,
        "longitudeE7": 731890704,
        "sourceInfo": {
          "deviceTag": 1755654135
        }
      },
      "duration": {
        "startTimestamp": "2018-07-01T10:45:03.984Z",
        "endTimestamp": "2018-07-01T10:50:01.190Z"
      },
      "distance": 1237,
      "activityType": "IN_PASSENGER_VEHICLE",
      "confidence": "LOW",
      "activities": [{
        "activityType": "IN_PASSENGER_VEHICLE",
        "probability": 37.78891633121593
      }, {
        "activityType": "CYCLING",
        "probability": 34.587878939301184
      }, {
        "activityType": "MOTORCYCLING",
        "probability": 24.061680821074518
      }],
      "waypointPath": {
        "waypoints": [{
          "latE7": 222769775,
          "lngE7": 731994094
        }, {
          "latE7": 222732124,
          "lngE7": 731975631
        }, {
          "latE7": 222731151,
          "lngE7": 731890640
        }],
        "source": "INFERRED"
      },
      "simplifiedRawPath": {
        "points": [{
          "latE7": 222770298,
          "lngE7": 731995043,
          "accuracyMeters": 33,
          "timestamp": "2018-07-01T10:45:03.984Z"
        }]
      },
      "editConfirmationStatus": "NOT_CONFIRMED",
      "parkingEvent": {
        "location": {
          "latitudeE7": 222735421,
          "longitudeE7": 731889992,
          "accuracyMetres": 87
        },
        "method": "END_OF_ACTIVITY_SEGMENT",
        "locationSource": "UNKNOWN",
        "timestamp": "2018-07-01T10:52:41.151Z"
      }
    }
  }, {
    "placeVisit": {
      "location": {
        "latitudeE7": 222731468,
        "longitudeE7": 731890704,
        "placeId": "ChIJ7ZHAKdzFXzkR1XQtaznZNIw",
        "address": "Patidar Crossing, Near Saraswati Complex, Manjalpur, Vadodara, Gujarat 390011, India",
        "name": "Eva The Mall",
        "sourceInfo": {
          "deviceTag": 1755654135
        },
        "locationConfidence": 90.13319,
        "isCurrentLocation": true
      },
      "duration": {
        "startTimestamp": "2018-07-01T10:50:01.190Z",
        "endTimestamp": "2018-07-01T11:53:31.976Z"
      },
      "placeConfidence": "MEDIUM_CONFIDENCE",
      "childVisits": [{
        "location": {
          "latitudeE7": 222733722,
          "longitudeE7": 731891497,
          "placeId": "ChIJ61u-NdzFXzkREU6xPVp32GU",
          "address": "Eva Mall, Manjalpur, Vadodara, Gujarat 390011, India",
          "name": "PVR Eva mall Vadodara",
          "sourceInfo": {
            "deviceTag": 1755654135
          },
          "locationConfidence": 28.46221,
          "isCurrentLocation": true
        },
        "duration": {
          "startTimestamp": "2018-07-01T10:50:01.190Z",
          "endTimestamp": "2018-07-01T11:53:31.976Z"
        },
        "placeConfidence": "MEDIUM_CONFIDENCE",
        "centerLatE7": 222733855,
        "centerLngE7": 731884800,
        "visitConfidence": 94,
        "otherCandidateLocations": [{
          "latitudeE7": 222733733,
          "longitudeE7": 731883890,
          "placeId": "ChIJnQCYKdzFXzkRdCm40TEzp30",
          "address": "Patidar Crossing, EVA Mall, Vaishnavdevi society, Manjalpur, Vadodara, Gujarat 390011, India",
          "name": "Croma - Eva Mall, Vadodara",
          "locationConfidence": 9.859187,
          "isCurrentLocation": true
        }, {
          "latitudeE7": 222732917,
          "longitudeE7": 731892825,
          "placeId": "ChIJp6qqquHFXzkRvFm9K-P3PpA",
          "address": "Scheme No.19, Eva Mall patidar Crossing, near Saraswati Complex, Vaishnavdevi society, Manjalpur, Vadodara, Gujarat 390011, India",
          "name": "Big Bazaar",
          "locationConfidence": 6.4876704,
          "isCurrentLocation": true
        }, {
          "latitudeE7": 222734006,
          "longitudeE7": 731884664,
          "placeId": "ChIJdUjHKdzFXzkR1wdthSuMYW8",
          "address": "75FQ+998, Kanchan Rd, Vaishnavdevi society, Manjalpur, Vadodara, Gujarat 390011, India",
          "name": "Chicken Adda",
          "locationConfidence": 4.4886107,
          "isCurrentLocation": true
        }, {
          "latitudeE7": 222732477,
          "longitudeE7": 731883571,
          "placeId": "ChIJc8xBrrLFXzkRpdzcKMmosVY",
          "address": "EVA Mall, S No 30 to 32, Ground Floor Patidar Cross Road, Patidar Chokdi, near Saraswati Complex, Vaishnavdevi society, Manjalpur, Vadodara, Gujarat 390011, India",
          "name": "McDonald\u0027s",
          "locationConfidence": 2.4105997
        }, {
          "latitudeE7": 222734000,
          "longitudeE7": 731880276,
          "placeId": "ChIJtRf9LNzFXzkR0IHxxX6aBu4",
          "address": "SN TF 11, 3rd Floor, Eva Mall, near Saraswati Complex, Vaishnavdevi society, Manjalpur, Vadodara, Gujarat 390011, India",
          "name": "Pizza Hut",
          "locationConfidence": 1.5844238
        }, {
          "latitudeE7": 222732282,
          "longitudeE7": 731888144,
          "placeId": "ChIJVXuR7QHFXzkRKsxqp9Ift1c",
          "address": "Ground Floor, EVA Mall, Vaishnavdevi society, Manjalpur, Vadodara, Gujarat 390011, India",
          "name": "PrettySecrets Store",
          "locationConfidence": 0.83008766
        }, {
          "latitudeE7": 222746069,
          "longitudeE7": 731884933,
          "placeId": "ChIJZ1dT193FXzkRep3sUX64UgQ",
          "address": "75FQ+R9X, Vaishnavdevi society, Manjalpur, Vadodara, Gujarat 390011, India",
          "name": "Vaishnavi Devi Society",
          "locationConfidence": 0.7045367
        }, {
          "latitudeE7": 222726426,
          "longitudeE7": 731898390,
          "placeId": "ChIJDUixRtzFXzkRewDgmhyZ7Lg",
          "address": "8, Shlok Complex, Near Saraswati Complex, Vaishnavdevi society, Shivam Society, Manjalpur, Vadodara, Gujarat 390011, India",
          "name": "Shree Satguru Gift \u0026 Toy Shop",
          "locationConfidence": 0.6950906
        }, {
          "latitudeE7": 222726560,
          "longitudeE7": 731877691,
          "placeId": "ChIJFbSVnN7FXzkRjGnaslivFSg",
          "address": "75CP+XX9, Manjalpur, Vadodara, Gujarat 390011, India",
          "name": "Shalin Complex Milkan",
          "locationConfidence": 0.65260714
        }],
        "editConfirmationStatus": "NOT_CONFIRMED",
        "locationConfidence": 24,
        "placeVisitType": "SINGLE_PLACE"
      }],
      "centerLatE7": 222733855,
      "centerLngE7": 731884800,
      "visitConfidence": 94,
      "otherCandidateLocations": [{
        "latitudeE7": 222734000,
        "longitudeE7": 731880276,
        "placeId": "ChIJtRf9LNzFXzkR0IHxxX6aBu4",
        "address": "SN TF 11, 3rd Floor, Eva Mall, near Saraswati Complex, Vaishnavdevi society, Manjalpur, Vadodara, Gujarat 390011, India",
        "name": "Pizza Hut",
        "locationConfidence": 0.5811329
      }, {
        "latitudeE7": 222732282,
        "longitudeE7": 731888144,
        "placeId": "ChIJVXuR7QHFXzkRKsxqp9Ift1c",
        "address": "Ground Floor, EVA Mall, Vaishnavdevi society, Manjalpur, Vadodara, Gujarat 390011, India",
        "name": "PrettySecrets Store",
        "locationConfidence": 0.30445844
      }, {
        "latitudeE7": 222746069,
        "longitudeE7": 731884933,
        "placeId": "ChIJZ1dT193FXzkRep3sUX64UgQ",
        "address": "75FQ+R9X, Vaishnavdevi society, Manjalpur, Vadodara, Gujarat 390011, India",
        "name": "Vaishnavi Devi Society",
        "locationConfidence": 0.25840902
      }, {
        "latitudeE7": 222726426,
        "longitudeE7": 731898390,
        "placeId": "ChIJDUixRtzFXzkRewDgmhyZ7Lg",
        "address": "8, Shlok Complex, Near Saraswati Complex, Vaishnavdevi society, Shivam Society, Manjalpur, Vadodara, Gujarat 390011, India",
        "name": "Shree Satguru Gift \u0026 Toy Shop",
        "locationConfidence": 0.2549444
      }],
      "editConfirmationStatus": "NOT_CONFIRMED",
      "locationConfidence": 78,
      "placeVisitType": "SINGLE_PLACE",
      "placeVisitImportance": "MAIN"
    }
  }, {
    "activitySegment": {
      "startLocation": {
        "latitudeE7": 222733645,
        "longitudeE7": 731884328,
        "sourceInfo": {
          "deviceTag": 1755654135
        }
      },
      "endLocation": {
        "latitudeE7": 222845412,
        "longitudeE7": 732412348,
        "sourceInfo": {
          "deviceTag": 1755654135
        }
      },
      "duration": {
        "startTimestamp": "2018-07-01T11:53:31.976Z",
        "endTimestamp": "2018-07-01T12:29:45.519Z"
      },
      "distance": 6148,
      "activityType": "MOTORCYCLING",
      "confidence": "MEDIUM",
      "activities": [{
        "activityType": "MOTORCYCLING",
        "probability": 83.85846240299007
      }, {
        "activityType": "IN_PASSENGER_VEHICLE",
        "probability": 13.838207835245248
      }, {
        "activityType": "WALKING",
        "probability": 1.3960317557856432
      }],
      "waypointPath": {
        "waypoints": [{
          "latE7": 222731857,
          "lngE7": 731883850
        }, {
          "latE7": 222794227,
          "lngE7": 732301406
        }, {
          "latE7": 222845458,
          "lngE7": 732411880
        }],
        "source": "INFERRED"
      },
      "editConfirmationStatus": "NOT_CONFIRMED",
      "parkingEvent": {
        "location": {
          "latitudeE7": 222845412,
          "longitudeE7": 732412348,
          "accuracyMetres": 158
        },
        "method": "END_OF_ACTIVITY_SEGMENT",
        "locationSource": "UNKNOWN",
        "timestamp": "2018-07-01T12:31:19.021Z"
      }
    }
  }, {
    "placeVisit": {
      "location": {
        "latitudeE7": 222840148,
        "longitudeE7": 732408315,
        "placeId": "ChIJ_RqQnHLFXzkRgQkmFsn8wGo",
        "address": "E-64/65,, E-64/65, Kubereshwar Marg, Parn Vihar Society, Goverdhan Township, Kendranagar, Vadodara, Gujarat 390025, India",
        "name": "Parn Vihar Society",
        "sourceInfo": {
          "deviceTag": 1755654135
        },
        "locationConfidence": 84.962074
      },
      "duration": {
        "startTimestamp": "2018-07-01T12:29:45.519Z",
        "endTimestamp": "2018-07-01T12:57:52.726Z"
      },
      "placeConfidence": "MEDIUM_CONFIDENCE",
      "centerLatE7": 222845400,
      "centerLngE7": 732412300,
      "visitConfidence": 89,
      "otherCandidateLocations": [{
        "latitudeE7": 222843781,
        "longitudeE7": 732410431,
        "placeId": "ChIJD5QEaW3FXzkRSrS1h3atOlk",
        "address": "34, Kubereshwar Marg, Prarthana Tenements, Goverdhan Twp, Kendranagar, Vadodara, Gujarat 390025, India",
        "locationConfidence": 3.8939118
      }, {
        "latitudeE7": 222843595,
        "longitudeE7": 732414907,
        "placeId": "ChIJdQgDcG3FXzkRm-VZXoKY94E",
        "address": "C-84 Nilamber Villa, Kubereshwar Marg, Prarthana Tenements, Goverdhan Twp, Kendranagar, Vadodara, Gujarat 390025, India",
        "name": "Nilamber Villa Society",
        "locationConfidence": 3.1127653
      }, {
        "latitudeE7": 222881126,
        "longitudeE7": 732401352,
        "placeId": "ChIJSXdhwnHFXzkRLsckCdR1cgE",
        "address": "f 63, Waghodia Rd, Pariwar Char Rasta, Kendranagar, Vadodara, Gujarat 390025, India",
        "locationConfidence": 1.4219623
      }, {
        "latitudeE7": 222833020,
        "longitudeE7": 732420730,
        "placeId": "ChIJj56gQ23FXzkRv3cbusWJJoQ",
        "address": "1, Kubereshwar Marg, Goverdhan Twp, Kendranagar, Vadodara, Gujarat 390025, India",
        "name": "Nilamber Bungalows-3",
        "locationConfidence": 0.5837559
      }, {
        "latitudeE7": 222871839,
        "longitudeE7": 732396118,
        "placeId": "ChIJa8s6IHLFXzkRBTGOshk2p3E",
        "address": "76PQ+VRH, Kubereshwar Marg, Kendranagar, Vadodara, Gujarat 390025, India",
        "name": "Bhagirath Party Plot",
        "locationConfidence": 0.50281864
      }, {
        "latitudeE7": 222848095,
        "longitudeE7": 732437531,
        "placeId": "ChIJZXf-A23FXzkRB_AEWXgz9dY",
        "address": "27, Aditya Villa, Goverdhan Twp, Kendranagar, Vadodara, Gujarat 390025, India",
        "name": "Aditya Villa",
        "locationConfidence": 0.48626435
      }],
      "editConfirmationStatus": "NOT_CONFIRMED",
      "locationConfidence": 71,
      "placeVisitType": "SINGLE_PLACE",
      "placeVisitImportance": "MAIN"
    }
  }, {
    "placeVisit": {
      "location": {
        "latitudeE7": 222902020,
        "longitudeE7": 732355630,
        "placeId": "ChIJj4HD1XDFXzkRTfwrqWcP90w",
        "address": "5th Floor, Nathdwara Avenue, Opp. Rukashmani Party Plot, Nr. Parivar Cross road, Waghodia Dabhoi Ring road, Waghodia, Vadodara, Gujarat 390025, India",
        "name": "Fitness Track Gym",
        "sourceInfo": {
          "deviceTag": 1755654135
        },
        "locationConfidence": 60.402752,
        "isCurrentLocation": true
      },
      "duration": {
        "startTimestamp": "2018-07-06T12:20:49.163Z",
        "endTimestamp": "2018-07-06T12:35:01.192Z"
      },
      "placeConfidence": "LOW_CONFIDENCE",
      "centerLatE7": 222902367,
      "centerLngE7": 732356200,
      "visitConfidence": 91,
      "otherCandidateLocations": [{
        "latitudeE7": 222902411,
        "longitudeE7": 732356156,
        "placeId": "ChIJZ5H1KXHFXzkRMeqmmaxfzvU",
        "address": "Dhaboi Waghodiya Road, 76RP+47Q, Waghodia, Vadodara, Gujarat 390025, India",
        "name": "Nathdwara Avenue",
        "locationConfidence": 8.087431,
        "isCurrentLocation": true
      }, {
        "latitudeE7": 222901416,
        "longitudeE7": 732355959,
        "placeId": "ChIJiQ7y1XDFXzkRJXIyX5ilmDw",
        "address": "57, Dabhoi - Waghodia Ring Rd, Waghodia, Vadodara, Gujarat 390025, India",
        "name": "PIZZA PLUS",
        "locationConfidence": 7.9927955,
        "isCurrentLocation": true
      }, {
        "latitudeE7": 222900991,
        "longitudeE7": 732355144,
        "placeId": "ChIJPSL0KXHFXzkRA5Vtfea9dfA",
        "address": "3rd and 4th Floor Nathdwara Avenue Above HDFC Bank Waghodia, Dabhoi - Waghodia Ring Rd, Kendranagar, Vadodara, Gujarat 390025, India",
        "name": "\"3 Points\" Snooker, Cafe and Gameroom",
        "locationConfidence": 2.4128695,
        "isCurrentLocation": true
      }, {
        "latitudeE7": 222903215,
        "longitudeE7": 732356773,
        "placeId": "ChIJ7Tpa1nDFXzkRmNaR3nui_tE",
        "address": "76RP+47F, Waghodia, Vadodara, Gujarat 390025, India",
        "name": "Bansi Restaurant",
        "locationConfidence": 2.357319,
        "isCurrentLocation": true
      }, {
        "latitudeE7": 222900250,
        "longitudeE7": 732356190,
        "placeId": "ChIJrRseKnHFXzkR3pT_PhKgTlY",
        "address": "SN 1 to 5, Nathdwara Avenue Ring Rd, Dabhoi - Waghodia Ring Rd, opp. Rukshmani Party Plot, Pangat Park, Prerna Nagar Society, Vadodara, Gujarat 390008, India",
        "name": "HDFC Bank",
        "locationConfidence": 0.754343
      }, {
        "latitudeE7": 222902682,
        "longitudeE7": 732356829,
        "placeId": "ChIJ-btj1nDFXzkRNeDTDkCcjns",
        "address": "76RP+473, Waghodia, Vadodara, Gujarat 390025, India",
        "name": "Bansi Hotel",
        "locationConfidence": 0.6190781,
        "isCurrentLocation": true
      }],
      "editConfirmationStatus": "NOT_CONFIRMED",
      "locationConfidence": 58,
      "placeVisitType": "SINGLE_PLACE",
      "placeVisitImportance": "MAIN"
    }
  }, {
    "placeVisit": {
      "location": {
        "latitudeE7": 222902020,
        "longitudeE7": 732355630,
        "placeId": "ChIJj4HD1XDFXzkRTfwrqWcP90w",
        "address": "5th Floor, Nathdwara Avenue, Opp. Rukashmani Party Plot, Nr. Parivar Cross road, Waghodia Dabhoi Ring road, Waghodia, Vadodara, Gujarat 390025, India",
        "name": "Fitness Track Gym",
        "sourceInfo": {
          "deviceTag": 1755654135
        },
        "locationConfidence": 57.150105
      },
      "duration": {
        "startTimestamp": "2018-07-23T10:49:31.103Z",
        "endTimestamp": "2018-07-23T12:25:05.378Z"
      },
      "placeConfidence": "MEDIUM_CONFIDENCE",
      "centerLatE7": 222901574,
      "centerLngE7": 732357477,
      "visitConfidence": 95,
      "otherCandidateLocations": [{
        "latitudeE7": 222902411,
        "longitudeE7": 732356156,
        "placeId": "ChIJZ5H1KXHFXzkRMeqmmaxfzvU",
        "address": "Dhaboi Waghodiya Road, 76RP+47Q, Waghodia, Vadodara, Gujarat 390025, India",
        "name": "Nathdwara Avenue",
        "locationConfidence": 9.931147,
        "isCurrentLocation": true
      }, {
        "latitudeE7": 222901416,
        "longitudeE7": 732355959,
        "placeId": "ChIJiQ7y1XDFXzkRJXIyX5ilmDw",
        "address": "57, Dabhoi - Waghodia Ring Rd, Waghodia, Vadodara, Gujarat 390025, India",
        "name": "PIZZA PLUS",
        "locationConfidence": 7.3162103
      }, {
        "latitudeE7": 222900250,
        "longitudeE7": 732356190,
        "placeId": "ChIJrRseKnHFXzkR3pT_PhKgTlY",
        "address": "SN 1 to 5, Nathdwara Avenue Ring Rd, Dabhoi - Waghodia Ring Rd, opp. Rukshmani Party Plot, Pangat Park, Prerna Nagar Society, Vadodara, Gujarat 390008, India",
        "name": "HDFC Bank",
        "locationConfidence": 1.5680383
      }, {
        "latitudeE7": 222895922,
        "longitudeE7": 732356809,
        "placeId": "ChIJPSL0KXHFXzkRA5Vtfea9dfA",
        "address": "3rd and 4th Floor Nathdwara Avenue Above HDFC Bank Waghodia, Dabhoi - Waghodia Ring Rd, Kendranagar, Vadodara, Gujarat 390025, India",
        "name": "\"3 Points\" Snooker, Cafe and Gameroom",
        "locationConfidence": 1.4404056
      }, {
        "latitudeE7": 222902682,
        "longitudeE7": 732356829,
        "placeId": "ChIJ-btj1nDFXzkRNeDTDkCcjns",
        "address": "76RP+473, Waghodia, Vadodara, Gujarat 390025, India",
        "name": "Bansi Hotel",
        "locationConfidence": 0.8135391
      }],
      "editConfirmationStatus": "NOT_CONFIRMED",
      "locationConfidence": 55,
      "placeVisitType": "SINGLE_PLACE",
      "placeVisitImportance": "MAIN"
    }
  }, {
    "activitySegment": {
      "startLocation": {
        "latitudeE7": 222901923,
        "longitudeE7": 732358699,
        "sourceInfo": {
          "deviceTag": 1755654135
        }
      },
      "endLocation": {
        "latitudeE7": 222896031,
        "longitudeE7": 732359244,
        "sourceInfo": {
          "deviceTag": 1755654135
        }
      },
      "duration": {
        "startTimestamp": "2018-07-25T11:07:59.588Z",
        "endTimestamp": "2018-07-25T11:17:05.737Z"
      },
      "distance": 1458,
      "activityType": "MOTORCYCLING",
      "confidence": "LOW",
      "activities": [{
        "activityType": "MOTORCYCLING",
        "probability": 38.449491747434514
      }, {
        "activityType": "IN_PASSENGER_VEHICLE",
        "probability": 29.96238720103161
      }, {
        "activityType": "WALKING",
        "probability": 17.58942672372184
      }],
      "waypointPath": {
        "waypoints": [{
          "latE7": 222901935,
          "lngE7": 732358627
        }, {
          "latE7": 222904548,
          "lngE7": 732360229
        }, {
          "latE7": 222895278,
          "lngE7": 732359161
        }],
        "source": "INFERRED"
      },
      "simplifiedRawPath": {
        "points": [{
          "latE7": 222901923,
          "lngE7": 732358699,
          "accuracyMeters": 34,
          "timestamp": "2018-07-25T11:07:59.588Z"
        }]
      },
      "editConfirmationStatus": "NOT_CONFIRMED",
      "parkingEvent": {
        "location": {
          "latitudeE7": 222896031,
          "longitudeE7": 732359244,
          "accuracyMetres": 90
        },
        "method": "END_OF_ACTIVITY_SEGMENT",
        "locationSource": "UNKNOWN",
        "timestamp": "2018-07-25T11:20:02.250Z"
      }
    }
  }, {
    "placeVisit": {
      "location": {
        "latitudeE7": 222902020,
        "longitudeE7": 732355630,
        "placeId": "ChIJj4HD1XDFXzkRTfwrqWcP90w",
        "address": "5th Floor, Nathdwara Avenue, Opp. Rukashmani Party Plot, Nr. Parivar Cross road, Waghodia Dabhoi Ring road, Waghodia, Vadodara, Gujarat 390025, India",
        "name": "Fitness Track Gym",
        "sourceInfo": {
          "deviceTag": 1755654135
        },
        "locationConfidence": 68.92931
      },
      "duration": {
        "startTimestamp": "2018-07-25T11:17:05.737Z",
        "endTimestamp": "2018-07-25T12:40:03.615Z"
      },
      "placeConfidence": "MEDIUM_CONFIDENCE",
      "centerLatE7": 222902112,
      "centerLngE7": 732358874,
      "visitConfidence": 92,
      "otherCandidateLocations": [{
        "latitudeE7": 222902411,
        "longitudeE7": 732356156,
        "placeId": "ChIJZ5H1KXHFXzkRMeqmmaxfzvU",
        "address": "Dhaboi Waghodiya Road, 76RP+47Q, Waghodia, Vadodara, Gujarat 390025, India",
        "name": "Nathdwara Avenue",
        "locationConfidence": 6.3415995,
        "isCurrentLocation": true
      }, {
        "latitudeE7": 222901416,
        "longitudeE7": 732355959,
        "placeId": "ChIJiQ7y1XDFXzkRJXIyX5ilmDw",
        "address": "57, Dabhoi - Waghodia Ring Rd, Waghodia, Vadodara, Gujarat 390025, India",
        "name": "PIZZA PLUS",
        "locationConfidence": 5.1322837
      }, {
        "latitudeE7": 222902682,
        "longitudeE7": 732356829,
        "placeId": "ChIJ-btj1nDFXzkRNeDTDkCcjns",
        "address": "76RP+473, Waghodia, Vadodara, Gujarat 390025, India",
        "name": "Bansi Hotel",
        "locationConfidence": 1.0660933
      }, {
        "latitudeE7": 222900250,
        "longitudeE7": 732356190,
        "placeId": "ChIJrRseKnHFXzkR3pT_PhKgTlY",
        "address": "SN 1 to 5, Nathdwara Avenue Ring Rd, Dabhoi - Waghodia Ring Rd, opp. Rukshmani Party Plot, Pangat Park, Prerna Nagar Society, Vadodara, Gujarat 390008, India",
        "name": "HDFC Bank",
        "locationConfidence": 0.9227433
      }, {
        "latitudeE7": 222903795,
        "longitudeE7": 732364095,
        "placeId": "ChIJVezZ3nDFXzkRoDj1LBH1Gg0",
        "address": "76RP+5HF, inside Rukshmani party plot, Kendranagar, Vadodara, Gujarat 390025, India",
        "name": "Rukshmani Party Plot",
        "locationConfidence": 0.58203715
      }],
      "editConfirmationStatus": "NOT_CONFIRMED",
      "locationConfidence": 65,
      "placeVisitType": "SINGLE_PLACE",
      "placeVisitImportance": "MAIN"
    }
  }, {
    "activitySegment": {
      "startLocation": {
        "latitudeE7": 222902112,
        "longitudeE7": 732358874
      },
      "endLocation": {
        "latitudeE7": 222845954,
        "longitudeE7": 732411605,
        "sourceInfo": {
          "deviceTag": 1755654135
        }
      },
      "duration": {
        "startTimestamp": "2018-07-25T12:40:03.615Z",
        "endTimestamp": "2018-08-05T09:11:38.380Z"
      },
      "activityType": "UNKNOWN_ACTIVITY_TYPE",
      "activities": [{
        "activityType": "UNKNOWN_ACTIVITY_TYPE",
        "probability": 0.0
      }],
      "simplifiedRawPath": {
        "points": [{
          "latE7": 222894585,
          "lngE7": 732356661,
          "accuracyMeters": 52,
          "timestamp": "2018-07-25T12:40:03.615Z"
        }, {
          "latE7": 222690172,
          "lngE7": 732018882,
          "accuracyMeters": 500,
          "timestamp": "2018-07-27T07:26:33.082Z"
        }, {
          "latE7": 222683496,
          "lngE7": 732017937,
          "accuracyMeters": 26,
          "timestamp": "2018-07-27T07:30:37.644Z"
        }, {
          "latE7": 222901519,
          "lngE7": 732356208,
          "accuracyMeters": 23,
          "timestamp": "2018-08-01T10:50:51.876Z"
        }],
        "source": "BACKFILLED",
        "distanceMeters": 9396.822493696582
      }
    }
  }]
}