{
  "timelineObjects": [{
    "activitySegment": {
      "startLocation": {
        "latitudeE7": 222291721,
        "longitudeE7": 732995072,
        "sourceInfo": {
          "deviceTag": 1755654135
        }
      },
      "endLocation": {
        "latitudeE7": 222844532,
        "longitudeE7": 732412107,
        "sourceInfo": {
          "deviceTag": 1755654135
        }
      },
      "duration": {
        "startTimestamp": "2018-11-03T08:26:31.103Z",
        "endTimestamp": "2018-11-03T08:55:57.173Z"
      },
      "distance": 9549,
      "activityType": "IN_PASSENGER_VEHICLE",
      "confidence": "MEDIUM",
      "activities": [{
        "activityType": "IN_PASSENGER_VEHICLE",
        "probability": 80.38188456350184
      }, {
        "activityType": "MOTORCYCLING",
        "probability": 17.376278225676252
      }, {
        "activityType": "WALKING",
        "probability": 1.6015580045448878
      }],
      "waypointPath": {
        "waypoints": [{
          "latE7": 222290458,
          "lngE7": 732997741
        }, {
          "latE7": 222305412,
          "lngE7": 732804946
        }, {
          "latE7": 222786369,
          "lngE7": 732355880
        }, {
          "latE7": 222842578,
          "lngE7": 732382202
        }, {
          "latE7": 222844543,
          "lngE7": 732411804
        }],
        "source": "INFERRED",
        "roadSegment": [{
          "placeId": "ChIJuyCaUl_bXzkRAiCmrNS6xbQ"
        }, {
          "placeId": "ChIJ1-lkAU7bXzkRSY-o3wxPlN0"
        }, {
          "placeId": "ChIJr6M-c8nEXzkRpp1sjpCHnEw"
        }, {
          "placeId": "ChIJi4oKFMnEXzkRkP7ANj01w2M"
        }, {
          "placeId": "ChIJPSOJJcnEXzkRVDV7QXMiZBo"
        }, {
          "placeId": "ChIJ4Rj-K8_EXzkRfGWpQ-hwp3k"
        }, {
          "placeId": "ChIJk3vBas_EXzkREcHZ9Ml9tCY"
        }, {
          "placeId": "ChIJPcZ-ec_EXzkR9t3TRgFbG_o"
        }, {
          "placeId": "ChIJQUwjDtzEXzkR0pacDr720F0"
        }, {
          "placeId": "ChIJ2VZSVt7EXzkRGD6slSCbA34"
        }, {
          "placeId": "ChIJD3P98x_FXzkRiN7OZspWm-w"
        }, {
          "placeId": "ChIJuYq5mB_FXzkRSDnaNVzM-Tw"
        }, {
          "placeId": "ChIJHxhvHx_FXzkRegj9VpIYAXs"
        }, {
          "placeId": "ChIJacgW0R7FXzkRT4QQK9tpRCs"
        }, {
          "placeId": "ChIJA6Qu0h7FXzkRTw8YEVg0ZSA"
        }, {
          "placeId": "ChIJ82N4NxnFXzkRKcYCQhYYF7E"
        }, {
          "placeId": "ChIJUYomaRnFXzkRTxcyN8ACDNE"
        }, {
          "placeId": "ChIJT0wSbxnFXzkRidbPIO3igpg"
        }, {
          "placeId": "ChIJga-2CRrFXzkRH2DnwNlnNA0"
        }, {
          "placeId": "ChIJBQAtvRDFXzkRpcgTPURD0O8"
        }, {
          "placeId": "ChIJz0HNuhHFXzkRrysceAm9CIU"
        }, {
          "placeId": "ChIJCxzhuhHFXzkRoW4biX4T-iw"
        }, {
          "placeId": "ChIJxXVJGw7FXzkRpT0ngo0tno0"
        }, {
          "placeId": "ChIJX5-QDw7FXzkRxnzdkZpoyO4"
        }, {
          "placeId": "ChIJu7uoDg7FXzkR5vIRZvoYLDo"
        }, {
          "placeId": "ChIJbwXMdQ7FXzkR6pvszO0wLpo"
        }, {
          "placeId": "ChIJSdXq1w3FXzkRiLJVmUVOv7I"
        }, {
          "placeId": "ChIJZ6kl1A3FXzkR8orBUjrPHlo"
        }, {
          "placeId": "ChIJC3C-LAzFXzkReAd2v4zKsus"
        }, {
          "placeId": "ChIJ9U6GOwzFXzkR8JGE1AVzAXU"
        }, {
          "placeId": "ChIJUVLHFQzFXzkRdPsWk1E38ZE"
        }, {
          "placeId": "ChIJuYSwcgzFXzkR7S16tmodv7M"
        }, {
          "placeId": "ChIJH1S0dQzFXzkRiXTBqyGuEp8"
        }, {
          "placeId": "ChIJhVL6oQvFXzkRbBbGPooQhx0"
        }, {
          "placeId": "ChIJET81nwvFXzkRls9h3RDKiOk"
        }, {
          "placeId": "ChIJUahzggvFXzkRD_mDizf1o8Y"
        }, {
          "placeId": "ChIJo7wqgQzFXzkRJVxRUAFBLVA"
        }, {
          "placeId": "ChIJ9fz4hgzFXzkRj66gyppX4qc"
        }, {
          "placeId": "ChIJdSzyjwzFXzkROE1W9ar1VHY"
        }, {
          "placeId": "ChIJ1ViklgzFXzkRoFjTcWhjxjs"
        }, {
          "placeId": "ChIJ4b3glAzFXzkRAGm98yKpuB0"
        }, {
          "placeId": "ChIJ4bJguQzFXzkRUQ5gI02_dVc"
        }, {
          "placeId": "ChIJF8s9sgzFXzkRq4yA4btatYI"
        }, {
          "placeId": "ChIJC3XFrAzFXzkRlPwWxSYsvWQ"
        }, {
          "placeId": "ChIJA_PrVHPFXzkRu2hphv2ckns"
        }, {
          "placeId": "ChIJ_6-BXnPFXzkRQhUxaIztIhU"
        }, {
          "placeId": "ChIJv31wZHPFXzkRorXVjtEQvPE"
        }, {
          "placeId": "ChIJWVdneXPFXzkR3jTQqjPVXaI"
        }, {
          "placeId": "ChIJLzJxgnPFXzkRZqUlyH00tjc"
        }, {
          "placeId": "ChIJF4HVd3PFXzkRLibHFGXBsm4"
        }, {
          "placeId": "ChIJCVs0dXPFXzkR6V7QfneMykY"
        }, {
          "placeId": "ChIJF95XCnPFXzkRsa4tL_cHlXk"
        }, {
          "placeId": "ChIJtadGBnPFXzkRhrNzg4MlnFQ"
        }, {
          "placeId": "ChIJybTT_XLFXzkRSvRd8tL-N-0"
        }, {
          "placeId": "ChIJDzjr-3LFXzkRPknb0NjX_20"
        }, {
          "placeId": "ChIJ6wL38HLFXzkR_qCEAJgCAi8"
        }, {
          "placeId": "ChIJa6KG8XLFXzkRPPLGzL0eKKE"
        }, {
          "placeId": "ChIJySX58nLFXzkR4JIa_w6XARw"
        }, {
          "placeId": "ChIJvyl1jXLFXzkRjDoRVNK1jq8"
        }, {
          "placeId": "ChIJU2ojkHLFXzkRVrAj8uWwZlk"
        }, {
          "placeId": "ChIJ8__emnLFXzkR4vuN9tVvLo8"
        }, {
          "placeId": "ChIJV-1Ig3LFXzkRJD6f-QvwYbo"
        }],
        "distanceMeters": 12680.730137043769
      },
      "simplifiedRawPath": {
        "points": [{
          "latE7": 222787337,
          "lngE7": 732351578,
          "accuracyMeters": 52,
          "timestamp": "2018-11-03T08:43:10.823Z"
        }, {
          "latE7": 222807752,
          "lngE7": 732386212,
          "accuracyMeters": 29,
          "timestamp": "2018-11-03T08:45:13.984Z"
        }]
      },
      "parkingEvent": {
        "location": {
          "latitudeE7": 222844532,
          "longitudeE7": 732412107,
          "accuracyMetres": 102
        },
        "method": "EXITING_VEHICLE_SIGNAL",
        "locationSource": "UNKNOWN",
        "timestamp": "2018-11-03T08:56:46.179Z"
      }
    }
  }, {
    "placeVisit": {
      "location": {
        "latitudeE7": 222840148,
        "longitudeE7": 732408315,
        "placeId": "ChIJ_RqQnHLFXzkRgQkmFsn8wGo",
        "address": "E-64/65, E-64/65, Kubereshwar Marg, Parn Vihar Society, Goverdhan Twp, Kendranagar, Vadodara, Gujarat 390025, India",
        "name": "Parn Vihar Society",
        "sourceInfo": {
          "deviceTag": 1755654135
        },
        "locationConfidence": 76.69606
      },
      "duration": {
        "startTimestamp": "2018-11-03T09:01:38.731Z",
        "endTimestamp": "2018-11-03T10:05:44.992Z"
      },
      "placeConfidence": "MEDIUM_CONFIDENCE",
      "centerLatE7": 222844506,
      "centerLngE7": 732411534,
      "visitConfidence": 94,
      "otherCandidateLocations": [{
        "latitudeE7": 222843595,
        "longitudeE7": 732414907,
        "placeId": "ChIJdQgDcG3FXzkRm-VZXoKY94E",
        "address": "C-84 Nilamber Villa, Kubereshwar Marg, Prarthana Tenements, Goverdhan Twp, Kendranagar, Vadodara, Gujarat 390025, India",
        "name": "Nilamber Villa Society",
        "locationConfidence": 9.250333
      }, {
        "latitudeE7": 222843342,
        "longitudeE7": 732403336,
        "placeId": "ChIJ4dDqjnLFXzkRrQSNf5oXAa0",
        "address": "C-1/10, Kubereshwar Marg, Prarthana Tenements, Goverdhan Twp, Kendranagar, Vadodara, Gujarat 390025, India",
        "locationConfidence": 3.0344937
      }, {
        "latitudeE7": 222881126,
        "longitudeE7": 732401352,
        "placeId": "ChIJ5f9w8XHFXzkRfxVtbpRLM6c",
        "locationConfidence": 1.2076606
      }, {
        "latitudeE7": 222836654,
        "longitudeE7": 732404207,
        "placeId": "ChIJhbPhmXLFXzkRoi_stz9pFkw",
        "address": "Devashish Bunglows Kubereshwar Marg, Dabhoi - Waghodia Ring Rd, Goverdhan Twp, Kendranagar, Vadodara, Gujarat 390025, India",
        "name": "Devashish Bungalows",
        "locationConfidence": 1.1364644
      }, {
        "latitudeE7": 222830501,
        "longitudeE7": 732421874,
        "placeId": "ChIJoRnORW3FXzkR92oS-rgALZM",
        "address": "1, Kubereshwar Marg, Goverdhan Twp, Kendranagar, Vadodara, Gujarat 390025, India",
        "name": "Shreeji Tirth Duplex",
        "locationConfidence": 0.85628587
      }, {
        "latitudeE7": 222850399,
        "longitudeE7": 732429394,
        "placeId": "ChIJDUUQCm3FXzkRZRSNVgS83M0",
        "address": "61, Goverdhan Twp, Kendranagar, Vadodara, Gujarat 390025, India",
        "name": "Nirant Bungalows",
        "locationConfidence": 0.77354306
      }, {
        "latitudeE7": 222837052,
        "longitudeE7": 732382395,
        "placeId": "ChIJ9Zkw7HLFXzkRAtL4EARmIyk",
        "locationConfidence": 0.53349316
      }, {
        "latitudeE7": 222858108,
        "longitudeE7": 732422913,
        "placeId": "ChIJnydPl23FXzkRUzaTyBfrg5M",
        "address": "Radhe Pushti Bunglows near Goverdhan Township Narayan Vidhyalay Road,Dabhoi, 76PR+8W4, Ring Road, Goverdhan Twp, Waghodia, Vadodara, Gujarat 390025, India",
        "name": "Radhe Pushti Bungalows",
        "locationConfidence": 0.5319937
      }],
      "editConfirmationStatus": "NOT_CONFIRMED",
      "locationConfidence": 74,
      "placeVisitType": "SINGLE_PLACE",
      "placeVisitImportance": "MAIN"
    }
  }, {
    "activitySegment": {
      "startLocation": {
        "latitudeE7": 222844998,
        "longitudeE7": 732412435,
        "sourceInfo": {
          "deviceTag": 1755654135
        }
      },
      "endLocation": {
        "latitudeE7": 222881440,
        "longitudeE7": 732287525,
        "sourceInfo": {
          "deviceTag": 1755654135
        }
      },
      "duration": {
        "startTimestamp": "2018-11-03T10:05:44.992Z",
        "endTimestamp": "2018-11-03T11:20:49.523Z"
      },
      "distance": 64121,
      "activityType": "MOTORCYCLING",
      "confidence": "MEDIUM",
      "activities": [{
        "activityType": "MOTORCYCLING",
        "probability": 70.35016968073717
      }, {
        "activityType": "IN_PASSENGER_VEHICLE",
        "probability": 23.06172605507663
      }, {
        "activityType": "WALKING",
        "probability": 4.088764370108542
      }],
      "waypointPath": {
        "waypoints": [{
          "latE7": 222845039,
          "lngE7": 732411880
        }, {
          "latE7": 223028945,
          "lngE7": 732539215
        }, {
          "latE7": 223244781,
          "lngE7": 732324600
        }, {
          "latE7": 221522521,
          "lngE7": 733752975
        }, {
          "latE7": 221361846,
          "lngE7": 734187393
        }, {
          "latE7": 222793388,
          "lngE7": 732301254
        }, {
          "latE7": 222879467,
          "lngE7": 732287292
        }],
        "source": "INFERRED",
        "distanceMeters": 2680.3837581022244
      },
      "simplifiedRawPath": {
        "points": [{
          "latE7": 223245223,
          "lngE7": 732324002,
          "accuracyMeters": 92,
          "timestamp": "2018-11-03T11:08:04.338Z"
        }]
      },
      "parkingEvent": {
        "location": {
          "latitudeE7": 222880455,
          "longitudeE7": 732290841,
          "accuracyMetres": 111
        },
        "method": "END_OF_ACTIVITY_SEGMENT",
        "locationSource": "UNKNOWN",
        "timestamp": "2018-11-03T11:22:50.996Z"
      }
    }
  }, {
    "placeVisit": {
      "location": {
        "latitudeE7": 222881440,
        "longitudeE7": 732287525,
        "placeId": "ChIJfzMHjp3FXzkR-BWRjhM3I3Y",
        "address": "Maldhari Tarn rasta, 76QH+7GC, ભાથુજી નાગર, વાધોડીયા, વડોદરા, ગુજરાત 390025, ભારત",
        "name": "DMart",
        "sourceInfo": {
          "deviceTag": 1755654135
        },
        "locationConfidence": 83.73384
      },
      "duration": {
        "startTimestamp": "2018-11-03T11:20:49.523Z",
        "endTimestamp": "2018-11-03T11:26:13.076Z"
      },
      "placeConfidence": "MEDIUM_CONFIDENCE",
      "centerLatE7": 222880800,
      "centerLngE7": 732293220,
      "visitConfidence": 92,
      "otherCandidateLocations": [{
        "latitudeE7": 222878124,
        "longitudeE7": 732291649,
        "placeId": "ChIJFQ-n9Z3FXzkR5cZBeRsg6Cc",
        "locationConfidence": 5.822716
      }, {
        "latitudeE7": 222880457,
        "longitudeE7": 732292095,
        "placeId": "ChIJO-eG1snFXzkRTNVaE14WH7M",
        "address": "A3 Keshav Kutir Soc, Road, beside D Mart Road, Waghodia, Vadodara, Gujarat 390019, India",
        "name": "K RAJU MADRAS KHIRU CENTER",
        "locationConfidence": 1.4952699
      }, {
        "latitudeE7": 222881688,
        "longitudeE7": 732294610,
        "placeId": "ChIJp-ReIHbFXzkRQ1MOor0D3ZA",
        "address": "76QH+7Q8, Waghodia, Gujarat 390025, India",
        "name": "Keshav Kutir Society",
        "locationConfidence": 0.66092515,
        "isCurrentLocation": true
      }, {
        "latitudeE7": 222884238,
        "longitudeE7": 732280585,
        "placeId": "ChIJtcCpl53FXzkR2Mk2f9-qoVQ",
        "address": "Maldhari taran rasta Rd, 76QH+967, વાધોડીયા, વડોદરા, ગુજરાત 390025, ભારત",
        "name": "Shriji Villa Complex",
        "locationConfidence": 0.43448323
      }],
      "editConfirmationStatus": "NOT_CONFIRMED",
      "locationConfidence": 79,
      "placeVisitType": "SINGLE_PLACE",
      "placeVisitImportance": "MAIN"
    }
  }, {
    "activitySegment": {
      "startLocation": {
        "latitudeE7": 222881440,
        "longitudeE7": 732287525,
        "sourceInfo": {
          "deviceTag": 1755654135
        }
      },
      "endLocation": {
        "latitudeE7": 222844998,
        "longitudeE7": 732412435,
        "sourceInfo": {
          "deviceTag": 1755654135
        }
      },
      "duration": {
        "startTimestamp": "2018-11-03T11:26:13.076Z",
        "endTimestamp": "2018-11-03T11:30:16.411Z"
      },
      "distance": 1410,
      "activityType": "MOTORCYCLING",
      "confidence": "MEDIUM",
      "activities": [{
        "activityType": "MOTORCYCLING",
        "probability": 65.16635521778164
      }, {
        "activityType": "IN_PASSENGER_VEHICLE",
        "probability": 32.63310853842619
      }, {
        "activityType": "WALKING",
        "probability": 1.763296683924837
      }],
      "waypointPath": {
        "waypoints": [{
          "latE7": 222879467,
          "lngE7": 732287292
        }, {
          "latE7": 222874431,
          "lngE7": 732344665
        }, {
          "latE7": 222845039,
          "lngE7": 732411880
        }],
        "source": "INFERRED",
        "distanceMeters": 1867.5719429361322
      },
      "simplifiedRawPath": {
        "points": [{
          "latE7": 222872788,
          "lngE7": 732379863,
          "accuracyMeters": 28,
          "timestamp": "2018-11-03T11:28:14.993Z"
        }]
      },
      "parkingEvent": {
        "location": {
          "latitudeE7": 222844998,
          "longitudeE7": 732412435,
          "accuracyMetres": 84
        },
        "method": "EXITING_VEHICLE_SIGNAL",
        "locationSource": "UNKNOWN",
        "timestamp": "2018-11-03T11:31:11.166Z"
      }
    }
  }, {
    "placeVisit": {
      "location": {
        "latitudeE7": 222840148,
        "longitudeE7": 732408315,
        "placeId": "ChIJ_RqQnHLFXzkRgQkmFsn8wGo",
        "address": "E-64/65, E-64/65, Kubereshwar Marg, Parn Vihar Society, Goverdhan Twp, Kendranagar, Vadodara, Gujarat 390025, India",
        "name": "Parn Vihar Society",
        "sourceInfo": {
          "deviceTag": 1755654135
        },
        "locationConfidence": 82.05022
      },
      "duration": {
        "startTimestamp": "2018-11-03T11:30:16.411Z",
        "endTimestamp": "2018-11-03T12:00:11.588Z"
      },
      "placeConfidence": "MEDIUM_CONFIDENCE",
      "centerLatE7": 222843522,
      "centerLngE7": 732409828,
      "visitConfidence": 94,
      "otherCandidateLocations": [{
        "latitudeE7": 222843595,
        "longitudeE7": 732414907,
        "placeId": "ChIJdQgDcG3FXzkRm-VZXoKY94E",
        "address": "C-84 Nilamber Villa, Kubereshwar Marg, Prarthana Tenements, Goverdhan Twp, Kendranagar, Vadodara, Gujarat 390025, India",
        "name": "Nilamber Villa Society",
        "locationConfidence": 3.4324288
      }, {
        "latitudeE7": 222843342,
        "longitudeE7": 732403336,
        "placeId": "ChIJ4dDqjnLFXzkRrQSNf5oXAa0",
        "address": "C-1/10, Kubereshwar Marg, Prarthana Tenements, Goverdhan Twp, Kendranagar, Vadodara, Gujarat 390025, India",
        "locationConfidence": 3.0620365
      }, {
        "latitudeE7": 222881126,
        "longitudeE7": 732401352,
        "placeId": "ChIJ5f9w8XHFXzkRfxVtbpRLM6c",
        "locationConfidence": 1.2066422
      }, {
        "latitudeE7": 222836654,
        "longitudeE7": 732404207,
        "placeId": "ChIJhbPhmXLFXzkRoi_stz9pFkw",
        "address": "Devashish Bunglows Kubereshwar Marg, Dabhoi - Waghodia Ring Rd, Goverdhan Twp, Kendranagar, Vadodara, Gujarat 390025, India",
        "name": "Devashish Bungalows",
        "locationConfidence": 1.1980124
      }, {
        "latitudeE7": 222830501,
        "longitudeE7": 732421874,
        "placeId": "ChIJoRnORW3FXzkR92oS-rgALZM",
        "address": "1, Kubereshwar Marg, Goverdhan Twp, Kendranagar, Vadodara, Gujarat 390025, India",
        "name": "Shreeji Tirth Duplex",
        "locationConfidence": 0.7218408
      }, {
        "latitudeE7": 222833020,
        "longitudeE7": 732420730,
        "placeId": "ChIJj56gQ23FXzkRv3cbusWJJoQ",
        "address": "1, Kubereshwar Marg, Goverdhan Twp, Kendranagar, Vadodara, Gujarat 390025, India",
        "name": "Nilamber Bungalows-3",
        "locationConfidence": 0.56353503
      }, {
        "latitudeE7": 222850399,
        "longitudeE7": 732429394,
        "placeId": "ChIJDUUQCm3FXzkRZRSNVgS83M0",
        "address": "61, Goverdhan Twp, Kendranagar, Vadodara, Gujarat 390025, India",
        "name": "Nirant Bungalows",
        "locationConfidence": 0.54318845
      }, {
        "latitudeE7": 222837052,
        "longitudeE7": 732382395,
        "placeId": "ChIJ9Zkw7HLFXzkRAtL4EARmIyk",
        "locationConfidence": 0.5370063
      }],
      "editConfirmationStatus": "NOT_CONFIRMED",
      "locationConfidence": 78,
      "placeVisitType": "SINGLE_PLACE",
      "placeVisitImportance": "MAIN"
    }
  }, {
    "activitySegment": {
      "startLocation": {
        "latitudeE7": 223195838,
        "longitudeE7": 732273644,
        "sourceInfo": {
          "deviceTag": 1755654135
        }
      },
      "endLocation": {
        "latitudeE7": 222844851,
        "longitudeE7": 732410799,
        "sourceInfo": {
          "deviceTag": 1755654135
        }
      },
      "duration": {
        "startTimestamp": "2018-11-03T12:00:11.588Z",
        "endTimestamp": "2018-11-04T11:35:44.997Z"
      },
      "distance": 16954,
      "activityType": "IN_PASSENGER_VEHICLE",
      "confidence": "MEDIUM",
      "activities": [{
        "activityType": "IN_PASSENGER_VEHICLE",
        "probability": 81.46622858923013
      }, {
        "activityType": "MOTORCYCLING",
        "probability": 14.295626478038661
      }, {
        "activityType": "IN_BUS",
        "probability": 1.9943025314810157
      }],
      "waypointPath": {
        "waypoints": [{
          "latE7": 222845039,
          "lngE7": 732411880
        }, {
          "latE7": 223247928,
          "lngE7": 731970367
        }, {
          "latE7": 223423995,
          "lngE7": 731868591
        }, {
          "latE7": 223452396,
          "lngE7": 731855239
        }, {
          "latE7": 223480243,
          "lngE7": 732014923
        }, {
          "latE7": 223442382,
          "lngE7": 732026519
        }, {
          "latE7": 222844772,
          "lngE7": 732411804
        }],
        "source": "INFERRED",
        "roadSegment": [{
          "placeId": "ChIJV-1Ig3LFXzkRJT6f-QvwYbo"
        }, {
          "placeId": "ChIJ1-aNnHLFXzkRqq3rJCawGWI"
        }, {
          "placeId": "ChIJAbnlmnLFXzkRo_4cUPx9oMc"
        }, {
          "placeId": "ChIJLx53jXLFXzkR1S-2RHvtZQI"
        }, {
          "placeId": "ChIJdTte8HLFXzkRIfHVk8ArpJo"
        }, {
          "placeId": "ChIJ7YvL_XLFXzkRgaCZbifbmC0"
        }, {
          "placeId": "ChIJrTyYBnPFXzkRMSbVwu3lipQ"
        }, {
          "placeId": "ChIJtwnSC3PFXzkR4_1BG_UOSek"
        }, {
          "placeId": "ChIJvVw0dXPFXzkR-Ozc4HbVytE"
        }, {
          "placeId": "ChIJQ0jkdXPFXzkRcp0MgakZxCg"
        }, {
          "placeId": "ChIJDc__d3PFXzkRSpnoglxk9xo"
        }, {
          "placeId": "ChIJS3bBgXPFXzkR5e9SqRl03hg"
        }, {
          "placeId": "ChIJTXMqfXTFXzkRs_HALXFPZ6E"
        }, {
          "placeId": "ChIJ3dSuY3TFXzkRfzKrvYueZP0"
        }, {
          "placeId": "ChIJP15qYXTFXzkR3zBa6VVeCPE"
        }, {
          "placeId": "ChIJ96qxUXTFXzkR6iGd_p2IpnA"
        }, {
          "placeId": "ChIJayi_UXTFXzkRJD5lMMfXJzc"
        }, {
          "placeId": "ChIJMemmR3TFXzkR2Ujdm_aB5fY"
        }, {
          "placeId": "ChIJgavTpXbFXzkRnjjwd9fXeJM"
        }, {
          "placeId": "ChIJP7PNpXbFXzkRSAatVkgOUtk"
        }, {
          "placeId": "ChIJ-z01pHbFXzkRtTYvIB7Hes8"
        }, {
          "placeId": "ChIJz_AOsHbFXzkReUR7adKXPXk"
        }, {
          "placeId": "ChIJ_fZty3bFXzkRN-5-POXfwQ0"
        }, {
          "placeId": "ChIJb5-jKXHFXzkRvc8j_RPnQig"
        }, {
          "placeId": "ChIJpzP72XDFXzkRGcpc9nxO77s"
        }, {
          "placeId": "ChIJVdQ823DFXzkRZZxYB5oskXk"
        }, {
          "placeId": "ChIJFWbcw3DFXzkRvTHsMZPvDyY"
        }, {
          "placeId": "ChIJ0yQrlHDFXzkR9ApRrf52Mdw"
        }, {
          "placeId": "ChIJ05xhm3DFXzkRFlnm1D0ICsM"
        }, {
          "placeId": "ChIJcffbnHDFXzkRCxGJyTJK3Ro"
        }, {
          "placeId": "ChIJgTIhnXDFXzkRcf3hNJsEbd0"
        }, {
          "placeId": "ChIJ2zElnXDFXzkRERlZeiok6Aw"
        }, {
          "placeId": "ChIJl7D4d3rFXzkRTuPY1T_WrYc"
        }, {
          "placeId": "ChIJga_oeXrFXzkRgmzqCjDJq4w"
        }, {
          "placeId": "ChIJv_o_ZXrFXzkRza53Bu_LP54"
        }, {
          "placeId": "ChIJazPBZXrFXzkRVdZVTEm_D6s"
        }, {
          "placeId": "ChIJMVtoZnrFXzkRm1ZC7hryFR0"
        }, {
          "placeId": "ChIJcfF0XXrFXzkRjetdm0Djfnw"
        }, {
          "placeId": "ChIJMRxTWnrFXzkRd5tOp2BUsJs"
        }, {
          "placeId": "ChIJPzGTUHrFXzkRhUPyn_sVhP4"
        }, {
          "placeId": "ChIJabNgUXrFXzkRl_KyyhWe4RE"
        }, {
          "placeId": "ChIJt_Fhq3vFXzkRIUhjOHxHels"
        }, {
          "placeId": "ChIJv9UIpnvFXzkRlFJLksydBN4"
        }, {
          "placeId": "ChIJq8QZgHvFXzkR0MhYoILSezQ"
        }, {
          "placeId": "ChIJ6Xt8iXzFXzkRzpklz3X4xcs"
        }, {
          "placeId": "ChIJGb_Vi3zFXzkRfgVtYvKhD8g"
        }, {
          "placeId": "ChIJVejRi3zFXzkR_hbgvKnkKvU"
        }, {
          "placeId": "ChIJt-tU83zFXzkRQrTW6waSKNI"
        }, {
          "placeId": "ChIJ-amy9nzFXzkR5gDKLbshD8U"
        }, {
          "placeId": "ChIJvWPQ8HzFXzkRDKfAXAZWwxM"
        }, {
          "placeId": "ChIJZ7Vy-nzFXzkRdnzrepoxx1g"
        }, {
          "placeId": "ChIJv4aj-3zFXzkR3nxwDFNeW5w"
        }, {
          "placeId": "ChIJo1fx_HzFXzkRbnClgdbG3zQ"
        }, {
          "placeId": "ChIJCbxo_XzFXzkRjtY5IMBCQyA"
        }, {
          "placeId": "ChIJ4U2vBH3FXzkR0EgRPN8Ptuo"
        }, {
          "placeId": "ChIJZfcnEH3FXzkRPJyhDXPJaI4"
        }, {
          "placeId": "ChIJ3V8ADn3FXzkRnihzpJoCVck"
        }, {
          "placeId": "ChIJ8fi4oYfPXzkRxm81BgP7_E0"
        }, {
          "placeId": "ChIJfwoYp4fPXzkRhOUqOBgNnNs"
        }, {
          "placeId": "ChIJG2ENo4bPXzkRS2_4H8PQLU0"
        }, {
          "placeId": "ChIJvX10o4bPXzkRUpBRVQUA77M"
        }, {
          "placeId": "ChIJ6eCbo4bPXzkR-A9SqpuuFfE"
        }, {
          "placeId": "ChIJN3glA4TPXzkRCXPVOpebGFo"
        }, {
          "placeId": "ChIJR-hLBITPXzkRCVlKjvDiWbk"
        }, {
          "placeId": "ChIJT62bCYTPXzkRBfIdTkyJqPA"
        }, {
          "placeId": "ChIJXdPOioPPXzkRv1bvID3ENrI"
        }, {
          "placeId": "ChIJc2-Xi4PPXzkRV5POdd-Z5po"
        }, {
          "placeId": "ChIJFxT3joPPXzkRpRH0Ujlnjak"
        }, {
          "placeId": "ChIJy5mlmoPPXzkRAYZJ_5uHyKg"
        }, {
          "placeId": "ChIJ3X7Cn4PPXzkRLnIgydLAuag"
        }, {
          "placeId": "ChIJCegbEIPPXzkRyvIsM_gzUms"
        }, {
          "placeId": "ChIJ395JGYPPXzkRXBtLOaiOSB0"
        }, {
          "placeId": "ChIJx08NH4PPXzkRZnlRkukr7DI"
        }, {
          "placeId": "ChIJl1B82YLPXzkRFrp-Fp8Df1M"
        }, {
          "placeId": "ChIJw9lpy4LPXzkRagZqAqzhp6E"
        }, {
          "placeId": "ChIJyU8hSp3PXzkRbGu5x6OZo9c"
        }, {
          "placeId": "ChIJe_pdT53PXzkR2h5p3Qx4SeI"
        }, {
          "placeId": "ChIJfYF4Xp3PXzkRdbkIypyQWG4"
        }, {
          "placeId": "ChIJ32t22XfPXzkRA5qaL6Wdyfw"
        }, {
          "placeId": "ChIJ0zuLzHfPXzkRbbxuitZpPJk"
        }, {
          "placeId": "ChIJy00bSnbPXzkRM-IQwNiozgI"
        }, {
          "placeId": "ChIJ9yyzSHbPXzkRXYhb2MJ04GU"
        }, {
          "placeId": "ChIJ6RvGRHbPXzkRkeumP0OP0e0"
        }, {
          "placeId": "ChIJAajCXXbPXzkRa0H4gmYakuw"
        }, {
          "placeId": "ChIJPevpiXbPXzkRT5GnLEKcOVE"
        }, {
          "placeId": "ChIJ4VaihXbPXzkROxruD_9xyUI"
        }, {
          "placeId": "ChIJQXLxnHbPXzkRwWYVxfb2HKU"
        }, {
          "placeId": "ChIJV3ToIHTPXzkRydgscoFSwPA"
        }, {
          "placeId": "ChIJFRhVEHTPXzkRA_Wm0togo1s"
        }, {
          "placeId": "ChIJ9wIMDnTPXzkRaMPbl3_95F0"
        }, {
          "placeId": "ChIJTyEnC3TPXzkRofocfcVfH2c"
        }, {
          "placeId": "ChIJ_-9bdXTPXzkRUCAC-UGvcq4"
        }, {
          "placeId": "ChIJY9hfinPPXzkRK60FOEbUuac"
        }, {
          "placeId": "ChIJtejGjnPPXzkR1bjLKH5tpEA"
        }, {
          "placeId": "ChIJI4_7j3PPXzkRm1Gz7T0fIrw"
        }, {
          "placeId": "ChIJL_jTm3PPXzkRX5eGJ5Hhqjg"
        }, {
          "placeId": "ChIJTUpmn3PPXzkRq_1R_se9o6U"
        }, {
          "placeId": "ChIJuZYCCXPPXzkR3c25pHYyIBw"
        }, {
          "placeId": "ChIJhRRH4nLPXzkR3gzuWPfS_A4"
        }, {
          "placeId": "ChIJE3c3wXLPXzkRtA8GtHrnzo4"
        }, {
          "placeId": "ChIJ_c3GsHLPXzkRAGuwGy-gHrQ"
        }, {
          "placeId": "ChIJ9ePOrXLPXzkRICn6-kqGGTA"
        }, {
          "placeId": "ChIJzcx6q3LPXzkR0FrTbHjBjb4"
        }, {
          "placeId": "ChIJwe6RqxLPXzkRsOWTRFmIgk8"
        }, {
          "placeId": "ChIJ58omrhLPXzkRnYvhU4xj7IE"
        }, {
          "placeId": "ChIJ7eHwsBLPXzkRnw_M31TqGRM"
        }, {
          "placeId": "ChIJw5R3xxLPXzkRyjLmNZeiIc4"
        }, {
          "placeId": "ChIJj5aBwxLPXzkR0OEpMNvFrzg"
        }, {
          "placeId": "ChIJ88n_3BLPXzkRziTx0EFE-_o"
        }, {
          "placeId": "ChIJ097GHxPPXzkRWY_XzHOGUHY"
        }, {
          "placeId": "ChIJ81jzGRPPXzkR8sFBp2bYb-0"
        }, {
          "placeId": "ChIJE5I4FxPPXzkRn5Acxp18qg8"
        }, {
          "placeId": "ChIJ01HPFhPPXzkRXSyNqfeat0g"
        }, {
          "placeId": "ChIJC_5OERPPXzkR7TCh-VKQOno"
        }, {
          "placeId": "ChIJe8WCfBPPXzkRyNNlddFZE24"
        }, {
          "placeId": "ChIJp_sMhBTPXzkRMK6G85s9UWo"
        }, {
          "placeId": "ChIJEx7SiBTPXzkRw807LyqGUm4"
        }, {
          "placeId": "ChIJ99Mx9BTPXzkRK-XNvkfc9TM"
        }, {
          "placeId": "ChIJo0AS_xTPXzkRIbha0fHQE6E"
        }, {
          "placeId": "ChIJR16XCRXPXzkRhOCdoE_OI6c"
        }, {
          "placeId": "ChIJRcEyChXPXzkRqk8MDYkPUug"
        }, {
          "placeId": "ChIJOSixCxXPXzkRevtSEnvnuRY"
        }, {
          "placeId": "ChIJM9KqCxXPXzkRNayhb4p7pWM"
        }, {
          "placeId": "ChIJDUQodRXPXzkRAmv_uTIF8vs"
        }, {
          "placeId": "ChIJ5YeHdhXPXzkRGPU1rj8Nxx8"
        }, {
          "placeId": "ChIJdYgieRXPXzkR-l71lj7hsH8"
        }, {
          "placeId": "ChIJASSN0z_PXzkRCl9Y2rvzi2M"
        }, {
          "placeId": "ChIJM4r3yz_PXzkRPpHahT8yy0w"
        }, {
          "placeId": "ChIJBW3itT_PXzkRUVbyMBtrhPI"
        }, {
          "placeId": "ChIJs0autj_PXzkRWw0roQcS5bE"
        }, {
          "placeId": "ChIJxTHDsT_PXzkRDd51pFRfr_Q"
        }, {
          "placeId": "ChIJhfJYqD_PXzkRpm5f7AkZZEU"
        }, {
          "placeId": "ChIJLck5Bj_PXzkRjFfFAGGBdJ8"
        }, {
          "placeId": "ChIJ57YHED_PXzkRhDuPxQ99GQw"
        }, {
          "placeId": "ChIJs2-7ED_PXzkR_3QxtZKzLqQ"
        }, {
          "placeId": "ChIJ6eNkPT_PXzkR0CjBCoNj2QM"
        }, {
          "placeId": "ChIJ_5nsMD_PXzkRmlpYEYqCQps"
        }, {
          "placeId": "ChIJHR9YMz_PXzkRbE8txjgiQ08"
        }, {
          "placeId": "ChIJDZ6YyDjPXzkR1E8JHI8nxMI"
        }, {
          "placeId": "ChIJlWwswTjPXzkRup7rUybd_HI"
        }, {
          "placeId": "ChIJE-VSwDjPXzkR1LHuY0DTlrA"
        }, {
          "placeId": "ChIJ12Pi6jjPXzkRTevycWEQHCY"
        }, {
          "placeId": "ChIJqYlK7TjPXzkRL2yc3js7LPA"
        }, {
          "placeId": "ChIJ4Zf-jDjPXzkRrTw3W_z7oqo"
        }, {
          "placeId": "ChIJcadGjDjPXzkRR-I_y5Pqeq0"
        }, {
          "placeId": "ChIJtcn2izjPXzkR_BcWMU9SDBU"
        }, {
          "placeId": "ChIJ-7SpizjPXzkRoAzBsm7A2k0"
        }, {
          "placeId": "ChIJhWpP9TjPXzkRC8yZw9_O7OI"
        }, {
          "placeId": "ChIJo0oE9TjPXzkR7zyPFPdOZtU"
        }, {
          "placeId": "ChIJvTTp_TjPXzkRzN3EuVGMAPU"
        }, {
          "placeId": "ChIJzZSKAznPXzkR5io6fRHD4sI"
        }, {
          "placeId": "ChIJNRxABjnPXzkRsE1KWLPU5g4"
        }, {
          "placeId": "ChIJQzexgjnPXzkRAo7KZFcJT44"
        }, {
          "placeId": "ChIJ81NLRDrPXzkRxGhpT7GP_bk"
        }, {
          "placeId": "ChIJAc3sly_PXzkR2andX-GCAe0"
        }, {
          "placeId": "ChIJm9qIly_PXzkRmckE1yknWE0"
        }, {
          "placeId": "ChIJYbIYmC_PXzkR60ssaPy7REw"
        }, {
          "placeId": "ChIJb1E_mC_PXzkRUoD7lG-w9tg"
        }, {
          "placeId": "ChIJRQnnmC_PXzkRBQv2DOMOjDo"
        }, {
          "placeId": "ChIJY6kFny_PXzkR3YxBG-9vDes"
        }, {
          "placeId": "ChIJIaoEdS_PXzkR6h18-U4NDx4"
        }, {
          "placeId": "ChIJ-6bkci_PXzkRAkB_MVh_WyY"
        }, {
          "placeId": "ChIJyQNubS_PXzkRJhvcidL_Kn8"
        }, {
          "placeId": "ChIJL-DybC_PXzkR1OHatKtdSnE"
        }, {
          "placeId": "ChIJW5L_ai_PXzkRedfhlPxsZKA"
        }, {
          "placeId": "ChIJKacQQS_PXzkR5B-mJp8pYU0"
        }, {
          "placeId": "ChIJj7xdRi_PXzkRLgWHfgeB358"
        }, {
          "placeId": "ChIJuxjcSC_PXzkRQkXiUYZUkWE"
        }, {
          "placeId": "ChIJuZTySy_PXzkR23Ke46sTsXY"
        }, {
          "placeId": "ChIJ2yh3Sy_PXzkRjaKV3BGrSyI"
        }, {
          "placeId": "ChIJ40uVtCjPXzkR-3aFdx1m5Kc"
        }, {
          "placeId": "ChIJVTYktCjPXzkRrtumEyeZKz8"
        }, {
          "placeId": "ChIJrZ_JuSjPXzkR9A0nWAmGEvA"
        }, {
          "placeId": "ChIJ4-EvvyjPXzkRWneoJ_x1hIQ"
        }, {
          "placeId": "ChIJX5503SjPXzkRbYQOX_7QBSE"
        }, {
          "placeId": "ChIJ_6DnGCnPXzkRwXNklFyZ_SI"
        }, {
          "placeId": "ChIJC-37FinPXzkR_GKDcuw5XOg"
        }, {
          "placeId": "ChIJ7SUcbCnPXzkR2tKTDA-uoaw"
        }, {
          "placeId": "ChIJZZBMYynPXzkRcGJKvyPzfxw"
        }, {
          "placeId": "ChIJqyEAzCvPXzkRhUl7ZDFZTGY"
        }, {
          "placeId": "ChIJ76xIrSvPXzkRZ46Mvx07qUY"
        }, {
          "placeId": "ChIJ-Sa2rCvPXzkRZprSv6qkepc"
        }, {
          "placeId": "ChIJP9utrCvPXzkRlBQFaAK45CM"
        }, {
          "placeId": "ChIJzUJXUyrPXzkR011FfVmA7f4"
        }, {
          "placeId": "ChIJ0xhbUyrPXzkRf7rmhItSqOY"
        }, {
          "placeId": "ChIJ57qXUyrPXzkRC4Tkt2UEdAs"
        }, {
          "placeId": "ChIJ65uiUCrPXzkRAwiXp6kWc4A"
        }, {
          "placeId": "ChIJWbnqXSrPXzkRIQeP36JRDo0"
        }, {
          "placeId": "ChIJ31AWZCrPXzkRARIkuKuMTbU"
        }, {
          "placeId": "ChIJ1e2VZCrPXzkRX8Fdg8kaaCs"
        }, {
          "placeId": "ChIJf5dpeyrPXzkRXWHhoZmd3Lk"
        }, {
          "placeId": "ChIJn8aSeyrPXzkRqjy1g6TNfng"
        }, {
          "placeId": "ChIJoZxCeSrPXzkRPOeQYmEznXw"
        }, {
          "placeId": "ChIJpxMjeSrPXzkR9PHOfP585mk"
        }, {
          "placeId": "ChIJU_DDeCrPXzkR-HX8ZtvYTac"
        }, {
          "placeId": "ChIJd7ZOh9XOXzkRnBHYdIAueYM"
        }, {
          "placeId": "ChIJibfzm9XOXzkRkpxCfHK22To"
        }, {
          "placeId": "ChIJ1cu2mNXOXzkRWiSxriCctK4"
        }, {
          "placeId": "ChIJ57uNo9XOXzkRHOwIK63AlTM"
        }, {
          "placeId": "ChIJFZJ0RtTOXzkRGZ5XjXQaNLw"
        }, {
          "placeId": "ChIJ384FQNTOXzkR_XT81SLwHkk"
        }, {
          "placeId": "ChIJL1cEE9TOXzkRcToq4Fd410I"
        }, {
          "placeId": "ChIJ7ZjXG9TOXzkRaJ0Gp52Hl5M"
        }, {
          "placeId": "ChIJY1fhldbOXzkRg6QkivY7GRc"
        }, {
          "placeId": "ChIJtaHtbdfOXzkRJOsRDPG-bOE"
        }, {
          "placeId": "ChIJv5FIfdfOXzkRvO9rQ9w69Y0"
        }, {
          "placeId": "ChIJfzPN0NnOXzkRrgpiHnIVJ2Q"
        }, {
          "placeId": "ChIJ9U3lH9nOXzkREA0LcZss3hc"
        }, {
          "placeId": "ChIJ3YGB39jOXzkRpvrKtekLW2A"
        }, {
          "placeId": "ChIJYd2W2NjOXzkREvY5sYwQcxs"
        }, {
          "placeId": "ChIJl2kn2NjOXzkRHjgONzaWmSA"
        }, {
          "placeId": "ChIJpXzQIN_OXzkRzpa795D9R8c"
        }, {
          "placeId": "ChIJY_dYFd_OXzkRuJa6nFGX-SA"
        }, {
          "placeId": "ChIJCeW_Zt_OXzkR5gco6fcYD8w"
        }, {
          "placeId": "ChIJEVX5nSDPXzkRpHdnTw79rC8"
        }, {
          "placeId": "ChIJ4zdimiDPXzkRTp5X24g4QZw"
        }, {
          "placeId": "ChIJlUJ9kiDPXzkRkp2gRZgDOD4"
        }, {
          "placeId": "ChIJhfhj7SDPXzkR1YSmNtrNFWs"
        }, {
          "placeId": "ChIJ1USY8SDPXzkRTDzztiT0sXo"
        }, {
          "placeId": "ChIJHR_J-yDPXzkRy3M4ueRTWN8"
        }, {
          "placeId": "ChIJly9d_iDPXzkRxD3bTJthDV0"
        }, {
          "placeId": "ChIJ9fLTASHPXzkRf3wNWC-fwss"
        }, {
          "placeId": "ChIJ0QjLASHPXzkR2_5rGXxR4wc"
        }, {
          "placeId": "ChIJawG1ASHPXzkRR1LsugSeEOo"
        }, {
          "placeId": "ChIJ8fUlByHPXzkRYU579rpXRJU"
        }, {
          "placeId": "ChIJa3QiCCHPXzkRwaJSY8UcQOU"
        }, {
          "placeId": "ChIJW9YioCHPXzkRyQlmEcOl8l4"
        }, {
          "placeId": "ChIJsTn2niHPXzkR_1-ArrkMy18"
        }, {
          "placeId": "ChIJ10-6nCHPXzkR2Lwb7VpabTQ"
        }, {
          "placeId": "ChIJF5B2hCHPXzkRGASrt7D-q7M"
        }, {
          "placeId": "ChIJu__chiHPXzkRUKVI_G_4wS8"
        }, {
          "placeId": "ChIJJX6MOSLPXzkR2mwmIFd_lMo"
        }, {
          "placeId": "ChIJkw_o9CLPXzkRSrqBGFtoik8"
        }, {
          "placeId": "ChIJUxBTuSLPXzkRjmTICTwrSfE"
        }, {
          "placeId": "ChIJPTgUsyLPXzkRCuLAqk_xYo0"
        }, {
          "placeId": "ChIJA4fWTD3PXzkRlVwcURQQCs4"
        }, {
          "placeId": "ChIJ-8r9Tj3PXzkRs0Q8cKoqF-8"
        }, {
          "placeId": "ChIJR4tiRD3PXzkRAwWhrsJfzeU"
        }, {
          "placeId": "ChIJZfD6ZT3PXzkRr9KVwXNpzwU"
        }, {
          "placeId": "ChIJcznhZD3PXzkRGudlYxsE6mQ"
        }, {
          "placeId": "ChIJWeCgfj3PXzkR6oVhxfVphoQ"
        }, {
          "placeId": "ChIJHUoBKhbPXzkRPcV58-ThHto"
        }, {
          "placeId": "ChIJzZvOJxbPXzkR3aMATqGipFI"
        }, {
          "placeId": "ChIJ1cYPHxbPXzkRPWUAmkk5k-E"
        }, {
          "placeId": "ChIJYzyuBhbPXzkRu97oOF2fQnQ"
        }, {
          "placeId": "ChIJzdyU5BXPXzkR4Y4a_KMKW64"
        }, {
          "placeId": "ChIJ4_ba6xXPXzkR--d5E0iV9IQ"
        }, {
          "placeId": "ChIJaakk6xXPXzkRn814WJkYeWY"
        }, {
          "placeId": "ChIJD1vQlRXPXzkRbgTxTfIakRI"
        }, {
          "placeId": "ChIJFx06ohXPXzkRVpo6wLo7Pg8"
        }, {
          "placeId": "ChIJZf6FoBXPXzkRvg5evvEDkKk"
        }, {
          "placeId": "ChIJf0G7oBXPXzkRVI_-u8BiMwQ"
        }, {
          "placeId": "ChIJRZ03qBXPXzkRYqh5uqZZ4po"
        }, {
          "placeId": "ChIJ46bqVRTPXzkR8C6vu988i2Y"
        }, {
          "placeId": "ChIJj-319RTPXzkR2vtSUg5luJk"
        }, {
          "placeId": "ChIJ_4B7iBTPXzkR1tDO-l_FMNM"
        }, {
          "placeId": "ChIJQXNAhhTPXzkRLAN5SmWrMM8"
        }, {
          "placeId": "ChIJh0kmghTPXzkRF2ywnrWmvvM"
        }, {
          "placeId": "ChIJvaNqfBPPXzkRozuGvTaEQSw"
        }, {
          "placeId": "ChIJKYpNcBPPXzkRJyjzfqZwckU"
        }, {
          "placeId": "ChIJh5YnEhPPXzkRi_ICIwr0nts"
        }, {
          "placeId": "ChIJMUJREBPPXzkReGn05tSDN1o"
        }, {
          "placeId": "ChIJl22EEBPPXzkRLd1ANAF77UY"
        }, {
          "placeId": "ChIJq7MKGhPPXzkRk76RrnsDUN4"
        }, {
          "placeId": "ChIJnfsG3RLPXzkRo5YpOGA7dZg"
        }, {
          "placeId": "ChIJvRmQuBLPXzkREcH61xLBHek"
        }, {
          "placeId": "ChIJsUpRtxLPXzkRI7dxhmKjH4M"
        }, {
          "placeId": "ChIJO74gsBLPXzkR-w8zGM3X_hU"
        }, {
          "placeId": "ChIJeXNKqhLPXzkRBeybns3ZFz4"
        }, {
          "placeId": "ChIJyUqqrXLPXzkRG7lSEcqnuk0"
        }, {
          "placeId": "ChIJGZAOsXLPXzkRg1Pixvjxntw"
        }, {
          "placeId": "ChIJKcQ4t3LPXzkRgd7pjL6hZYE"
        }, {
          "placeId": "ChIJ75CBt3LPXzkRd-LRFgMY61M"
        }, {
          "placeId": "ChIJwZYFx3LPXzkRtYBl_HEhdFQ"
        }, {
          "placeId": "ChIJhWrnwnLPXzkR4Z4GdDHIVM8"
        }, {
          "placeId": "ChIJDag94XLPXzkRhX_F8npiqvk"
        }, {
          "placeId": "ChIJHU65HHPPXzkRJV7No3_110g"
        }, {
          "placeId": "ChIJI_tcD3PPXzkRbE5om0FQXtU"
        }, {
          "placeId": "ChIJN7GICnPPXzkR3CwqDcPSaJE"
        }, {
          "placeId": "ChIJO4Can3PPXzkRYLUAoWF7DIM"
        }, {
          "placeId": "ChIJGbWvnnPPXzkRpBpYfR1aVdw"
        }, {
          "placeId": "ChIJjX3nmnPPXzkRnPDUIY-6XSs"
        }, {
          "placeId": "ChIJmclYhXPPXzkR-L-2zHioYm8"
        }, {
          "placeId": "ChIJa0BoiXPPXzkRwqiMBul_V8s"
        }, {
          "placeId": "ChIJF3FydXTPXzkRkJwm_60HWdU"
        }, {
          "placeId": "ChIJ94OfDHTPXzkR_qP3N9i6agg"
        }, {
          "placeId": "ChIJ90ADDnTPXzkRcV6J8s9VRfw"
        }, {
          "placeId": "ChIJFRhVEHTPXzkR5GnrHxnVnRo"
        }, {
          "placeId": "ChIJVYVIGHTPXzkRqicGYVqiYBg"
        }, {
          "placeId": "ChIJi2wuIXTPXzkRmE5xInR6q7c"
        }, {
          "placeId": "ChIJB9lonXbPXzkR2GlU27dNM38"
        }, {
          "placeId": "ChIJ9zU-g3bPXzkRerJiTl61EvY"
        }, {
          "placeId": "ChIJ_2rfhXbPXzkRtuqMVb7aJeA"
        }, {
          "placeId": "ChIJLQfTiXbPXzkROhVkHGFb6U8"
        }, {
          "placeId": "ChIJ2TaaRHbPXzkRVlTAbjgeIkI"
        }, {
          "placeId": "ChIJM5NKNHbPXzkRGgf8MNSDaZk"
        }, {
          "placeId": "ChIJDUuZzXfPXzkRNEh700PZ-t8"
        }, {
          "placeId": "ChIJZaOSYZ3PXzkR0BFiloAY5jI"
        }, {
          "placeId": "ChIJDXStXJ3PXzkRmhTJb51fQ1I"
        }, {
          "placeId": "ChIJtzLoRZ3PXzkRipNaMj7O7_w"
        }, {
          "placeId": "ChIJNST5NJ3PXzkRlcqqY-w4mdk"
        }, {
          "placeId": "ChIJMS3qzYLPXzkRp_vwIfxOqws"
        }, {
          "placeId": "ChIJ6Yef0ILPXzkRQKsl_go8uBg"
        }, {
          "placeId": "ChIJk6G02ILPXzkRjnIFgEiPPA0"
        }, {
          "placeId": "ChIJY51QIIPPXzkRQs-y4OcOgHk"
        }, {
          "placeId": "ChIJbzRaH4PPXzkRRh9yg1-hmw0"
        }, {
          "placeId": "ChIJH6cfGYPPXzkRakUHn_3JkrM"
        }, {
          "placeId": "ChIJWfnvmoPPXzkRocR7swwt8a8"
        }, {
          "placeId": "ChIJMfyVi4PPXzkRtrohmN9BbRc"
        }, {
          "placeId": "ChIJyTjKo4bPXzkRHJH404TvHxA"
        }, {
          "placeId": "ChIJFbtPoobPXzkRb6ifSFab4xo"
        }, {
          "placeId": "ChIJ_Rn2oobPXzkRKfsu2Ngknds"
        }, {
          "placeId": "ChIJkV2NpofPXzkRmA2ixln2MJ4"
        }, {
          "placeId": "ChIJ-zLdoYfPXzkRXayOC1B4iCg"
        }, {
          "placeId": "ChIJfbIch4fPXzkRUX-X-u79FlU"
        }, {
          "placeId": "ChIJPaWNbX3FXzkRqVP080yGpqQ"
        }, {
          "placeId": "ChIJcV-783zFXzkRY1iyT9RdVa4"
        }, {
          "placeId": "ChIJyYGijHzFXzkR4SU7PkbGx0I"
        }, {
          "placeId": "ChIJtXHmi3zFXzkRIjo4iPaP_zo"
        }, {
          "placeId": "ChIJcVHii3zFXzkRcaOGmb-76YE"
        }, {
          "placeId": "ChIJ92FdiXzFXzkRj_2oGsY8KA0"
        }, {
          "placeId": "ChIJe63if3vFXzkRsTYS2EwmArw"
        }, {
          "placeId": "ChIJdYXhgXvFXzkR0-xCNKQW46w"
        }, {
          "placeId": "ChIJA2iTgnvFXzkRX12GhtXiQzY"
        }, {
          "placeId": "ChIJrTRcnnvFXzkROVaP6E2oo7M"
        }, {
          "placeId": "ChIJVQwioXvFXzkR-fd6SUZA78I"
        }, {
          "placeId": "ChIJQ-hGpnvFXzkRgQvREUjyE6E"
        }, {
          "placeId": "ChIJFysgqXvFXzkRF1ExolTqXFw"
        }, {
          "placeId": "ChIJS0NfqXvFXzkRx7G7po2bGEo"
        }, {
          "placeId": "ChIJR4Voq3vFXzkRiGXzz4NoJqg"
        }, {
          "placeId": "ChIJlwWEVHrFXzkRVOHn32pijjw"
        }, {
          "placeId": "ChIJJa1LUXrFXzkR9rdKr_XbX8E"
        }, {
          "placeId": "ChIJc3E8WnrFXzkRQmZCaxyIiZw"
        }, {
          "placeId": "ChIJ5YmKXXrFXzkRgvhdDWkpSHQ"
        }, {
          "placeId": "ChIJS_cpe3rFXzkRjtUjDgOOn1Y"
        }, {
          "placeId": "ChIJwUZpeHrFXzkR_ofaQo8-JkU"
        }, {
          "placeId": "ChIJdXTggnDFXzkRq4p3dNrEBG8"
        }, {
          "placeId": "ChIJrZgYg3DFXzkRb64K--m42UE"
        }, {
          "placeId": "ChIJE2k8g3DFXzkRsfHkpHGFuw8"
        }, {
          "placeId": "ChIJ7-Ycl3DFXzkRJzg953tGRQ4"
        }, {
          "placeId": "ChIJcdSow3DFXzkRAvH5TjYrddI"
        }, {
          "placeId": "ChIJI-ih23DFXzkRmsOi3WJxWMw"
        }, {
          "placeId": "ChIJM1HbKXHFXzkRDpbFjFsoPFw"
        }, {
          "placeId": "ChIJpaPnpXbFXzkR6oBhajAPdoc"
        }, {
          "placeId": "ChIJd0fhpXbFXzkRMWpAQuA8Iio"
        }, {
          "placeId": "ChIJywl1pnbFXzkRMgSBfI7_VJc"
        }, {
          "placeId": "ChIJaeb3pnbFXzkRKfmTJCHsAqY"
        }, {
          "placeId": "ChIJ91TDHnTFXzkRi0GoMBcTaKQ"
        }, {
          "placeId": "ChIJDbFPPXTFXzkRCWyBQclyFlU"
        }, {
          "placeId": "ChIJCUDdRXTFXzkRPOQ1kkjWvZE"
        }, {
          "placeId": "ChIJEf30W3TFXzkRXHGWY3sHrU4"
        }, {
          "placeId": "ChIJv_d4fnTFXzkR9i0pyJ_79y0"
        }, {
          "placeId": "ChIJkW9zgHPFXzkRNiKH8ik5Tm0"
        }, {
          "placeId": "ChIJm2zBgXPFXzkRGktajUQdHpE"
        }, {
          "placeId": "ChIJGSsXgnPFXzkRWsy4wpVm-m4"
        }, {
          "placeId": "ChIJF4HVd3PFXzkRLibHFGXBsm4"
        }, {
          "placeId": "ChIJCVs0dXPFXzkR6V7QfneMykY"
        }, {
          "placeId": "ChIJF95XCnPFXzkRsa4tL_cHlXk"
        }, {
          "placeId": "ChIJtadGBnPFXzkRhrNzg4MlnFQ"
        }, {
          "placeId": "ChIJybTT_XLFXzkRSvRd8tL-N-0"
        }, {
          "placeId": "ChIJDzjr-3LFXzkRPknb0NjX_20"
        }, {
          "placeId": "ChIJ6wL38HLFXzkR_qCEAJgCAi8"
        }, {
          "placeId": "ChIJa6KG8XLFXzkRPPLGzL0eKKE"
        }, {
          "placeId": "ChIJySX58nLFXzkR4JIa_w6XARw"
        }, {
          "placeId": "ChIJvyl1jXLFXzkRjDoRVNK1jq8"
        }, {
          "placeId": "ChIJU2ojkHLFXzkRVrAj8uWwZlk"
        }, {
          "placeId": "ChIJ8__emnLFXzkR4vuN9tVvLo8"
        }, {
          "placeId": "ChIJV-1Ig3LFXzkRJD6f-QvwYbo"
        }],
        "distanceMeters": 3.0693099419747445
      },
      "simplifiedRawPath": {
        "points": [{
          "latE7": 223237939,
          "lngE7": 731975032,
          "accuracyMeters": 30,
          "timestamp": "2018-11-04T10:52:00.987Z"
        }, {
          "latE7": 223424690,
          "lngE7": 731868753,
          "accuracyMeters": 27,
          "timestamp": "2018-11-04T11:02:15.510Z"
        }, {
          "latE7": 223424748,
          "lngE7": 731868791,
          "accuracyMeters": 26,
          "timestamp": "2018-11-04T11:04:16.896Z"
        }]
      },
      "parkingEvent": {
        "location": {
          "latitudeE7": 222844906,
          "longitudeE7": 732410570,
          "accuracyMetres": 112
        },
        "method": "EXITING_VEHICLE_SIGNAL",
        "locationSource": "UNKNOWN",
        "timestamp": "2018-11-04T11:35:40.007Z"
      }
    }
  }, {
    "placeVisit": {
      "location": {
        "latitudeE7": 222840148,
        "longitudeE7": 732408315,
        "placeId": "ChIJ_RqQnHLFXzkRgQkmFsn8wGo",
        "address": "E-64/65, E-64/65, Kubereshwar Marg, Parn Vihar Society, Goverdhan Twp, Kendranagar, Vadodara, Gujarat 390025, India",
        "name": "Parn Vihar Society",
        "sourceInfo": {
          "deviceTag": 1755654135
        },
        "locationConfidence": 63.005077
      },
      "duration": {
        "startTimestamp": "2018-11-04T11:35:44.997Z",
        "endTimestamp": "2018-11-04T12:39:14.143Z"
      },
      "placeConfidence": "MEDIUM_CONFIDENCE",
      "centerLatE7": 222847456,
      "centerLngE7": 732407025,
      "visitConfidence": 92,
      "otherCandidateLocations": [{
        "latitudeE7": 222843226,
        "longitudeE7": 732424878,
        "placeId": "ChIJRapibW3FXzkRe8BGssgYLBY",
        "address": "Nirant Residency Narayan Vidyalaya Road \u0026 Kubereshwar Marg Bh., 76MR+PX5, Ring Rd, Goverdhan Twp, Waghodia, Vadodara, Gujarat 390025, India",
        "name": "Nirant Residency",
        "locationConfidence": 11.991562
      }, {
        "latitudeE7": 222843342,
        "longitudeE7": 732403336,
        "placeId": "ChIJ4dDqjnLFXzkRrQSNf5oXAa0",
        "address": "C-1/10, Kubereshwar Marg, Prarthana Tenements, Goverdhan Twp, Kendranagar, Vadodara, Gujarat 390025, India",
        "locationConfidence": 5.205596
      }, {
        "latitudeE7": 222845923,
        "longitudeE7": 732382017,
        "placeId": "ChIJV1VVVXLFXzkR61D38PtSUuo",
        "address": "Goverdhan Twp, Kendranagar, Vadodara, Gujarat 390025, India",
        "name": "Crystal School (Eng)",
        "locationConfidence": 3.5792065
      }, {
        "latitudeE7": 222836654,
        "longitudeE7": 732404207,
        "placeId": "ChIJhbPhmXLFXzkRoi_stz9pFkw",
        "address": "Devashish Bunglows Kubereshwar Marg, Dabhoi - Waghodia Ring Rd, Goverdhan Twp, Kendranagar, Vadodara, Gujarat 390025, India",
        "name": "Devashish Bungalows",
        "locationConfidence": 1.9244962
      }, {
        "latitudeE7": 222843595,
        "longitudeE7": 732414907,
        "placeId": "ChIJdQgDcG3FXzkRm-VZXoKY94E",
        "address": "C-84 Nilamber Villa, Kubereshwar Marg, Prarthana Tenements, Goverdhan Twp, Kendranagar, Vadodara, Gujarat 390025, India",
        "name": "Nilamber Villa Society",
        "locationConfidence": 1.6612058
      }, {
        "latitudeE7": 222881126,
        "longitudeE7": 732401352,
        "placeId": "ChIJ5f9w8XHFXzkRfxVtbpRLM6c",
        "locationConfidence": 1.2686322
      }, {
        "latitudeE7": 222837052,
        "longitudeE7": 732382395,
        "placeId": "ChIJ9Zkw7HLFXzkRAtL4EARmIyk",
        "locationConfidence": 0.9591742
      }, {
        "latitudeE7": 222858108,
        "longitudeE7": 732422913,
        "placeId": "ChIJnydPl23FXzkRUzaTyBfrg5M",
        "address": "Radhe Pushti Bunglows near Goverdhan Township Narayan Vidhyalay Road,Dabhoi, 76PR+8W4, Ring Road, Goverdhan Twp, Waghodia, Vadodara, Gujarat 390025, India",
        "name": "Radhe Pushti Bungalows",
        "locationConfidence": 0.5821239
      }],
      "editConfirmationStatus": "NOT_CONFIRMED",
      "locationConfidence": 63,
      "placeVisitType": "SINGLE_PLACE",
      "placeVisitImportance": "MAIN"
    }
  }, {
    "activitySegment": {
      "startLocation": {
        "latitudeE7": 222840387,
        "longitudeE7": 732399366,
        "sourceInfo": {
          "deviceTag": 1755654135
        }
      },
      "endLocation": {
        "latitudeE7": 222929602,
        "longitudeE7": 732063515,
        "sourceInfo": {
          "deviceTag": 1755654135
        }
      },
      "duration": {
        "startTimestamp": "2018-11-04T12:39:14.143Z",
        "endTimestamp": "2018-11-04T12:53:14.070Z"
      },
      "distance": 54770,
      "activityType": "MOTORCYCLING",
      "confidence": "MEDIUM",
      "activities": [{
        "activityType": "MOTORCYCLING",
        "probability": 83.43598075227831
      }, {
        "activityType": "IN_PASSENGER_VEHICLE",
        "probability": 15.019901379077755
      }, {
        "activityType": "WALKING",
        "probability": 1.1786012103161259
      }],
      "waypointPath": {
        "waypoints": [{
          "latE7": 222840480,
          "lngE7": 732399368
        }, {
          "latE7": 222876319,
          "lngE7": 732316513
        }, {
          "latE7": 222879562,
          "lngE7": 732279052
        }, {
          "latE7": 223479766,
          "lngE7": 732393951
        }, {
          "latE7": 224535369,
          "lngE7": 730339355
        }, {
          "latE7": 224446411,
          "lngE7": 730697555
        }, {
          "latE7": 222929477,
          "lngE7": 732062454
        }],
        "source": "INFERRED",
        "distanceMeters": 4685.810118741044
      },
      "simplifiedRawPath": {
        "points": [{
          "latE7": 222858207,
          "lngE7": 732335652,
          "accuracyMeters": 32,
          "timestamp": "2018-11-04T12:41:15.279Z"
        }, {
          "latE7": 222881088,
          "lngE7": 732280564,
          "accuracyMeters": 44,
          "timestamp": "2018-11-04T12:43:16.331Z"
        }]
      },
      "parkingEvent": {
        "location": {
          "latitudeE7": 222929602,
          "longitudeE7": 732063515,
          "accuracyMetres": 72
        },
        "method": "EXITING_VEHICLE_SIGNAL",
        "locationSource": "UNKNOWN",
        "timestamp": "2018-11-04T12:53:14.070Z"
      }
    }
  }, {
    "activitySegment": {
      "startLocation": {
        "latitudeE7": 222929602,
        "longitudeE7": 732063515,
        "sourceInfo": {
          "deviceTag": 1755654135
        }
      },
      "endLocation": {
        "latitudeE7": 222982496,
        "longitudeE7": 731996525,
        "sourceInfo": {
          "deviceTag": 1755654135
        }
      },
      "duration": {
        "startTimestamp": "2018-11-04T12:53:14.070Z",
        "endTimestamp": "2018-11-05T00:18:14.421Z"
      },
      "distance": 1019,
      "activityType": "IN_PASSENGER_VEHICLE",
      "confidence": "LOW",
      "activities": [{
        "activityType": "IN_PASSENGER_VEHICLE",
        "probability": 42.05341004672521
      }, {
        "activityType": "MOTORCYCLING",
        "probability": 31.628207962105805
      }, {
        "activityType": "WALKING",
        "probability": 18.415613402986164
      }],
      "waypointPath": {
        "waypoints": [{
          "latE7": 222929477,
          "lngE7": 732062454
        }, {
          "latE7": 222969722,
          "lngE7": 732020263
        }, {
          "latE7": 222982578,
          "lngE7": 731995773
        }],
        "source": "INFERRED",
        "roadSegment": [{
          "placeId": "ChIJBwFo0YzFXzkRlZH7yMyQ2y0"
        }, {
          "placeId": "ChIJGapRzIzFXzkRM_OjG5BgIqE"
        }, {
          "placeId": "ChIJhcXNzIzFXzkRdRYjndclc4Q"
        }, {
          "placeId": "ChIJDRAMM_PFXzkRNsPUbEZuWBw"
        }, {
          "placeId": "ChIJIzjdM_PFXzkRan52uwwsTDo"
        }, {
          "placeId": "ChIJWxjYMPPFXzkRjBbEsUtxeAk"
        }, {
          "placeId": "ChIJmaa9OPPFXzkRUnnjK-ow_Qg"
        }, {
          "placeId": "ChIJrVPKP_PFXzkRykQRqUbcM9c"
        }, {
          "placeId": "ChIJnzulF_PFXzkRMoHfwF5hsdg"
        }, {
          "placeId": "ChIJz0OmG_PFXzkRHL379U2nVXU"
        }, {
          "placeId": "ChIJ_xOhBfPFXzkRIxa7xCA62S4"
        }, {
          "placeId": "ChIJccqyDvPFXzkRMZWEgBXX6Mc"
        }, {
          "placeId": "ChIJKTqEC_PFXzkR1ZIdxz3o8FM"
        }, {
          "placeId": "ChIJ-4RGdPPFXzkRzklJOP-crKE"
        }, {
          "placeId": "ChIJf0trd_PFXzkRuMCmQbA9ElQ"
        }, {
          "placeId": "ChIJc5jdefPFXzkRqhGOAEYjUWc"
        }, {
          "placeId": "ChIJLUsNefPFXzkRpPjNSFhUB4A"
        }, {
          "placeId": "ChIJY6eRfvPFXzkRwIX3AVSQpdY"
        }, {
          "placeId": "ChIJQ0bnhvTFXzkRpAK1RiDlbEw"
        }, {
          "placeId": "ChIJW1MJYfTFXzkRd8MVVxLcbtE"
        }, {
          "placeId": "ChIJ78oiZ_TFXzkR03VW4RT42bw"
        }, {
          "placeId": "ChIJublTQ_TFXzkRX42rYlpeqvM"
        }, {
          "placeId": "ChIJ3UNHT_TFXzkR2Qi5VZuX3z4"
        }, {
          "placeId": "ChIJ9crWTvTFXzkR0Y_2zx6CsiU"
        }, {
          "placeId": "ChIJL1BnSfTFXzkRAUOOFcUVWiM"
        }, {
          "placeId": "ChIJF4VTSvTFXzkRMXizfVPGQFs"
        }, {
          "placeId": "ChIJgeefyvXFXzkRMe328XsjIRI"
        }, {
          "placeId": "ChIJ8SmEy_XFXzkR2R-M_u1dRvo"
        }, {
          "placeId": "ChIJ434-zfXFXzkRqhcWcDlAZcI"
        }, {
          "placeId": "ChIJt2mnMvTFXzkRDtF56KsdU4k"
        }, {
          "placeId": "ChIJq7OULPTFXzkRW6qn6W2zDhc"
        }, {
          "placeId": "ChIJn5EeK_TFXzkRyJhn3fxSuKs"
        }, {
          "placeId": "ChIJc18bgPbFXzkRk7bAlhVlX5E"
        }, {
          "placeId": "ChIJ0bPSf_bFXzkR_725nzYYPvo"
        }, {
          "placeId": "ChIJ1bdBefbFXzkRgmNakEFzJtE"
        }],
        "distanceMeters": 1389.4039797779033
      },
      "parkingEvent": {
        "location": {
          "latitudeE7": 222982496,
          "longitudeE7": 731996525,
          "accuracyMetres": 86
        },
        "method": "END_OF_ACTIVITY_SEGMENT",
        "locationSource": "UNKNOWN",
        "timestamp": "2018-11-05T00:18:14.421Z"
      }
    }
  }, {
    "activitySegment": {
      "startLocation": {
        "latitudeE7": 222982496,
        "longitudeE7": 731996525,
        "sourceInfo": {
          "deviceTag": 1755654135
        }
      },
      "endLocation": {
        "latitudeE7": 223098874,
        "longitudeE7": 731591167,
        "sourceInfo": {
          "deviceTag": 1755654135
        }
      },
      "duration": {
        "startTimestamp": "2018-11-05T00:18:14.421Z",
        "endTimestamp": "2018-11-05T05:13:21.404Z"
      },
      "distance": 10489,
      "activityType": "MOTORCYCLING",
      "confidence": "LOW",
      "activities": [{
        "activityType": "MOTORCYCLING",
        "probability": 46.757261161565246
      }, {
        "activityType": "IN_PASSENGER_VEHICLE",
        "probability": 39.23221174617835
      }, {
        "activityType": "WALKING",
        "probability": 7.554332521861312
      }],
      "waypointPath": {
        "waypoints": [{
          "latE7": 222982578,
          "lngE7": 731995773
        }, {
          "latE7": 223087348,
          "lngE7": 731880569
        }, {
          "latE7": 223339023,
          "lngE7": 731526870
        }, {
          "latE7": 223279666,
          "lngE7": 731549987
        }, {
          "latE7": 223097705,
          "lngE7": 731588897
        }],
        "source": "INFERRED",
        "distanceMeters": 5391.898045598997
      },
      "simplifiedRawPath": {
        "points": [{
          "latE7": 223340302,
          "lngE7": 731527843,
          "accuracyMeters": 30,
          "timestamp": "2018-11-05T05:03:19.234Z"
        }, {
          "latE7": 223278266,
          "lngE7": 731548251,
          "accuracyMeters": 29,
          "timestamp": "2018-11-05T05:05:20.294Z"
        }]
      },
      "parkingEvent": {
        "location": {
          "latitudeE7": 223098874,
          "longitudeE7": 731591167,
          "accuracyMetres": 49
        },
        "method": "EXITING_VEHICLE_SIGNAL",
        "locationSource": "UNKNOWN",
        "timestamp": "2018-11-05T05:14:39.128Z"
      }
    }
  }, {
    "placeVisit": {
      "location": {
        "latitudeE7": 223099531,
        "longitudeE7": 731591683,
        "placeId": "ChIJC3QrQqTIXzkRpu57D_xsf30",
        "address": "209,Trivia Complex, Nr, Natubhai Cir, Race Course, Vadiwadi, Vadodara, Gujarat 390007, India",
        "name": "Trivia Mall",
        "sourceInfo": {
          "deviceTag": 1755654135
        },
        "locationConfidence": 61.775356,
        "isCurrentLocation": true
      },
      "duration": {
        "startTimestamp": "2018-11-05T05:13:21.404Z",
        "endTimestamp": "2018-11-05T05:29:08.559Z"
      },
      "placeConfidence": "LOW_CONFIDENCE",
      "centerLatE7": 223100050,
      "centerLngE7": 731589550,
      "visitConfidence": 91,
      "otherCandidateLocations": [{
        "latitudeE7": 223099221,
        "longitudeE7": 731586429,
        "placeId": "ChIJa1iKYr3IXzkRK6D49OZ0qvo",
        "locationConfidence": 10.155854
      }, {
        "latitudeE7": 223084660,
        "longitudeE7": 731599220,
        "placeId": "ChIJ_6oVYr3IXzkR0NWyb8xhQcY",
        "address": "109,Race Course Towers, Race Course Rd, Race Course Towers, Race Course Rd, near Natubhai Circle, Paris Nagar, Diwalipura, Vadodara, Gujarat 390007, India",
        "name": "Dr Som Lakhani",
        "locationConfidence": 0.5581906
      }, {
        "latitudeE7": 223094560,
        "longitudeE7": 731593390,
        "placeId": "ChIJJ-QCaL3IXzkRmtsqn7R66-0",
        "address": "302-Shine Plaza,, Accord Synergy Ltd., Race Course Circle, above Vodafone Store, Race Course, Vadiwadi, Vadodara, Gujarat 390007, India",
        "name": "Accord Synergy Ltd.",
        "locationConfidence": 0.5134007
      }, {
        "latitudeE7": 223102219,
        "longitudeE7": 731583552,
        "placeId": "ChIJy6uAGi3PXzkRpxxqdIXe-dU",
        "address": "Gotri Rd, Race Course Rd, above Paramount Diagnostic Centre B/h Natubhai Centre, Natubhai Circle, Hari Nagar, Vadodara, Gujarat 390007, India",
        "name": "Dr Nita Mehta",
        "locationConfidence": 0.47185498
      }],
      "editConfirmationStatus": "NOT_CONFIRMED",
      "locationConfidence": 62,
      "placeVisitType": "SINGLE_PLACE",
      "placeVisitImportance": "MAIN"
    }
  }, {
    "activitySegment": {
      "startLocation": {
        "latitudeE7": 223100892,
        "longitudeE7": 731589309,
        "sourceInfo": {
          "deviceTag": 1755654135
        }
      },
      "endLocation": {
        "latitudeE7": 223059160,
        "longitudeE7": 731604990,
        "sourceInfo": {
          "deviceTag": 1755654135
        }
      },
      "duration": {
        "startTimestamp": "2018-11-05T05:29:08.559Z",
        "endTimestamp": "2018-11-05T06:24:46.430Z"
      },
      "distance": 491,
      "activityType": "MOTORCYCLING",
      "confidence": "LOW",
      "activities": [{
        "activityType": "MOTORCYCLING",
        "probability": 49.71296034500319
      }, {
        "activityType": "IN_PASSENGER_VEHICLE",
        "probability": 26.60582216098889
      }, {
        "activityType": "WALKING",
        "probability": 18.218075433377642
      }],
      "waypointPath": {
        "waypoints": [{
          "latE7": 223099994,
          "lngE7": 731587753
        }, {
          "latE7": 223057537,
          "lngE7": 731604309
        }],
        "source": "BACKFILLED",
        "distanceMeters": 842.8349617822885,
        "travelMode": "TWO_WHEELER",
        "confidence": 0.0
      },
      "parkingEvent": {
        "location": {
          "latitudeE7": 223059160,
          "longitudeE7": 731604990,
          "accuracyMetres": 87
        },
        "method": "END_OF_ACTIVITY_SEGMENT",
        "locationSource": "UNKNOWN",
        "timestamp": "2018-11-05T06:24:46.430Z"
      }
    }
  }, {
    "activitySegment": {
      "startLocation": {
        "latitudeE7": 223059160,
        "longitudeE7": 731604990,
        "sourceInfo": {
          "deviceTag": 1755654135
        }
      },
      "endLocation": {
        "latitudeE7": 222825191,
        "longitudeE7": 731661459,
        "sourceInfo": {
          "deviceTag": 1755654135
        }
      },
      "duration": {
        "startTimestamp": "2018-11-05T06:24:46.430Z",
        "endTimestamp": "2018-11-05T06:50:13Z"
      },
      "distance": 2818,
      "activityType": "IN_PASSENGER_VEHICLE",
      "confidence": "LOW",
      "activities": [{
        "activityType": "IN_PASSENGER_VEHICLE",
        "probability": 57.735578618554904
      }, {
        "activityType": "MOTORCYCLING",
        "probability": 39.320580812863476
      }, {
        "activityType": "WALKING",
        "probability": 2.2160880235679166
      }],
      "waypointPath": {
        "waypoints": [{
          "latE7": 223057537,
          "lngE7": 731604309
        }, {
          "latE7": 222843475,
          "lngE7": 731679840
        }, {
          "latE7": 222815570,
          "lngE7": 731645278
        }],
        "source": "BACKFILLED",
        "distanceMeters": 4367.8833246303575,
        "travelMode": "DRIVE",
        "confidence": 0.9998919361200486
      },
      "simplifiedRawPath": {
        "points": [{
          "latE7": 222843571,
          "lngE7": 731679459,
          "accuracyMeters": 3,
          "timestamp": "2018-11-05T06:48:16Z"
        }]
      }
    }
  }, {
    "activitySegment": {
      "startLocation": {
        "latitudeE7": 222825191,
        "longitudeE7": 731661459,
        "sourceInfo": {
          "deviceTag": 1755654135
        }
      },
      "endLocation": {
        "latitudeE7": 222856172,
        "longitudeE7": 732441924,
        "sourceInfo": {
          "deviceTag": 1755654135
        }
      },
      "duration": {
        "startTimestamp": "2018-11-05T06:50:13Z",
        "endTimestamp": "2018-11-07T12:15:25.467Z"
      },
      "activityType": "UNKNOWN_ACTIVITY_TYPE",
      "activities": [{
        "activityType": "UNKNOWN_ACTIVITY_TYPE",
        "probability": 0.0
      }],
      "simplifiedRawPath": {
        "points": [{
          "latE7": 222815745,
          "lngE7": 731645042,
          "accuracyMeters": 3,
          "timestamp": "2018-11-05T06:50:13Z"
        }],
        "source": "BACKFILLED",
        "distanceMeters": 8410.412266176987
      }
    }
  }, {
    "activitySegment": {
      "startLocation": {
        "latitudeE7": 222856172,
        "longitudeE7": 732441924,
        "sourceInfo": {
          "deviceTag": 1755654135
        }
      },
      "endLocation": {
        "latitudeE7": 222848405,
        "longitudeE7": 732421426,
        "sourceInfo": {
          "deviceTag": 1755654135
        }
      },
      "duration": {
        "startTimestamp": "2018-11-07T12:15:25.467Z",
        "endTimestamp": "2018-11-07T12:24:16.847Z"
      },
      "distance": 227,
      "activityType": "MOTORCYCLING",
      "confidence": "MEDIUM",
      "activities": [{
        "activityType": "MOTORCYCLING",
        "probability": 64.65539937460738
      }, {
        "activityType": "IN_PASSENGER_VEHICLE",
        "probability": 16.40859060837228
      }, {
        "activityType": "WALKING",
        "probability": 15.954318718811534
      }],
      "waypointPath": {
        "waypoints": [{
          "latE7": 222856292,
          "lngE7": 732441864
        }, {
          "latE7": 222867507,
          "lngE7": 732431030
        }, {
          "latE7": 222849750,
          "lngE7": 732421569
        }],
        "source": "INFERRED",
        "distanceMeters": 980.0923730132995
      },
      "parkingEvent": {
        "location": {
          "latitudeE7": 222848405,
          "longitudeE7": 732421426,
          "accuracyMetres": 147
        },
        "method": "END_OF_ACTIVITY_SEGMENT",
        "locationSource": "UNKNOWN",
        "timestamp": "2018-11-07T12:26:22.334Z"
      }
    }
  }, {
    "placeVisit": {
      "location": {
        "latitudeE7": 222840148,
        "longitudeE7": 732408315,
        "placeId": "ChIJ_RqQnHLFXzkRgQkmFsn8wGo",
        "address": "E-64/65, E-64/65, Kubereshwar Marg, Parn Vihar Society, Goverdhan Twp, Kendranagar, Vadodara, Gujarat 390025, India",
        "name": "Parn Vihar Society",
        "sourceInfo": {
          "deviceTag": 1755654135
        },
        "locationConfidence": 81.71804
      },
      "duration": {
        "startTimestamp": "2018-11-07T12:30:24.803Z",
        "endTimestamp": "2018-11-07T12:56:21.621Z"
      },
      "placeConfidence": "MEDIUM_CONFIDENCE",
      "centerLatE7": 222844400,
      "centerLngE7": 732410338,
      "visitConfidence": 91,
      "otherCandidateLocations": [{
        "latitudeE7": 222843595,
        "longitudeE7": 732414907,
        "placeId": "ChIJdQgDcG3FXzkRm-VZXoKY94E",
        "address": "C-84 Nilamber Villa, Kubereshwar Marg, Prarthana Tenements, Goverdhan Twp, Kendranagar, Vadodara, Gujarat 390025, India",
        "name": "Nilamber Villa Society",
        "locationConfidence": 4.3846316
      }, {
        "latitudeE7": 222843342,
        "longitudeE7": 732403336,
        "placeId": "ChIJ4dDqjnLFXzkRrQSNf5oXAa0",
        "address": "C-1/10, Kubereshwar Marg, Prarthana Tenements, Goverdhan Twp, Kendranagar, Vadodara, Gujarat 390025, India",
        "locationConfidence": 2.6525984
      }, {
        "latitudeE7": 222881126,
        "longitudeE7": 732401352,
        "placeId": "ChIJ5f9w8XHFXzkRfxVtbpRLM6c",
        "locationConfidence": 1.4667735
      }, {
        "latitudeE7": 222836654,
        "longitudeE7": 732404207,
        "placeId": "ChIJhbPhmXLFXzkRoi_stz9pFkw",
        "address": "Devashish Bunglows Kubereshwar Marg, Dabhoi - Waghodia Ring Rd, Goverdhan Twp, Kendranagar, Vadodara, Gujarat 390025, India",
        "name": "Devashish Bungalows",
        "locationConfidence": 0.84548336
      }, {
        "latitudeE7": 222833020,
        "longitudeE7": 732420730,
        "placeId": "ChIJj56gQ23FXzkRv3cbusWJJoQ",
        "address": "1, Kubereshwar Marg, Goverdhan Twp, Kendranagar, Vadodara, Gujarat 390025, India",
        "name": "Nilamber Bungalows-3",
        "locationConfidence": 0.7834273
      }, {
        "latitudeE7": 222830501,
        "longitudeE7": 732421874,
        "placeId": "ChIJoRnORW3FXzkR92oS-rgALZM",
        "address": "1, Kubereshwar Marg, Goverdhan Twp, Kendranagar, Vadodara, Gujarat 390025, India",
        "name": "Shreeji Tirth Duplex",
        "locationConfidence": 0.58745384
      }, {
        "latitudeE7": 222850399,
        "longitudeE7": 732429394,
        "placeId": "ChIJDUUQCm3FXzkRZRSNVgS83M0",
        "address": "61, Goverdhan Twp, Kendranagar, Vadodara, Gujarat 390025, India",
        "name": "Nirant Bungalows",
        "locationConfidence": 0.49908742
      }, {
        "latitudeE7": 222824717,
        "longitudeE7": 732418082,
        "placeId": "ChIJ6ZzzUW3FXzkR_w18Nv7tNxc",
        "address": "Behind Neelamber 3, Kubereshwar Marg, Waghodia - Dabhoi Ring Rd, Goverdhan Twp, Kendranagar, Vadodara, Gujarat 390025, India",
        "name": "Tirthak Bungalows",
        "locationConfidence": 0.47746778
      }],
      "editConfirmationStatus": "NOT_CONFIRMED",
      "locationConfidence": 78,
      "placeVisitType": "SINGLE_PLACE",
      "placeVisitImportance": "MAIN"
    }
  }, {
    "placeVisit": {
      "location": {
        "latitudeE7": 223096228,
        "longitudeE7": 732167570,
        "placeId": "ChIJGZUwuGTPXzkR4DvijU3awQs",
        "address": "B-30/121, Warasiya, Vadodara, Gujarat 390006, India",
        "name": "Warasia Water Tank",
        "sourceInfo": {
          "deviceTag": 1755654135
        },
        "locationConfidence": 29.416788
      },
      "duration": {
        "startTimestamp": "2018-11-09T10:04:45.263Z",
        "endTimestamp": "2018-11-09T10:13:31.612Z"
      },
      "placeConfidence": "LOW_CONFIDENCE",
      "centerLatE7": 223076717,
      "centerLngE7": 732182333,
      "visitConfidence": 89,
      "otherCandidateLocations": [{
        "latitudeE7": 223065598,
        "longitudeE7": 732171885,
        "placeId": "ChIJZahBMmPPXzkRSWfLbkVv7nA",
        "address": "Madar maholla opp. M.E.S. Boys high school, Yakutpura Rd, opp. M.E.S. Boys high school, Madar Mohalla, Patel Park Society, Yakutpura, Vadodara, Gujarat 390006, India",
        "name": "new baroda furnishing",
        "locationConfidence": 9.425551
      }, {
        "latitudeE7": 223069528,
        "longitudeE7": 732186413,
        "placeId": "ChIJJ9czx3zPXzkRch_QjNCLwc0",
        "locationConfidence": 5.082694
      }, {
        "latitudeE7": 223076480,
        "longitudeE7": 732181310,
        "placeId": "ChIJnRlKsHzPXzkR5H3SBfJWED8",
        "address": "18, Patel Park Society, Warasiya, Vadodara, Gujarat 390006, India",
        "locationConfidence": 4.5011225
      }, {
        "latitudeE7": 223073321,
        "longitudeE7": 732189487,
        "placeId": "ChIJS4Y3vnzPXzkRVETpr_QjAkI",
        "address": "Satyavilla soc, Patel Park Society, near shivdhara, Patel Park Society, Warasiya, Vadodara, Gujarat 390006, India",
        "name": "Satyavilla Society",
        "locationConfidence": 4.364181
      }, {
        "latitudeE7": 223087810,
        "longitudeE7": 732184740,
        "placeId": "ChIJ48ifWXvPXzkRYeGvYhQFG5w",
        "address": "RTO Rd, Warasiya Ring Rd, Near RTO, Patel Park Society, Warasiya, Vadodara, Gujarat 390006, India",
        "name": "Online Appointment",
        "locationConfidence": 2.9212875
      }, {
        "latitudeE7": 223102116,
        "longitudeE7": 732167276,
        "placeId": "ChIJnbi-22TPXzkRTt4gEIMqH_c",
        "address": "8668+3MQ, Warasiya, Vadodara, Gujarat 390001, India",
        "name": "Swami Teoonram Garden",
        "locationConfidence": 2.7610147
      }, {
        "latitudeE7": 223094370,
        "longitudeE7": 732185702,
        "placeId": "ChIJuUbP2KzIXzkRXQJpWsriKik",
        "address": "B/5, Satyam Apartment Warasia Rd, Near RTO, Sant Kanwar Nagar, Warasiya, Vadodara, Gujarat 390006, India",
        "name": "Prem Jeet Digital Art",
        "locationConfidence": 1.6136522
      }, {
        "latitudeE7": 223087239,
        "longitudeE7": 732176049,
        "placeId": "ChIJE6y6VHvPXzkR5p1QIi13hSE",
        "address": "8659+F2Q, RTO Rd, Patel Park Naka, Patel Park Society, Warasiya, Vadodara, Gujarat 390006, India",
        "name": "Shiv Traders",
        "locationConfidence": 1.2608536
      }, {
        "latitudeE7": 223088099,
        "longitudeE7": 732183410,
        "placeId": "ChIJ33XwWXvPXzkRLTovAJPsK1c",
        "address": "RTO Rd, near Old, Near RTO, Warasiya, Vadodara, Gujarat 390006, India",
        "name": "BHAGWATI FRUTIS AND JUICE CENTER",
        "locationConfidence": 1.0524834
      }],
      "editConfirmationStatus": "NOT_CONFIRMED",
      "locationConfidence": 34,
      "placeVisitType": "SINGLE_PLACE",
      "placeVisitImportance": "MAIN"
    }
  }, {
    "activitySegment": {
      "startLocation": {
        "latitudeE7": 223077225,
        "longitudeE7": 732185328,
        "sourceInfo": {
          "deviceTag": 1755654135
        }
      },
      "endLocation": {
        "latitudeE7": 222840148,
        "longitudeE7": 732408315,
        "sourceInfo": {
          "deviceTag": 1755654135
        }
      },
      "duration": {
        "startTimestamp": "2018-11-09T10:13:31.612Z",
        "endTimestamp": "2018-11-09T11:09:52.890Z"
      },
      "distance": 3495,
      "activityType": "MOTORCYCLING",
      "confidence": "MEDIUM",
      "activities": [{
        "activityType": "MOTORCYCLING",
        "probability": 67.58513625946195
      }, {
        "activityType": "IN_PASSENGER_VEHICLE",
        "probability": 25.972419629606797
      }, {
        "activityType": "WALKING",
        "probability": 4.376787280298484
      }],
      "waypointPath": {
        "waypoints": [{
          "latE7": 223077869,
          "lngE7": 732185211
        }, {
          "latE7": 223008403,
          "lngE7": 732301864
        }, {
          "latE7": 222840423,
          "lngE7": 732408294
        }],
        "source": "INFERRED",
        "distanceMeters": 5496.46292021577
      },
      "parkingEvent": {
        "location": {
          "latitudeE7": 222840148,
          "longitudeE7": 732408315,
          "accuracyMetres": 124
        },
        "method": "END_OF_ACTIVITY_SEGMENT",
        "locationSource": "UNKNOWN",
        "timestamp": "2018-11-09T11:09:52.890Z"
      }
    }
  }, {
    "placeVisit": {
      "location": {
        "latitudeE7": 222840148,
        "longitudeE7": 732408315,
        "placeId": "ChIJ_RqQnHLFXzkRgQkmFsn8wGo",
        "address": "E-64/65, E-64/65, Kubereshwar Marg, Parn Vihar Society, Goverdhan Twp, Kendranagar, Vadodara, Gujarat 390025, India",
        "name": "Parn Vihar Society",
        "sourceInfo": {
          "deviceTag": 1755654135
        },
        "locationConfidence": 80.11297
      },
      "duration": {
        "startTimestamp": "2018-11-09T11:09:52.890Z",
        "endTimestamp": "2018-11-12T09:36:36.874Z"
      },
      "placeConfidence": "MEDIUM_CONFIDENCE",
      "centerLatE7": 222843800,
      "centerLngE7": 732408828,
      "visitConfidence": 87,
      "otherCandidateLocations": [{
        "latitudeE7": 222844963,
        "longitudeE7": 732403107,
        "placeId": "ChIJ4dDqjnLFXzkRrQSNf5oXAa0",
        "address": "C-1/10, Kubereshwar Marg, Prarthana Tenements, Goverdhan Twp, Kendranagar, Vadodara, Gujarat 390025, India",
        "locationConfidence": 4.309264
      }, {
        "latitudeE7": 222843595,
        "longitudeE7": 732414907,
        "placeId": "ChIJdQgDcG3FXzkRm-VZXoKY94E",
        "address": "C-84 Nilamber Villa, Kubereshwar Marg, Prarthana Tenements, Goverdhan Twp, Kendranagar, Vadodara, Gujarat 390025, India",
        "name": "Nilamber Villa Society",
        "locationConfidence": 2.5091004
      }, {
        "latitudeE7": 222881126,
        "longitudeE7": 732401352,
        "placeId": "ChIJ5f9w8XHFXzkRfxVtbpRLM6c",
        "locationConfidence": 2.242577
      }, {
        "latitudeE7": 222836654,
        "longitudeE7": 732404207,
        "placeId": "ChIJhbPhmXLFXzkRoi_stz9pFkw",
        "address": "Devashish Bunglows Kubereshwar Marg, Dabhoi - Waghodia Ring Rd, Goverdhan Twp, Kendranagar, Vadodara, Gujarat 390025, India",
        "name": "Devashish Bungalows",
        "locationConfidence": 1.0196491
      }, {
        "latitudeE7": 222830501,
        "longitudeE7": 732421874,
        "placeId": "ChIJoRnORW3FXzkR92oS-rgALZM",
        "address": "1, Kubereshwar Marg, Goverdhan Twp, Kendranagar, Vadodara, Gujarat 390025, India",
        "name": "Shreeji Tirth Duplex",
        "locationConfidence": 0.77170295
      }, {
        "latitudeE7": 222837052,
        "longitudeE7": 732382395,
        "placeId": "ChIJ9Zkw7HLFXzkRAtL4EARmIyk",
        "locationConfidence": 0.67359364
      }, {
        "latitudeE7": 222850399,
        "longitudeE7": 732429394,
        "placeId": "ChIJDUUQCm3FXzkRZRSNVgS83M0",
        "address": "61, Goverdhan Twp, Kendranagar, Vadodara, Gujarat 390025, India",
        "name": "Nirant Bungalows",
        "locationConfidence": 0.60261345
      }],
      "editConfirmationStatus": "NOT_CONFIRMED",
      "locationConfidence": 77,
      "placeVisitType": "SINGLE_PLACE",
      "placeVisitImportance": "MAIN"
    }
  }, {
    "activitySegment": {
      "startLocation": {
        "latitudeE7": 222843800,
        "longitudeE7": 732408828
      },
      "endLocation": {
        "latitudeE7": 223024685,
        "longitudeE7": 732012981,
        "sourceInfo": {
          "deviceTag": 1755654135
        }
      },
      "duration": {
        "startTimestamp": "2018-11-12T09:36:36.874Z",
        "endTimestamp": "2018-11-18T14:50:35.585Z"
      },
      "activityType": "UNKNOWN_ACTIVITY_TYPE",
      "activities": [{
        "activityType": "UNKNOWN_ACTIVITY_TYPE",
        "probability": 0.0
      }],
      "simplifiedRawPath": {
        "points": [{
          "latE7": 222972945,
          "lngE7": 732018999,
          "accuracyMeters": 3,
          "timestamp": "2018-11-18T14:48:24Z"
        }],
        "source": "BACKFILLED",
        "distanceMeters": 4838.751702428815
      }
    }
  }, {
    "activitySegment": {
      "startLocation": {
        "latitudeE7": 223024685,
        "longitudeE7": 732012981,
        "sourceInfo": {
          "deviceTag": 1755654135
        }
      },
      "endLocation": {
        "latitudeE7": 223057500,
        "longitudeE7": 731978040,
        "placeId": "ChIJj2B9Y1nPXzkR5eE5iCKW63w",
        "address": "854X+843, Salatwada Main Rd, Kagdiwada, Salatwada, Machhipith Naka, Vadodara, Gujarat 390001, India",
        "name": "Marhaba Restaurant",
        "sourceInfo": {
          "deviceTag": 1755654135
        },
        "locationConfidence": 73.87517
      },
      "duration": {
        "startTimestamp": "2018-11-18T14:50:35.585Z",
        "endTimestamp": "2018-11-18T14:54:50.858Z"
      },
      "activityType": "MOTORCYCLING",
      "confidence": "MEDIUM",
      "activities": [{
        "activityType": "MOTORCYCLING",
        "probability": 85.64841330440767
      }, {
        "activityType": "IN_PASSENGER_VEHICLE",
        "probability": 8.706825663945814
      }, {
        "activityType": "WALKING",
        "probability": 4.628694193593982
      }],
      "waypointPath": {
        "waypoints": [{
          "latE7": 223024730,
          "lngE7": 732013626
        }, {
          "latE7": 223039646,
          "lngE7": 732053298
        }, {
          "latE7": 223060722,
          "lngE7": 731986770
        }],
        "source": "INFERRED",
        "distanceMeters": 1618.7279681523808
      },
      "simplifiedRawPath": {
        "points": [{
          "latE7": 223024685,
          "lngE7": 732012981,
          "accuracyMeters": 33,
          "timestamp": "2018-11-18T14:50:35.585Z"
        }]
      },
      "parkingEvent": {
        "location": {
          "latitudeE7": 223060174,
          "longitudeE7": 731979068,
          "accuracyMetres": 92
        },
        "method": "EXITING_VEHICLE_SIGNAL",
        "locationSource": "UNKNOWN",
        "timestamp": "2018-11-18T14:56:28.513Z"
      }
    }
  }, {
    "placeVisit": {
      "location": {
        "latitudeE7": 223057500,
        "longitudeE7": 731978040,
        "placeId": "ChIJj2B9Y1nPXzkR5eE5iCKW63w",
        "address": "854X+843, Salatwada Main Rd, Kagdiwada, Salatwada, Machhipith Naka, Vadodara, Gujarat 390001, India",
        "name": "Marhaba Restaurant",
        "sourceInfo": {
          "deviceTag": 1755654135
        },
        "locationConfidence": 73.87517
      },
      "duration": {
        "startTimestamp": "2018-11-18T14:54:50.858Z",
        "endTimestamp": "2018-11-18T15:09:48.881Z"
      },
      "placeConfidence": "MEDIUM_CONFIDENCE",
      "centerLatE7": 223059240,
      "centerLngE7": 731979680,
      "visitConfidence": 92,
      "otherCandidateLocations": [{
        "latitudeE7": 223059900,
        "longitudeE7": 731982810,
        "placeId": "ChIJ7f40Z1nPXzkRB96EadYn6m8",
        "address": "Al-Haadi Chicken Shawarma, G-2, Aadil Complex, opp. Sharda Mandir School, Kagdiwada, Raopura, Maccipith Naka, Vadodara, Gujarat 390001, India",
        "name": "Al-Haadi Chicken Shawarma",
        "locationConfidence": 2.2473981
      }, {
        "latitudeE7": 223041077,
        "longitudeE7": 731970290,
        "placeId": "ChIJ__-_AVnPXzkRq818IxC-mG4",
        "address": "853W+JRR, Raopura Main Road, Opposite Suryanarayan Baug, Raopura, Mandvi, Vadodara, Gujarat 390001, India",
        "name": "Suryanarayan Stationery Store",
        "locationConfidence": 1.4684778
      }, {
        "latitudeE7": 223060910,
        "longitudeE7": 731982930,
        "placeId": "ChIJ8wDAYFnPXzkR8kVeQb9SWDI",
        "address": "Salatwada, Karelibagh, Vadodara, Gujarat 390001, India",
        "name": "Sharda Mandir High School",
        "locationConfidence": 1.0773513
      }, {
        "latitudeE7": 223060514,
        "longitudeE7": 731979323,
        "placeId": "ChIJNZrqY1nPXzkRRgTdBoGBqrg",
        "address": "H-5/2/52, Kagdiwada, Salatwada, Jambubet, Vadodara, Gujarat 390001, India",
        "name": "Shawarma Place",
        "locationConfidence": 0.7192855
      }, {
        "latitudeE7": 223056856,
        "longitudeE7": 731978669,
        "placeId": "ChIJHYCYZVnPXzkR3GCk-DzfR2M",
        "locationConfidence": 0.71781266
      }, {
        "latitudeE7": 223059968,
        "longitudeE7": 731967260,
        "placeId": "ChIJpacAgVnPXzkR0ZlDz3hTQ-c",
        "address": "Basera Complex, open in, safamarva Complex, opposite Alamin Complex, Patrakar Colony, Tandalja, Vadodara, Gujarat 390001, India",
        "name": "A1 Omelette Centre",
        "locationConfidence": 0.69484514
      }, {
        "latitudeE7": 223059524,
        "longitudeE7": 731976081,
        "placeId": "ChIJZYjvU1fPXzkRdFccdSbxQvA",
        "address": "Machiephiet, Vinoba Bhave Rd, Kagdiwada, Salatwada, Jambubet, Vadodara, Gujarat 390001, India",
        "name": "SHALIMAR TAWA FRY",
        "locationConfidence": 0.514952
      }],
      "editConfirmationStatus": "NOT_CONFIRMED",
      "locationConfidence": 72,
      "placeVisitType": "SINGLE_PLACE",
      "placeVisitImportance": "MAIN"
    }
  }, {
    "activitySegment": {
      "startLocation": {
        "latitudeE7": 223057500,
        "longitudeE7": 731978040,
        "placeId": "ChIJj2B9Y1nPXzkR5eE5iCKW63w",
        "address": "854X+843, Salatwada Main Rd, Kagdiwada, Salatwada, Machhipith Naka, Vadodara, Gujarat 390001, India",
        "name": "Marhaba Restaurant",
        "sourceInfo": {
          "deviceTag": 1755654135
        },
        "locationConfidence": 73.87517
      },
      "endLocation": {
        "latitudeE7": 222840472,
        "longitudeE7": 732119543,
        "sourceInfo": {
          "deviceTag": 1755654135
        }
      },
      "duration": {
        "startTimestamp": "2018-11-18T15:09:48.881Z",
        "endTimestamp": "2018-11-19T08:52:02.854Z"
      },
      "activityType": "MOTORCYCLING",
      "confidence": "MEDIUM",
      "activities": [{
        "activityType": "MOTORCYCLING",
        "probability": 63.78169621876878
      }, {
        "activityType": "IN_PASSENGER_VEHICLE",
        "probability": 24.84079541049904
      }, {
        "activityType": "WALKING",
        "probability": 7.955866003404734
      }],
      "waypointPath": {
        "waypoints": [{
          "latE7": 223060417,
          "lngE7": 731978836
        }, {
          "latE7": 222680854,
          "lngE7": 732019805
        }, {
          "latE7": 222821350,
          "lngE7": 732234344
        }, {
          "latE7": 222854518,
          "lngE7": 732333450
        }],
        "source": "BACKFILLED",
        "distanceMeters": 6390.090185390917,
        "travelMode": "TWO_WHEELER",
        "confidence": 0.0
      },
      "simplifiedRawPath": {
        "points": [{
          "latE7": 222682152,
          "lngE7": 732019882,
          "accuracyMeters": 29,
          "timestamp": "2018-11-19T08:33:38.984Z"
        }, {
          "latE7": 222820759,
          "lngE7": 732232666,
          "accuracyMeters": 42,
          "timestamp": "2018-11-19T08:46:01.122Z"
        }]
      }
    }
  }, {
    "activitySegment": {
      "startLocation": {
        "latitudeE7": 222830350,
        "longitudeE7": 732408063,
        "sourceInfo": {
          "deviceTag": 1755654135
        }
      },
      "endLocation": {
        "latitudeE7": 222844437,
        "longitudeE7": 732415272,
        "sourceInfo": {
          "deviceTag": 1755654135
        }
      },
      "duration": {
        "startTimestamp": "2018-11-23T09:12:26Z",
        "endTimestamp": "2018-11-23T09:18:06.811Z"
      },
      "distance": 173,
      "activityType": "MOTORCYCLING",
      "confidence": "LOW",
      "activities": [{
        "activityType": "MOTORCYCLING",
        "probability": 57.164806753686534
      }, {
        "activityType": "WALKING",
        "probability": 28.89389264046851
      }, {
        "activityType": "IN_PASSENGER_VEHICLE",
        "probability": 11.71838180192245
      }],
      "waypointPath": {
        "waypoints": [{
          "latE7": 222830734,
          "lngE7": 732409667
        }, {
          "latE7": 222839241,
          "lngE7": 732418823
        }, {
          "latE7": 222844448,
          "lngE7": 732415084
        }],
        "source": "INFERRED",
        "distanceMeters": 470.0076812619075
      },
      "simplifiedRawPath": {
        "points": [{
          "latE7": 222830350,
          "lngE7": 732408063,
          "accuracyMeters": 39,
          "timestamp": "2018-11-23T09:12:26Z"
        }]
      },
      "parkingEvent": {
        "location": {
          "latitudeE7": 222844437,
          "longitudeE7": 732415272,
          "accuracyMetres": 147
        },
        "method": "END_OF_ACTIVITY_SEGMENT",
        "locationSource": "UNKNOWN",
        "timestamp": "2018-11-23T09:18:57.120Z"
      }
    }
  }, {
    "placeVisit": {
      "location": {
        "latitudeE7": 222843595,
        "longitudeE7": 732414907,
        "placeId": "ChIJdQgDcG3FXzkRm-VZXoKY94E",
        "address": "C-84 Nilamber Villa, Kubereshwar Marg, Prarthana Tenements, Goverdhan Twp, Kendranagar, Vadodara, Gujarat 390025, India",
        "name": "Nilamber Villa Society",
        "sourceInfo": {
          "deviceTag": 1755654135
        },
        "locationConfidence": 49.88668
      },
      "duration": {
        "startTimestamp": "2018-11-23T09:18:06.811Z",
        "endTimestamp": "2018-11-23T09:24:50.479Z"
      },
      "placeConfidence": "LOW_CONFIDENCE",
      "centerLatE7": 222844400,
      "centerLngE7": 732415200,
      "visitConfidence": 87,
      "otherCandidateLocations": [{
        "latitudeE7": 222840148,
        "longitudeE7": 732408315,
        "placeId": "ChIJ_RqQnHLFXzkRgQkmFsn8wGo",
        "address": "E-64/65, E-64/65, Kubereshwar Marg, Parn Vihar Society, Goverdhan Twp, Kendranagar, Vadodara, Gujarat 390025, India",
        "name": "Parn Vihar Society",
        "locationConfidence": 37.87412
      }, {
        "latitudeE7": 222844963,
        "longitudeE7": 732403107,
        "placeId": "ChIJ4dDqjnLFXzkRrQSNf5oXAa0",
        "address": "C-1/10, Kubereshwar Marg, Prarthana Tenements, Goverdhan Twp, Kendranagar, Vadodara, Gujarat 390025, India",
        "locationConfidence": 2.6188552
      }, {
        "latitudeE7": 222881126,
        "longitudeE7": 732401352,
        "placeId": "ChIJ5f9w8XHFXzkRfxVtbpRLM6c",
        "locationConfidence": 1.2042367
      }, {
        "latitudeE7": 222833020,
        "longitudeE7": 732420730,
        "placeId": "ChIJj56gQ23FXzkRv3cbusWJJoQ",
        "address": "1, Kubereshwar Marg, Goverdhan Twp, Kendranagar, Vadodara, Gujarat 390025, India",
        "name": "Nilamber Bungalows-3",
        "locationConfidence": 0.9083121
      }, {
        "latitudeE7": 222830501,
        "longitudeE7": 732421874,
        "placeId": "ChIJoRnORW3FXzkR92oS-rgALZM",
        "address": "1, Kubereshwar Marg, Goverdhan Twp, Kendranagar, Vadodara, Gujarat 390025, India",
        "name": "Shreeji Tirth Duplex",
        "locationConfidence": 0.61588436
      }, {
        "latitudeE7": 222850399,
        "longitudeE7": 732429394,
        "placeId": "ChIJDUUQCm3FXzkRZRSNVgS83M0",
        "address": "61, Goverdhan Twp, Kendranagar, Vadodara, Gujarat 390025, India",
        "name": "Nirant Bungalows",
        "locationConfidence": 0.50779605
      }, {
        "latitudeE7": 222832200,
        "longitudeE7": 732424995,
        "placeId": "ChIJ89MzR23FXzkRJefWUXZ8B14",
        "address": "Kuber Residency, Kubereshwar Marg, Prarthana Tenements, Goverdhan Twp, Kendranagar, Vadodara, Gujarat 390025, India",
        "name": "Kuber Residency",
        "locationConfidence": 0.47890043
      }],
      "editConfirmationStatus": "NOT_CONFIRMED",
      "locationConfidence": 53,
      "placeVisitType": "SINGLE_PLACE",
      "placeVisitImportance": "MAIN"
    }
  }, {
    "placeVisit": {
      "location": {
        "latitudeE7": 222681885,
        "longitudeE7": 732018433,
        "placeId": "ChIJE7zdOcbFXzkR1i-ZesiimTU",
        "address": "SF-1-12, Kabir Plaza, NR Kabir Complex, Bhavan\u0027s Makarpur road, Makarpura, Vadodara, Gujarat 390011, India",
        "name": "IIT Ashram Makarpura",
        "sourceInfo": {
          "deviceTag": 1755654135
        },
        "locationConfidence": 82.79998
      },
      "duration": {
        "startTimestamp": "2018-11-29T12:59:56.257Z",
        "endTimestamp": "2018-11-29T13:30:58.454Z"
      },
      "placeConfidence": "MEDIUM_CONFIDENCE",
      "centerLatE7": 222674719,
      "centerLngE7": 732018550,
      "visitConfidence": 90,
      "otherCandidateLocations": [{
        "latitudeE7": 222685620,
        "longitudeE7": 732004340,
        "placeId": "ChIJQzAJe8bFXzkRi0WeAHMqCrc",
        "address": "GIDC Industrial Area,Manjalpur, GIDC Industrial Area, Manjalpur, Vadodara, Gujarat 390009, India",
        "name": "Kabir Complex",
        "locationConfidence": 7.811271
      }, {
        "latitudeE7": 222676579,
        "longitudeE7": 732020495,
        "placeId": "ChIJm7RNQ8bFXzkRcksyHUjlu7A",
        "address": "shop no 1, Kabir Plaza, opp. GIDC Industrial Area, GIDC Industrial Area, Manjalpur, Vadodara, Gujarat 390011, India",
        "name": "Maji \u0026 Sons Omlet Manjalpur",
        "locationConfidence": 1.335429
      }, {
        "latitudeE7": 222678069,
        "longitudeE7": 732019360,
        "placeId": "ChIJRQ-QR8bFXzkR3wgNuydH0_0",
        "address": "shop no 1 to 4, 3rd floor, Kabir Plaza, off, Makarpura Rd, GIDC Industrial Area, Manjalpur, Vadodara, Gujarat 390009, India",
        "name": "Reliance Nippon Life Insurance",
        "locationConfidence": 0.38954103
      }, {
        "latitudeE7": 222669825,
        "longitudeE7": 732018909,
        "placeId": "ChIJdRrsMSTEXzkRj_0LQebymAk",
        "address": "201, Kabir Complex, Makarpura Rd, Near Don Bosco School, GIDC Industrial Area, Manjalpur, Vadodara, Gujarat 390010, India",
        "name": "Gupta Hospital",
        "locationConfidence": 0.35623115
      }],
      "editConfirmationStatus": "NOT_CONFIRMED",
      "locationConfidence": 79,
      "placeVisitType": "SINGLE_PLACE",
      "placeVisitImportance": "MAIN"
    }
  }]
}