{
  "timelineObjects": [{
    "activitySegment": {
      "startLocation": {
        "latitudeE7": 222845954,
        "longitudeE7": 732411605,
        "sourceInfo": {
          "deviceTag": 1755654135
        }
      },
      "endLocation": {
        "latitudeE7": 222876880,
        "longitudeE7": 732346490,
        "placeId": "ChIJpUalr3bFXzkRtodY8Tfh2Js",
        "address": "Kendranagar, Vadodara, Gujarat 390025, India",
        "name": "Gurukul",
        "sourceInfo": {
          "deviceTag": 1755654135
        },
        "locationConfidence": 22.003498
      },
      "duration": {
        "startTimestamp": "2018-08-05T09:11:38.380Z",
        "endTimestamp": "2018-08-05T09:14:56.477Z"
      },
      "activityType": "MOTORCYCLING",
      "confidence": "MEDIUM",
      "activities": [{
        "activityType": "MOTORCYCLING",
        "probability": 64.97081317307936
      }, {
        "activityType": "IN_PASSENGER_VEHICLE",
        "probability": 28.357040565875497
      }, {
        "activityType": "WALKING",
        "probability": 5.1044958656676815
      }],
      "waypointPath": {
        "waypoints": [{
          "latE7": 222845935,
          "lngE7": 732411880
        }, {
          "latE7": 222850971,
          "lngE7": 732384872
        }, {
          "latE7": 222880401,
          "lngE7": 732364730
        }],
        "source": "INFERRED",
        "distanceMeters": 1061.0704770570774
      },
      "editConfirmationStatus": "NOT_CONFIRMED",
      "parkingEvent": {
        "location": {
          "latitudeE7": 222880186,
          "longitudeE7": 732364710,
          "accuracyMetres": 116
        },
        "method": "END_OF_ACTIVITY_SEGMENT",
        "locationSource": "UNKNOWN",
        "timestamp": "2018-08-05T09:18:29.338Z"
      }
    }
  }, {
    "placeVisit": {
      "location": {
        "latitudeE7": 222876880,
        "longitudeE7": 732346490,
        "placeId": "ChIJpUalr3bFXzkRtodY8Tfh2Js",
        "address": "Kendranagar, Vadodara, Gujarat 390025, India",
        "name": "Gurukul",
        "sourceInfo": {
          "deviceTag": 1755654135
        },
        "locationConfidence": 22.003498
      },
      "duration": {
        "startTimestamp": "2018-08-05T09:14:56.477Z",
        "endTimestamp": "2018-08-05T10:44:16.451Z"
      },
      "placeConfidence": "MEDIUM_CONFIDENCE",
      "centerLatE7": 222882350,
      "centerLngE7": 732363650,
      "visitConfidence": 92,
      "otherCandidateLocations": [{
        "latitudeE7": 222895715,
        "longitudeE7": 732354972,
        "placeId": "ChIJAfJOLHHFXzkRA4x9wZ6OnAg",
        "address": "76QP+V5Q, Dabhoi - Waghodia Ring Rd, NR Kaileshdham Society, Waghodia, Vadodara, Gujarat 390025, India",
        "name": "wadhodiya dabhoi ring road",
        "locationConfidence": 3.2324278
      }, {
        "latitudeE7": 222889159,
        "longitudeE7": 732354923,
        "placeId": "ChIJAUloNHHFXzkRe77f9maHTdM",
        "address": "76QP+H59, Kendranagar, Vadodara, Gujarat 390025, India",
        "name": "Naisargi boutique",
        "locationConfidence": 2.5810435
      }, {
        "latitudeE7": 222887570,
        "longitudeE7": 732360100,
        "placeId": "ChIJBQ4cOHHFXzkR_R3QF3--fVo",
        "address": "Shop No.4,, Aditya Complex,, Nr.Javer Nagar Bus Stand,, Waghodiya Road,, Goverdhan Twp, Kendranagar, Vadodara, Gujarat 390025, India",
        "name": "Bakes \u0026 cakes",
        "locationConfidence": 2.1222892
      }, {
        "latitudeE7": 222887570,
        "longitudeE7": 732360100,
        "placeId": "ChIJBQ4cOHHFXzkRlMXwAACsy90",
        "name": "Shree Vashudev Febrication",
        "locationConfidence": 1.6290197
      }, {
        "latitudeE7": 222892906,
        "longitudeE7": 732357130,
        "placeId": "ChIJc4_yMXHFXzkRfYmYSbj9OmQ",
        "address": "15-,Sharnam Complex, Near Swaminarayan Gurukul, Waghodia-Dabhoi ring road, Kendranagar, Vadodara, Gujarat 390025, India",
        "name": "Mango Toys \u0026 Gift Shop",
        "locationConfidence": 1.3210711
      }, {
        "latitudeE7": 222887570,
        "longitudeE7": 732360100,
        "placeId": "ChIJBQ4cOHHFXzkRW6ciy_FAwjQ",
        "name": "sai mahima footwear",
        "locationConfidence": 1.2656616
      }, {
        "latitudeE7": 222874610,
        "longitudeE7": 732370700,
        "placeId": "ChIJk4WMYXHFXzkRxiHxs0PffwQ",
        "name": "Sai Stationery \u0026 Xerox",
        "locationConfidence": 1.1508361
      }, {
        "latitudeE7": 222887570,
        "longitudeE7": 732360100,
        "placeId": "ChIJBQ4cOHHFXzkR28IRWT7odO0",
        "address": "35,Shakuntal Complex,, Kaladarshan Char Rasta,, Waghodiya Road,, Kendranagar, Vadodara, Gujarat 390025, India",
        "name": "Aakar Enterprise",
        "locationConfidence": 1.1463791
      }, {
        "latitudeE7": 222887570,
        "longitudeE7": 732360100,
        "placeId": "ChIJBQ4cOHHFXzkRP4TK4teZDto",
        "name": "Khodiyar Electricals",
        "locationConfidence": 1.1111732
      }],
      "editConfirmationStatus": "NOT_CONFIRMED",
      "locationConfidence": 23,
      "placeVisitType": "SINGLE_PLACE",
      "placeVisitImportance": "MAIN"
    }
  }, {
    "placeVisit": {
      "location": {
        "latitudeE7": 222677253,
        "longitudeE7": 732020224,
        "placeId": "ChIJE7zdOcbFXzkR1i-ZesiimTU",
        "address": "SF-1-12, Kabir Plaza, NR Kabir Complex, Bhavan\u0027s Makarpur road, Makarpura, Vadodara, Gujarat 390011, India",
        "name": "IIT Ashram Makarpura",
        "sourceInfo": {
          "deviceTag": 1755654135
        },
        "locationConfidence": 65.749954
      },
      "duration": {
        "startTimestamp": "2018-08-07T09:38:13.924Z",
        "endTimestamp": "2018-08-07T09:52:06.473Z"
      },
      "placeConfidence": "LOW_CONFIDENCE",
      "centerLatE7": 222681840,
      "centerLngE7": 732018140,
      "visitConfidence": 92,
      "otherCandidateLocations": [{
        "latitudeE7": 222678884,
        "longitudeE7": 732018225,
        "placeId": "ChIJSc8gR8bFXzkRGsblozQBnlk",
        "address": "7692+4PP, GIDC Industrial Area, Manjalpur, Vadodara, Gujarat 390009, India",
        "name": "IDBI Bank",
        "locationConfidence": 17.125092
      }, {
        "latitudeE7": 222697090,
        "longitudeE7": 732029030,
        "placeId": "ChIJ8agiAsfFXzkRIBBGqSft248",
        "address": "Opp.Bhavans School, Krupal Society, Manjalpur, Vadodara, Gujarat 390010, India",
        "name": "Spice Nation",
        "locationConfidence": 2.455606
      }, {
        "latitudeE7": 222583253,
        "longitudeE7": 732073449,
        "placeId": "ChIJI3RBoLXFXzkRm2t2fBESVwo",
        "address": "36 VIP View Complex VIP Road, 1st Floor, VIP View Complex, Near - HDFC Bank, Tarsali, Vadodara, Gujarat 390009, India",
        "name": "Tamil Translation Service in Vadodara",
        "locationConfidence": 1.4654896
      }, {
        "latitudeE7": 222678069,
        "longitudeE7": 732019360,
        "placeId": "ChIJRQ-QR8bFXzkRgzvnpzqsGxc",
        "address": "Shop No 5 to 13, Kabir Plaza, Makarpura Rd, Near Kabir Complex, GIDC Industrial Area, Manjalpur, Vadodara, Gujarat 390010, India",
        "name": "IDBI Bank ATM-Manjalpur Branch",
        "locationConfidence": 1.4418657
      }, {
        "latitudeE7": 222679790,
        "longitudeE7": 732016079,
        "placeId": "ChIJdRrsMSTEXzkRj_0LQebymAk",
        "address": "201, Kabir Complex, Makarpura Rd, Near Don Bosco School, GIDC Industrial Area, Manjalpur, Vadodara, Gujarat 390010, India",
        "name": "Gupta Hospital",
        "locationConfidence": 0.5171036
      }],
      "editConfirmationStatus": "NOT_CONFIRMED",
      "locationConfidence": 62,
      "placeVisitType": "SINGLE_PLACE",
      "placeVisitImportance": "MAIN"
    }
  }, {
    "placeVisit": {
      "location": {
        "latitudeE7": 222731468,
        "longitudeE7": 731890704,
        "placeId": "ChIJ7ZHAKdzFXzkR1XQtaznZNIw",
        "address": "Patidar Crossing, Near Saraswati Complex, Manjalpur, Vadodara, Gujarat 390011, India",
        "name": "Eva The Mall",
        "sourceInfo": {
          "deviceTag": 1755654135
        },
        "locationConfidence": 71.214775,
        "isCurrentLocation": true
      },
      "duration": {
        "startTimestamp": "2018-08-22T07:08:42.276Z",
        "endTimestamp": "2018-08-22T07:22:41.294Z"
      },
      "placeConfidence": "LOW_CONFIDENCE",
      "childVisits": [{
        "location": {
          "latitudeE7": 222733519,
          "longitudeE7": 731890411,
          "placeId": "ChIJp6qqquHFXzkRvFm9K-P3PpA",
          "address": "SCHEME NO.19, EVA MALL, PATIDAR CROSSING, NEAR SARASWATI COMPLEX, MANJALPUR, Vadodara, Gujarat 390011, India",
          "name": "Big Bazar",
          "sourceInfo": {
            "deviceTag": 1755654135
          },
          "locationConfidence": 7.2005587,
          "isCurrentLocation": true
        },
        "duration": {
          "startTimestamp": "2018-08-22T07:08:42.276Z",
          "endTimestamp": "2018-08-22T07:22:41.294Z"
        },
        "placeConfidence": "LOW_CONFIDENCE",
        "centerLatE7": 222733340,
        "centerLngE7": 731887860,
        "visitConfidence": 92,
        "otherCandidateLocations": [{
          "latitudeE7": 222732917,
          "longitudeE7": 731892825,
          "placeId": "ChIJp6qqquHFXzkRvFm9K-P3PpA",
          "address": "Scheme No.19, Eva Mall patidar Crossing, near Saraswati Complex, Vaishnavdevi society, Manjalpur, Vadodara, Gujarat 390011, India",
          "name": "Big Bazaar",
          "locationConfidence": 5.968448,
          "isCurrentLocation": true
        }, {
          "latitudeE7": 222733722,
          "longitudeE7": 731891497,
          "placeId": "ChIJ61u-NdzFXzkREU6xPVp32GU",
          "address": "D-69, Vaishnavdevi society, Manjalpur, Vadodara, Gujarat 390011, India",
          "name": "PVR Eva mall Vadodara",
          "locationConfidence": 3.5245376,
          "isCurrentLocation": true
        }, {
          "latitudeE7": 222732477,
          "longitudeE7": 731883571,
          "placeId": "ChIJc8xBrrLFXzkRpdzcKMmosVY",
          "address": "EVA Mall, S No 30 to 32, Ground Floor Patidar Cross Road, Patidar Chokdi, near Saraswati Complex, Vaishnavdevi society, Manjalpur, Vadodara, Gujarat 390011, India",
          "name": "McDonald\u0027s",
          "locationConfidence": 2.285655
        }, {
          "latitudeE7": 222733733,
          "longitudeE7": 731883890,
          "placeId": "ChIJnQCYKdzFXzkRdCm40TEzp30",
          "address": "Patidar Crossing, EVA Mall, Vaishnavdevi society, Manjalpur, Vadodara, Gujarat 390011, India",
          "name": "Croma - Eva Mall, Vadodara",
          "locationConfidence": 1.7337549,
          "isCurrentLocation": true
        }, {
          "latitudeE7": 222726499,
          "longitudeE7": 731905967,
          "placeId": "ChIJpcd-XNzFXzkRNiW2uMNY4cM",
          "address": "204/205, Vinayak Commercial, Atithi Gruh, opp. Manjalpur, beside Saraswati Complex, Vaishnavdevi society, Manjalpur, Vadodara, Gujarat 390011, India",
          "name": "MRUNAL INVESTMENTS",
          "locationConfidence": 1.455928
        }, {
          "latitudeE7": 222734075,
          "longitudeE7": 731887819,
          "placeId": "ChIJUzb6RjfFXzkRW-r82AN6MeU",
          "address": "F/10, 3rd Road, Eva The Mall Patidar Crossing, 3rd Road, near Saraswati Complex, Vaishnavdevi society, Manjalpur, Vadodara, Gujarat 390011, India",
          "name": "KFC",
          "locationConfidence": 1.361479,
          "isCurrentLocation": true
        }, {
          "latitudeE7": 222734006,
          "longitudeE7": 731884664,
          "placeId": "ChIJdUjHKdzFXzkR1wdthSuMYW8",
          "address": "75FQ+998, Kanchan Rd, Vaishnavdevi society, Manjalpur, Vadodara, Gujarat 390011, India",
          "name": "Chicken Adda",
          "locationConfidence": 0.78234076,
          "isCurrentLocation": true
        }, {
          "latitudeE7": 222733772,
          "longitudeE7": 731884399,
          "placeId": "ChIJibYvK9zFXzkRFezEoM5eWpM",
          "address": "Third Floor, Eva The Mall, 75FQ+98C, near Patidar Chokadi, Vaishnavdevi society, Manjalpur, Vadodara, Gujarat 390011, India",
          "name": "Dosa Plaza",
          "locationConfidence": 0.6809828,
          "isCurrentLocation": true
        }, {
          "latitudeE7": 222731760,
          "longitudeE7": 731872010,
          "placeId": "ChIJOejuiN7FXzkR_BBg5HcUYoA",
          "address": "12/13 First Floor, Shalin Complex, Vrajdham Mandir Rd, Near Eva Mall, Kapdwanj, Manjalpur, Vadodara, Gujarat 390011, India",
          "name": "The Face Value Dental \u0026 Facial Surgery Clinic",
          "locationConfidence": 0.6272588
        }],
        "editConfirmationStatus": "NOT_CONFIRMED",
        "locationConfidence": 9,
        "placeVisitType": "SINGLE_PLACE"
      }],
      "centerLatE7": 222733340,
      "centerLngE7": 731887860,
      "visitConfidence": 92,
      "otherCandidateLocations": [{
        "latitudeE7": 222726499,
        "longitudeE7": 731905967,
        "placeId": "ChIJpcd-XNzFXzkRNiW2uMNY4cM",
        "address": "204/205, Vinayak Commercial, Atithi Gruh, opp. Manjalpur, beside Saraswati Complex, Vaishnavdevi society, Manjalpur, Vadodara, Gujarat 390011, India",
        "name": "MRUNAL INVESTMENTS",
        "locationConfidence": 0.9915122
      }, {
        "latitudeE7": 222731760,
        "longitudeE7": 731872010,
        "placeId": "ChIJOejuiN7FXzkR_BBg5HcUYoA",
        "address": "12/13 First Floor, Shalin Complex, Vrajdham Mandir Rd, Near Eva Mall, Kapdwanj, Manjalpur, Vadodara, Gujarat 390011, India",
        "name": "The Face Value Dental \u0026 Facial Surgery Clinic",
        "locationConfidence": 0.42717412
      }, {
        "latitudeE7": 222731490,
        "longitudeE7": 731862259,
        "placeId": "ChIJGU9F9t7FXzkR86WHFyN2G0w",
        "address": "11, Mebal Plaza, Near, Darbar Chokdi, Kapdwanj, Shivam Society, Manjalpur, Vadodara, Gujarat 390011, India",
        "name": "Chamunda Mobile",
        "locationConfidence": 0.3725444
      }, {
        "latitudeE7": 222725640,
        "longitudeE7": 731902150,
        "placeId": "ChIJH4I4Q9zFXzkREYRjH8v3WqQ",
        "address": "401-402, Zorba, Akshar Chowk Besides Reliance Mega Mall, Old Padra Rd, Hira Nagar, Tandalja, Vadodara, Gujarat 390020, India",
        "name": "Penta Numero uno Counseling Services",
        "locationConfidence": 0.35806078
      }],
      "editConfirmationStatus": "NOT_CONFIRMED",
      "locationConfidence": 67,
      "placeVisitType": "SINGLE_PLACE",
      "placeVisitImportance": "MAIN"
    }
  }, {
    "activitySegment": {
      "startLocation": {
        "latitudeE7": 222732760,
        "longitudeE7": 731889097,
        "sourceInfo": {
          "deviceTag": 1755654135
        }
      },
      "endLocation": {
        "latitudeE7": 222968314,
        "longitudeE7": 732294667,
        "sourceInfo": {
          "deviceTag": 1755654135
        }
      },
      "duration": {
        "startTimestamp": "2018-08-22T07:22:41.294Z",
        "endTimestamp": "2018-08-22T07:40:00.379Z"
      },
      "distance": 5485,
      "activityType": "IN_PASSENGER_VEHICLE",
      "confidence": "MEDIUM",
      "activities": [{
        "activityType": "IN_PASSENGER_VEHICLE",
        "probability": 72.63972901384416
      }, {
        "activityType": "MOTORCYCLING",
        "probability": 21.732254781974113
      }, {
        "activityType": "WALKING",
        "probability": 4.187499286298677
      }],
      "waypointPath": {
        "waypoints": [{
          "latE7": 222731399,
          "lngE7": 731888885
        }, {
          "latE7": 222937545,
          "lngE7": 732296066
        }, {
          "latE7": 222968406,
          "lngE7": 732292480
        }],
        "source": "INFERRED",
        "distanceMeters": 7152.10521858329
      },
      "editConfirmationStatus": "NOT_CONFIRMED"
    }
  }]
}