{
  "timelineObjects": [{
    "placeVisit": {
      "location": {
        "latitudeE7": 222830504,
        "longitudeE7": 731646669,
        "placeId": "ChIJX1lMKxfGXzkRBTgtguwqwD8",
        "address": "Abhishek Complex Akshar Chowk, 75M7+7VJ, Old Padra Rd, Hira Nagar, Tandalja, Vadodara, Gujarat 390007, India",
        "name": "Blue Lagoon Restaurant And Banquet",
        "sourceInfo": {
          "deviceTag": 1755654135
        },
        "locationConfidence": 19.266596
      },
      "duration": {
        "startTimestamp": "2018-12-02T15:18:31.701Z",
        "endTimestamp": "2018-12-02T16:27:59.306Z"
      },
      "placeConfidence": "MEDIUM_CONFIDENCE",
      "centerLatE7": 222824168,
      "centerLngE7": 731640532,
      "visitConfidence": 90,
      "otherCandidateLocations": [{
        "latitudeE7": 222852885,
        "longitudeE7": 731637980,
        "placeId": "ChIJeUXrVxfGXzkRJ4VDevrF8VY",
        "address": "Reliance Mall Akshar Chowk, Old Padra Rd, opposite Srering Health Mall, Dev Deep Nagar, Tandalja, Vadodara, Gujarat 390020, India",
        "name": "Reliance Mall",
        "locationConfidence": 5.8586082
      }, {
        "latitudeE7": 222823810,
        "longitudeE7": 731648770,
        "placeId": "ChIJNQAAMBDGXzkR3lNLTqmsIss",
        "address": "GF - 17, Ananya Complex Akshar Chowk, Old Padra Rd, opp. Icici bank, Akshar Chowk, Hira Nagar, Tandalja, Vadodara, Gujarat 390020, India",
        "name": "Dreamzz Mobile \u0026 Communication",
        "locationConfidence": 4.7262607
      }, {
        "latitudeE7": 222805110,
        "longitudeE7": 731629110,
        "placeId": "ChIJr6S3qqDIXzkRs-NUHGFbhXo",
        "address": "301, Raama Crest building, Beside Shreeji Bungalows, Sun Pharma Rd, Pramukh Swami nagar, Atladara, Vadodara, Gujarat 390012, India",
        "name": "Niruddha Yoga and Health Studio",
        "locationConfidence": 2.8200607
      }, {
        "latitudeE7": 222808661,
        "longitudeE7": 731643379,
        "placeId": "ChIJmXUIJhHGXzkRLk-yHHAW1VM",
        "address": "406/5, Signet Hub, Akshar Chowk, Old Padra Rd, Akota, Vadodara, Gujarat 390012, India",
        "name": "Speedforce",
        "locationConfidence": 2.156488
      }, {
        "latitudeE7": 222823057,
        "longitudeE7": 731647121,
        "placeId": "ChIJlcRSOhHGXzkRU1Y7MKiaxVg",
        "address": "g13, Anannya Complex, Akshar Chowk, Hira Nagar, Tandalja, Vadodara, Gujarat 390020, India",
        "name": "Tea Post - A Place to Talk",
        "locationConfidence": 1.518819
      }, {
        "latitudeE7": 222818600,
        "longitudeE7": 731648550,
        "placeId": "ChIJMQc20xbGXzkRAUmmk0mYQGQ",
        "address": "GF 6 Annaya complex Akshar chowk, Old Padra Rd, Akshar Chowk, Hira Nagar, Tandalja, Vadodara, Gujarat 390020, India",
        "name": "havmor Ice Cream",
        "locationConfidence": 1.107999
      }, {
        "latitudeE7": 222823600,
        "longitudeE7": 731647150,
        "placeId": "ChIJ56uwKxHGXzkRfubKP-Di7P8",
        "address": "Shop No. 14, 15, Ananya Complex, Old Padra Rd, Akshar Chowk, Hira Nagar, Tandalja, Akshar Chowk, Hira Nagar, Tandalja, Vadodara, Gujarat 390020, India",
        "name": "Chatkazz",
        "locationConfidence": 0.8634543
      }, {
        "latitudeE7": 222822020,
        "longitudeE7": 731647180,
        "placeId": "ChIJo6ml1BbGXzkRX0DzwxCuoKw",
        "address": "GF-10-11, Ananya Complex, Old Padra Rd, Akshar Chowk, Hira Nagar, Muj Mahuda, Vadodara, Gujarat 390020, India",
        "name": "20 Minutes",
        "locationConfidence": 0.706094
      }, {
        "latitudeE7": 222819630,
        "longitudeE7": 731658690,
        "placeId": "ChIJAQBMPRHGXzkRHjqahobYIAA",
        "address": "11 earth complex, manjhmuda road, Akshar Chowk, opposite dominos, Muj Mahuda, Vadodara, Gujarat 390012, India",
        "name": "Delhi Twist Paranthas",
        "locationConfidence": 0.6935066
      }],
      "editConfirmationStatus": "NOT_CONFIRMED",
      "locationConfidence": 24,
      "placeVisitType": "SINGLE_PLACE",
      "placeVisitImportance": "MAIN"
    }
  }, {
    "placeVisit": {
      "location": {
        "latitudeE7": 222731040,
        "longitudeE7": 731894776,
        "placeId": "ChIJ7ZHAKdzFXzkR1XQtaznZNIw",
        "address": "Saraswati Complex, Vrajdham Mandir Rd, Vaishnavdevi society, Manjalpur, Vadodara, Gujarat 390011, India",
        "name": "Eva The Mall",
        "sourceInfo": {
          "deviceTag": 1755654135
        },
        "locationConfidence": 68.94871,
        "isCurrentLocation": true
      },
      "duration": {
        "startTimestamp": "2018-12-14T12:14:52.552Z",
        "endTimestamp": "2018-12-14T12:31:36.027Z"
      },
      "placeConfidence": "LOW_CONFIDENCE",
      "childVisits": [{
        "location": {
          "latitudeE7": 222733722,
          "longitudeE7": 731891497,
          "placeId": "ChIJ61u-NdzFXzkREU6xPVp32GU",
          "address": "D-69, Vaishnavdevi society, Manjalpur, Vadodara, Gujarat 390011, India",
          "name": "PVR Eva mall Vadodara",
          "sourceInfo": {
            "deviceTag": 1755654135
          },
          "locationConfidence": 30.581932,
          "isCurrentLocation": true
        },
        "duration": {
          "startTimestamp": "2018-12-14T12:14:52.552Z",
          "endTimestamp": "2018-12-14T12:31:36.027Z"
        },
        "placeConfidence": "LOW_CONFIDENCE",
        "centerLatE7": 222732990,
        "centerLngE7": 731891270,
        "visitConfidence": 92,
        "otherCandidateLocations": [{
          "latitudeE7": 222732917,
          "longitudeE7": 731892825,
          "placeId": "ChIJp6qqquHFXzkRvFm9K-P3PpA",
          "address": "Scheme No.19, Eva Mall patidar Crossing, near Saraswati Complex, Vaishnavdevi society, Manjalpur, Vadodara, Gujarat 390011, India",
          "name": "Big Bazaar-VADODARA - MANJALPUR - EVA MALL",
          "locationConfidence": 3.3061385,
          "isCurrentLocation": true
        }, {
          "latitudeE7": 222732477,
          "longitudeE7": 731883571,
          "placeId": "ChIJc8xBrrLFXzkRpdzcKMmosVY",
          "address": "EVA Mall, S No 30 to 32, Ground Floor Patidar Cross Road, Patidar Chokdi, near Saraswati Complex, Vaishnavdevi society, Manjalpur, Vadodara, Gujarat 390011, India",
          "name": "McDonald\u0027s",
          "locationConfidence": 1.047403
        }, {
          "latitudeE7": 222733370,
          "longitudeE7": 731891290,
          "placeId": "ChIJf0PyM9zFXzkRP28Y5T0985w",
          "address": "Eva Mall Patidar Crossing, near Saraswati Complex, Vaishnavdevi society, Manjalpur, Vadodara, Gujarat 390011, India",
          "name": "Lifestyle Stores",
          "locationConfidence": 1.0013179,
          "isCurrentLocation": true
        }, {
          "latitudeE7": 222726426,
          "longitudeE7": 731898391,
          "placeId": "ChIJewIz1pjFXzkRPOK82JcssSQ",
          "address": "#5/6, INSIDE Shlok Complex, near Saraswati Complex, opp. Atithi Grah, Vaishnavdevi society, Manjalpur, Vadodara, Gujarat 390011, India",
          "name": "Prestige Xclusive - Manjalpur, Vadodara",
          "locationConfidence": 0.83007866
        }, {
          "latitudeE7": 222726080,
          "longitudeE7": 731904900,
          "placeId": "ChIJc5YVrwrGXzkRu8-BiSC4rQc",
          "address": "48,, Saraswati Complex,, Opp. Manjalpur Atithi Gruh,, Manjalpur, Vaishnavdevi society, Manjalpur, Vadodara, Gujarat 390011, India",
          "name": "Mhouse Ink Tattoos",
          "locationConfidence": 0.78392
        }, {
          "latitudeE7": 222734006,
          "longitudeE7": 731884664,
          "placeId": "ChIJdUjHKdzFXzkR1wdthSuMYW8",
          "address": "75FQ+998, Kanchan Rd, Vaishnavdevi society, Manjalpur, Vadodara, Gujarat 390011, India",
          "name": "Chicken Adda",
          "locationConfidence": 0.60607076,
          "isCurrentLocation": true
        }, {
          "latitudeE7": 222734009,
          "longitudeE7": 731882672,
          "placeId": "ChIJnQCYKdzFXzkRdCm40TEzp30",
          "address": "Patidar Crossing, EVA Mall, Vaishnavdevi society, Manjalpur, Vadodara, Gujarat 390011, India",
          "name": "Croma",
          "locationConfidence": 0.50037843,
          "isCurrentLocation": true
        }, {
          "latitudeE7": 222734934,
          "longitudeE7": 731886005,
          "placeId": "ChIJTd3eLNzFXzkRS6FLEyXdG_Y",
          "address": "1st Floor, Eva Mall, Manjalpur, Vaishnavdevi society, Manjalpur, Vadodara, Gujarat 390011, India",
          "name": "Bata India Limited",
          "locationConfidence": 0.48486987,
          "isCurrentLocation": true
        }],
        "editConfirmationStatus": "NOT_CONFIRMED",
        "locationConfidence": 36,
        "placeVisitType": "SINGLE_PLACE"
      }],
      "centerLatE7": 222732990,
      "centerLngE7": 731891270,
      "visitConfidence": 92,
      "otherCandidateLocations": [{
        "latitudeE7": 222733192,
        "longitudeE7": 731884613,
        "placeId": "ChIJ685pMtzFXzkRMmaDjkfyPVs",
        "address": "Vrajdham Mandir Rd, Vaishnavdevi society, Manjalpur, Vadodara, Gujarat 390011, India",
        "name": "Saraswati Complex",
        "locationConfidence": 4.2032146
      }, {
        "latitudeE7": 222726426,
        "longitudeE7": 731898391,
        "placeId": "ChIJewIz1pjFXzkRPOK82JcssSQ",
        "address": "#5/6, INSIDE Shlok Complex, near Saraswati Complex, opp. Atithi Grah, Vaishnavdevi society, Manjalpur, Vadodara, Gujarat 390011, India",
        "name": "Prestige Xclusive - Manjalpur, Vadodara",
        "locationConfidence": 0.85429627
      }, {
        "latitudeE7": 222726080,
        "longitudeE7": 731904900,
        "placeId": "ChIJc5YVrwrGXzkRu8-BiSC4rQc",
        "address": "48,, Saraswati Complex,, Opp. Manjalpur Atithi Gruh,, Manjalpur, Vaishnavdevi society, Manjalpur, Vadodara, Gujarat 390011, India",
        "name": "Mhouse Ink Tattoos",
        "locationConfidence": 0.8067909
      }, {
        "latitudeE7": 222725640,
        "longitudeE7": 731902150,
        "placeId": "ChIJH4I4Q9zFXzkREYRjH8v3WqQ",
        "address": "401-402, Zorba, Akshar Chowk Besides Reliance Mega Mall, Old Padra Rd, Hira Nagar, Tandalja, Vadodara, Gujarat 390020, India",
        "name": "Penta Counseling - Germany Student Visa Educational Consultant",
        "locationConfidence": 0.3889892
      }],
      "editConfirmationStatus": "NOT_CONFIRMED",
      "locationConfidence": 68,
      "placeVisitType": "SINGLE_PLACE",
      "placeVisitImportance": "MAIN"
    }
  }]
}