{
  "timelineObjects": [{
    "placeVisit": {
      "location": {
        "latitudeE7": 222840148,
        "longitudeE7": 732408315,
        "placeId": "ChIJ_RqQnHLFXzkRgQkmFsn8wGo",
        "address": "E-64/65,, E-64/65, Kubereshwar Marg, Parn Vihar Society, Goverdhan Township, Kendranagar, Vadodara, Gujarat 390025, India",
        "name": "Parn Vihar Society",
        "sourceInfo": {
          "deviceTag": 1755654135
        },
        "locationConfidence": 30.293802
      },
      "duration": {
        "startTimestamp": "2018-05-24T08:35:08.631Z",
        "endTimestamp": "2018-05-24T10:50:02.199Z"
      },
      "placeConfidence": "MEDIUM_CONFIDENCE",
      "centerLatE7": 222844575,
      "centerLngE7": 732411815,
      "visitConfidence": 87,
      "otherCandidateLocations": [{
        "latitudeE7": 222843595,
        "longitudeE7": 732414907,
        "placeId": "ChIJdQgDcG3FXzkRm-VZXoKY94E",
        "address": "C-84 Nilamber Villa, Kubereshwar Marg, Prarthana Tenements, Goverdhan Twp, Kendranagar, Vadodara, Gujarat 390025, India",
        "name": "Nilamber Villa Society",
        "locationConfidence": 16.39445
      }, {
        "latitudeE7": 222830501,
        "longitudeE7": 732421874,
        "placeId": "ChIJoRnORW3FXzkR92oS-rgALZM",
        "address": "1, Kubereshwar Marg, Goverdhan Twp, Kendranagar, Vadodara, Gujarat 390025, India",
        "name": "Shreeji Tirth Duplex",
        "locationConfidence": 8.201414
      }, {
        "latitudeE7": 222823394,
        "longitudeE7": 732421450,
        "placeId": "ChIJu8jXzBLFXzkREIarkPEHm34",
        "address": "Darshan Heights 2nd Rd, Jalaram Nagar, Kendranagar, Vadodara, Gujarat 390025, India",
        "name": "Sun Classic",
        "locationConfidence": 7.9520545
      }, {
        "latitudeE7": 222854214,
        "longitudeE7": 732435892,
        "placeId": "ChIJfXG1rG3FXzkRn38SKyVbgWk",
        "address": "76PV+7Q8, Kubereshwar Marg, Goverdhan Twp, Kendranagar, Vadodara, Gujarat 390025, India",
        "name": "Aditya Heights",
        "locationConfidence": 6.5131288
      }, {
        "latitudeE7": 222837052,
        "longitudeE7": 732382395,
        "placeId": "ChIJ9Zkw7HLFXzkRAtL4EARmIyk",
        "name": "कृष्णा रेसिडेन्सी",
        "locationConfidence": 3.5991967
      }, {
        "latitudeE7": 222840060,
        "longitudeE7": 732426200,
        "placeId": "ChIJS8KsbG3FXzkRf43keDzUzME",
        "address": "BHAGYA LAXMI SOCITY, Kubereshwar Marg, Goverdhan Twp, Waghodia, Vadodara, Gujarat 390019, India",
        "name": "Shree Bunglows",
        "locationConfidence": 2.1159592
      }, {
        "latitudeE7": 222845923,
        "longitudeE7": 732382017,
        "placeId": "ChIJV1VVVXLFXzkR61D38PtSUuo",
        "address": "Goverdhan Twp, Kendranagar, Vadodara, Gujarat 390025, India",
        "name": "Crystal School (Eng)",
        "locationConfidence": 1.9584304
      }, {
        "latitudeE7": 222858108,
        "longitudeE7": 732422913,
        "placeId": "ChIJnydPl23FXzkRUzaTyBfrg5M",
        "address": "Radhe Pushti Bunglows near Goverdhan Township Narayan Vidhyalay Road,Dabhoi, 76PR+8W4, Ring Road, Goverdhan Twp, Waghodia, Vadodara, Gujarat 390025, India",
        "name": "Radhe Pushti Bunglows",
        "locationConfidence": 1.7047681
      }, {
        "latitudeE7": 222850399,
        "longitudeE7": 732429394,
        "placeId": "ChIJDUUQCm3FXzkRZRSNVgS83M0",
        "address": "61, Goverdhan Twp, Kendranagar, Vadodara, Gujarat 390025, India",
        "name": "Nirant Bunglows",
        "locationConfidence": 1.3586068
      }],
      "editConfirmationStatus": "NOT_CONFIRMED",
      "locationConfidence": 26,
      "placeVisitType": "SINGLE_PLACE",
      "placeVisitImportance": "MAIN"
    }
  }, {
    "activitySegment": {
      "startLocation": {
        "latitudeE7": 222844107,
        "longitudeE7": 732400703,
        "sourceInfo": {
          "deviceTag": 1755654135
        }
      },
      "endLocation": {
        "latitudeE7": 222901042,
        "longitudeE7": 732358111,
        "sourceInfo": {
          "deviceTag": 1755654135
        }
      },
      "duration": {
        "startTimestamp": "2018-05-24T10:50:02.199Z",
        "endTimestamp": "2018-05-24T10:55:36.117Z"
      },
      "distance": 769,
      "activityType": "MOTORCYCLING",
      "confidence": "MEDIUM",
      "activities": [{
        "activityType": "MOTORCYCLING",
        "probability": 80.2082483924306
      }, {
        "activityType": "IN_PASSENGER_VEHICLE",
        "probability": 12.370107759984506
      }, {
        "activityType": "CYCLING",
        "probability": 3.843436357306756
      }],
      "waypointPath": {
        "waypoints": [{
          "latE7": 222843475,
          "lngE7": 732402343
        }, {
          "latE7": 222874927,
          "lngE7": 732342987
        }, {
          "latE7": 222901020,
          "lngE7": 732358093
        }],
        "source": "INFERRED"
      },
      "editConfirmationStatus": "NOT_CONFIRMED",
      "parkingEvent": {
        "location": {
          "latitudeE7": 222901042,
          "longitudeE7": 732358111,
          "accuracyMetres": 178
        },
        "method": "END_OF_ACTIVITY_SEGMENT",
        "locationSource": "UNKNOWN",
        "timestamp": "2018-05-24T10:55:36.117Z"
      }
    }
  }, {
    "placeVisit": {
      "location": {
        "latitudeE7": 222902020,
        "longitudeE7": 732355630,
        "placeId": "ChIJj4HD1XDFXzkRTfwrqWcP90w",
        "address": "5th Floor, Nathdwara Avenue, Opp. Rukashmani Party Plot, Nr. Parivar Cross road, Waghodia Dabhoi Ring road, Waghodia, Vadodara, Gujarat 390025, India",
        "name": "Fitness Track Gym",
        "sourceInfo": {
          "deviceTag": 1755654135
        },
        "locationConfidence": 16.915796,
        "isCurrentLocation": true
      },
      "duration": {
        "startTimestamp": "2018-05-24T10:55:36.117Z",
        "endTimestamp": "2018-05-24T12:33:01.325Z"
      },
      "placeConfidence": "LOW_CONFIDENCE",
      "centerLatE7": 222903658,
      "centerLngE7": 732356917,
      "visitConfidence": 91,
      "otherCandidateLocations": [{
        "latitudeE7": 222893721,
        "longitudeE7": 732350788,
        "placeId": "ChIJg1aI0nbFXzkRNbC1-AWhvqc",
        "address": "villa duplex, Dabhoi - Waghodia Ring Rd, opp. Parna Villa Complex, NR Kaileshdham Society, Waghodia, Vadodara, Gujarat 390025, India",
        "name": "Purnvilla Shopping Centre",
        "locationConfidence": 16.688992
      }, {
        "latitudeE7": 222900221,
        "longitudeE7": 732356250,
        "placeId": "ChIJZ5H1KXHFXzkRMeqmmaxfzvU",
        "address": "Dhaboi Waghodiya Road, 76RP+47Q, Waghodia, Vadodara, Gujarat 390025, India",
        "name": "Nathdwara Avenue",
        "locationConfidence": 15.575011
      }, {
        "latitudeE7": 222903215,
        "longitudeE7": 732356773,
        "placeId": "ChIJ7Tpa1nDFXzkRmNaR3nui_tE",
        "address": "76RP+47F, Waghodia, Vadodara, Gujarat 390025, India",
        "name": "Bansi Restaurant",
        "locationConfidence": 14.289429,
        "isCurrentLocation": true
      }, {
        "latitudeE7": 222900991,
        "longitudeE7": 732355144,
        "placeId": "ChIJPSL0KXHFXzkRA5Vtfea9dfA",
        "address": "3rd and 4th Floor Nathdwara Avenue Above HDFC Bank Waghodia, Dabhoi - Waghodia Ring Rd, Kendranagar, Vadodara, Gujarat 390025, India",
        "name": "\"3 Points\" Snooker, Cafe and Gameroom",
        "locationConfidence": 10.033973,
        "isCurrentLocation": true
      }, {
        "latitudeE7": 222903795,
        "longitudeE7": 732364095,
        "placeId": "ChIJVezZ3nDFXzkRoDj1LBH1Gg0",
        "address": "76RP+5HF, inside Rukshmani party plot, Kendranagar, Vadodara, Gujarat 390025, India",
        "name": "Rukshmani Party Plot",
        "locationConfidence": 4.1556916
      }, {
        "latitudeE7": 222895715,
        "longitudeE7": 732354973,
        "placeId": "ChIJdzhKosHZXzkRpj0qlkfxJ8k",
        "address": "18, Jasraj Resi Cum Plaza, Waghodia Dabhoi Ring Road, Near Parivar Char Rasta,, Waghodia Dabhoi Ring Road, Waghodia, Vadodara, Gujarat 390007, India",
        "name": "Icici Prudential Life Insurance Company Limited",
        "locationConfidence": 0.8593815
      }, {
        "latitudeE7": 222895470,
        "longitudeE7": 732354406,
        "placeId": "ChIJPRFvLXHFXzkRUennLVumtNA",
        "address": "Brajbhoomi Square, opposite Shraddha Petrol Pump, Kapurai Chowkdi, Jalaram Nagar, Kendranagar, Vadodara, Gujarat 390025, India",
        "name": "Bahurani The Royal Family Restaurant",
        "locationConfidence": 0.761796
      }, {
        "latitudeE7": 222919372,
        "longitudeE7": 732373612,
        "placeId": "ChIJP8BpknDFXzkRd7LDjossfJ4",
        "address": "GF-15 Jashraj Resicum Plaza Parivar Char Rasta, Dabhoi - Waghodia Ring Rd, Near Parivar Char Rasta, Krushnakunj, Kendranagar, Vadodara, Gujarat 390025, India",
        "name": "Mahakali Sev Usal",
        "locationConfidence": 0.7470966
      }, {
        "latitudeE7": 222914653,
        "longitudeE7": 732371091,
        "placeId": "ChIJ_bkp7XDFXzkRPT98GUsNDPo",
        "address": "GF15, Panchratna Appartment, Dabhoi - Waghodia Ring Rd, beside Crystal School, near Ruxmani party plot, Near Parivar Char Rasta, Krushnakunj, Kendranagar, Vadodara, Gujarat 390025, India",
        "name": "DTDC",
        "locationConfidence": 0.6986927
      }],
      "editConfirmationStatus": "NOT_CONFIRMED",
      "locationConfidence": 13,
      "placeVisitType": "SINGLE_PLACE",
      "placeVisitImportance": "MAIN"
    }
  }, {
    "activitySegment": {
      "startLocation": {
        "latitudeE7": 222902000,
        "longitudeE7": 732355001,
        "sourceInfo": {
          "deviceTag": 1755654135
        }
      },
      "endLocation": {
        "latitudeE7": 222844656,
        "longitudeE7": 732412406,
        "sourceInfo": {
          "deviceTag": 1755654135
        }
      },
      "duration": {
        "startTimestamp": "2018-05-24T12:33:01.325Z",
        "endTimestamp": "2018-05-24T12:42:04.828Z"
      },
      "distance": 869,
      "activityType": "MOTORCYCLING",
      "confidence": "MEDIUM",
      "activities": [{
        "activityType": "MOTORCYCLING",
        "probability": 58.67690741758235
      }, {
        "activityType": "IN_PASSENGER_VEHICLE",
        "probability": 26.888722176622736
      }, {
        "activityType": "WALKING",
        "probability": 10.402644561633325
      }],
      "waypointPath": {
        "waypoints": [{
          "latE7": 222902069,
          "lngE7": 732353515
        }, {
          "latE7": 222874431,
          "lngE7": 732344665
        }, {
          "latE7": 222844696,
          "lngE7": 732411804
        }],
        "source": "INFERRED"
      },
      "simplifiedRawPath": {
        "points": [{
          "latE7": 222902000,
          "lngE7": 732355001,
          "accuracyMeters": 50,
          "timestamp": "2018-05-24T12:33:01.325Z"
        }]
      },
      "editConfirmationStatus": "NOT_CONFIRMED",
      "parkingEvent": {
        "location": {
          "latitudeE7": 222844656,
          "longitudeE7": 732412406,
          "accuracyMetres": 242
        },
        "method": "END_OF_ACTIVITY_SEGMENT",
        "locationSource": "UNKNOWN",
        "timestamp": "2018-05-24T12:42:04.828Z"
      }
    }
  }, {
    "placeVisit": {
      "location": {
        "latitudeE7": 222840148,
        "longitudeE7": 732408315,
        "placeId": "ChIJ_RqQnHLFXzkRgQkmFsn8wGo",
        "address": "E-64/65,, E-64/65, Kubereshwar Marg, Parn Vihar Society, Goverdhan Township, Kendranagar, Vadodara, Gujarat 390025, India",
        "name": "Parn Vihar Society",
        "sourceInfo": {
          "deviceTag": 1755654135
        },
        "locationConfidence": 29.1294
      },
      "duration": {
        "startTimestamp": "2018-05-24T12:42:04.828Z",
        "endTimestamp": "2018-05-24T15:18:39.370Z"
      },
      "placeConfidence": "MEDIUM_CONFIDENCE",
      "centerLatE7": 222844017,
      "centerLngE7": 732411363,
      "visitConfidence": 90,
      "otherCandidateLocations": [{
        "latitudeE7": 222843595,
        "longitudeE7": 732414907,
        "placeId": "ChIJdQgDcG3FXzkRm-VZXoKY94E",
        "address": "C-84 Nilamber Villa, Kubereshwar Marg, Prarthana Tenements, Goverdhan Twp, Kendranagar, Vadodara, Gujarat 390025, India",
        "name": "Nilamber Villa Society",
        "locationConfidence": 13.426988
      }, {
        "latitudeE7": 222823394,
        "longitudeE7": 732421450,
        "placeId": "ChIJu8jXzBLFXzkREIarkPEHm34",
        "address": "Darshan Heights 2nd Rd, Jalaram Nagar, Kendranagar, Vadodara, Gujarat 390025, India",
        "name": "Sun Classic",
        "locationConfidence": 8.675016
      }, {
        "latitudeE7": 222830501,
        "longitudeE7": 732421874,
        "placeId": "ChIJoRnORW3FXzkR92oS-rgALZM",
        "address": "1, Kubereshwar Marg, Goverdhan Twp, Kendranagar, Vadodara, Gujarat 390025, India",
        "name": "Shreeji Tirth Duplex",
        "locationConfidence": 8.035747
      }, {
        "latitudeE7": 222854214,
        "longitudeE7": 732435892,
        "placeId": "ChIJfXG1rG3FXzkRn38SKyVbgWk",
        "address": "76PV+7Q8, Kubereshwar Marg, Goverdhan Twp, Kendranagar, Vadodara, Gujarat 390025, India",
        "name": "Aditya Heights",
        "locationConfidence": 5.7645583
      }, {
        "latitudeE7": 222836654,
        "longitudeE7": 732404207,
        "placeId": "ChIJhbPhmXLFXzkRoi_stz9pFkw",
        "address": "Devashish Bunglows Kubereshwar Marg, Dabhoi - Waghodia Ring Rd, Goverdhan Twp, Kendranagar, Vadodara, Gujarat 390025, India",
        "name": "Devashish Bunglows",
        "locationConfidence": 4.6525083
      }, {
        "latitudeE7": 222837052,
        "longitudeE7": 732382395,
        "placeId": "ChIJ9Zkw7HLFXzkRAtL4EARmIyk",
        "name": "कृष्णा रेसिडेन्सी",
        "locationConfidence": 2.8685975
      }, {
        "latitudeE7": 222845923,
        "longitudeE7": 732382017,
        "placeId": "ChIJV1VVVXLFXzkR61D38PtSUuo",
        "address": "Goverdhan Twp, Kendranagar, Vadodara, Gujarat 390025, India",
        "name": "Crystal School (Eng)",
        "locationConfidence": 2.0707104
      }, {
        "latitudeE7": 222840060,
        "longitudeE7": 732426200,
        "placeId": "ChIJS8KsbG3FXzkRf43keDzUzME",
        "address": "BHAGYA LAXMI SOCITY, Kubereshwar Marg, Goverdhan Twp, Waghodia, Vadodara, Gujarat 390019, India",
        "name": "Shree Bunglows",
        "locationConfidence": 1.9014958
      }, {
        "latitudeE7": 222858108,
        "longitudeE7": 732422913,
        "placeId": "ChIJnydPl23FXzkRUzaTyBfrg5M",
        "address": "Radhe Pushti Bunglows near Goverdhan Township Narayan Vidhyalay Road,Dabhoi, 76PR+8W4, Ring Road, Goverdhan Twp, Waghodia, Vadodara, Gujarat 390025, India",
        "name": "Radhe Pushti Bunglows",
        "locationConfidence": 1.659829
      }],
      "editConfirmationStatus": "NOT_CONFIRMED",
      "locationConfidence": 25,
      "placeVisitType": "SINGLE_PLACE",
      "placeVisitImportance": "MAIN"
    }
  }, {
    "placeVisit": {
      "location": {
        "latitudeE7": 222840148,
        "longitudeE7": 732408315,
        "placeId": "ChIJ_RqQnHLFXzkRgQkmFsn8wGo",
        "address": "E-64/65,, E-64/65, Kubereshwar Marg, Parn Vihar Society, Goverdhan Township, Kendranagar, Vadodara, Gujarat 390025, India",
        "name": "Parn Vihar Society",
        "sourceInfo": {
          "deviceTag": 1755654135
        },
        "locationConfidence": 26.597658
      },
      "duration": {
        "startTimestamp": "2018-05-29T13:02:28.137Z",
        "endTimestamp": "2018-05-29T14:37:09.028Z"
      },
      "placeConfidence": "MEDIUM_CONFIDENCE",
      "centerLatE7": 222844335,
      "centerLngE7": 732401659,
      "visitConfidence": 92,
      "otherCandidateLocations": [{
        "latitudeE7": 222844658,
        "longitudeE7": 732412415,
        "placeId": "ChIJD5QEaW3FXzkRSrS1h3atOlk",
        "address": "34, Kubereshwar Marg, Prarthana Tenements, Goverdhan Twp, Kendranagar, Vadodara, Gujarat 390025, India",
        "locationConfidence": 19.52602
      }, {
        "latitudeE7": 222836654,
        "longitudeE7": 732404207,
        "placeId": "ChIJhbPhmXLFXzkRoi_stz9pFkw",
        "address": "Devashish Bunglows Kubereshwar Marg, Dabhoi - Waghodia Ring Rd, Goverdhan Twp, Kendranagar, Vadodara, Gujarat 390025, India",
        "name": "Devashish Bunglows",
        "locationConfidence": 11.149594
      }, {
        "latitudeE7": 222837052,
        "longitudeE7": 732382395,
        "placeId": "ChIJ9Zkw7HLFXzkRAtL4EARmIyk",
        "name": "कृष्णा रेसिडेन्सी",
        "locationConfidence": 9.855829
      }, {
        "latitudeE7": 222845923,
        "longitudeE7": 732382017,
        "placeId": "ChIJV1VVVXLFXzkR61D38PtSUuo",
        "address": "Goverdhan Twp, Kendranagar, Vadodara, Gujarat 390025, India",
        "name": "Crystal School (Eng)",
        "locationConfidence": 4.505368
      }, {
        "latitudeE7": 222845084,
        "longitudeE7": 732389889,
        "placeId": "ChIJdduc93LFXzkR02xH4K7OADQ",
        "address": "A 13 Shree vallabha duplex 2,Kubereshwar Marg, Dabhoi-, Ring Rd, Prarthana Tenements, Goverdhan Twp, Waghodia, Vadodara, Gujarat 390025, India",
        "name": "Shree Vallabha Duplex 2",
        "locationConfidence": 4.335101
      }, {
        "latitudeE7": 222843810,
        "longitudeE7": 732378300,
        "placeId": "ChIJq9oqB3PFXzkRQvnuU0vo38A",
        "address": "Shop no-5, Rachana Avenue, Dabhoi - Waghodia Ring Rd, opp. Tirthak Tenaments, Goverdhan Twp, Kendranagar, Vadodara, Gujarat 390025, India",
        "name": "Baroda Dairy Sugam Parlour",
        "locationConfidence": 1.1922362
      }, {
        "latitudeE7": 222859988,
        "longitudeE7": 732400114,
        "placeId": "ChIJL3ePa3LFXzkRrKAFvreY_MA",
        "address": "E-64/65, E-64/65, Kubereshwar Marg, Parn Vihar Society, Goverdhan Twp, Kendranagar, Vadodara, Gujarat 390025, India",
        "name": "Ashish home vadodara",
        "locationConfidence": 1.18922
      }, {
        "latitudeE7": 222858108,
        "longitudeE7": 732422913,
        "placeId": "ChIJnydPl23FXzkRUzaTyBfrg5M",
        "address": "Radhe Pushti Bunglows near Goverdhan Township Narayan Vidhyalay Road,Dabhoi, 76PR+8W4, Ring Road, Goverdhan Twp, Waghodia, Vadodara, Gujarat 390025, India",
        "name": "Radhe Pushti Bunglows",
        "locationConfidence": 1.1639764
      }, {
        "latitudeE7": 222816778,
        "longitudeE7": 732406330,
        "placeId": "ChIJfzJqI0TPXzkRxo69kC0BkS4",
        "address": "Shop No.15 Bansari Square, Tilak Nagar, Kishanwadi, Vadodara, Gujarat 390019, India",
        "name": "PARSHWANATH STORE",
        "locationConfidence": 1.1389743
      }],
      "editConfirmationStatus": "NOT_CONFIRMED",
      "locationConfidence": 22,
      "placeVisitType": "SINGLE_PLACE",
      "placeVisitImportance": "MAIN"
    }
  }, {
    "activitySegment": {
      "startLocation": {
        "latitudeE7": 222840148,
        "longitudeE7": 732408315,
        "sourceInfo": {
          "deviceTag": 1755654135
        }
      },
      "endLocation": {
        "latitudeE7": 222983168,
        "longitudeE7": 732362102,
        "sourceInfo": {
          "deviceTag": 1755654135
        }
      },
      "duration": {
        "startTimestamp": "2018-05-29T14:37:09.028Z",
        "endTimestamp": "2018-05-29T14:45:04.628Z"
      },
      "distance": 4207,
      "activityType": "IN_PASSENGER_VEHICLE",
      "confidence": "MEDIUM",
      "activities": [{
        "activityType": "IN_PASSENGER_VEHICLE",
        "probability": 84.01317307750914
      }, {
        "activityType": "MOTORCYCLING",
        "probability": 12.069827317346208
      }, {
        "activityType": "WALKING",
        "probability": 3.0666472536087106
      }],
      "waypointPath": {
        "waypoints": [{
          "latE7": 222840251,
          "lngE7": 732408447
        }, {
          "latE7": 222934761,
          "lngE7": 732375106
        }, {
          "latE7": 222950096,
          "lngE7": 732380523
        }],
        "source": "INFERRED"
      },
      "editConfirmationStatus": "NOT_CONFIRMED",
      "parkingEvent": {
        "location": {
          "latitudeE7": 222983168,
          "longitudeE7": 732362102,
          "accuracyMetres": 64
        },
        "method": "EXITING_VEHICLE_SIGNAL",
        "locationSource": "UNKNOWN",
        "timestamp": "2018-05-29T14:45:04.628Z"
      }
    }
  }, {
    "activitySegment": {
      "startLocation": {
        "latitudeE7": 222983168,
        "longitudeE7": 732362102
      },
      "endLocation": {
        "latitudeE7": 222947952,
        "longitudeE7": 732380399
      },
      "duration": {
        "startTimestamp": "2018-05-29T14:45:04.628Z",
        "endTimestamp": "2018-05-29T14:46:15.747Z"
      },
      "distance": 434,
      "activityType": "WALKING",
      "confidence": "MEDIUM",
      "activities": [{
        "activityType": "WALKING",
        "probability": 84.01317307750914
      }, {
        "activityType": "MOTORCYCLING",
        "probability": 12.069827317346208
      }, {
        "activityType": "IN_PASSENGER_VEHICLE",
        "probability": 3.0666472536087106
      }],
      "waypointPath": {
        "waypoints": [{
          "latE7": 222840251,
          "lngE7": 732408447
        }, {
          "latE7": 222934761,
          "lngE7": 732375106
        }, {
          "latE7": 222950096,
          "lngE7": 732380523
        }],
        "source": "INFERRED"
      },
      "editConfirmationStatus": "NOT_CONFIRMED"
    }
  }, {
    "placeVisit": {
      "location": {
        "latitudeE7": 222947952,
        "longitudeE7": 732380399,
        "placeId": "ChIJdXE9G3vFXzkRJJdx464NqLA",
        "address": "vrundavan heights, near parivar char rasta, waghodia, Vadodara, Gujarat 390019, India",
        "name": "Hariyali Restaurant",
        "sourceInfo": {
          "deviceTag": 1755654135
        },
        "locationConfidence": 93.37875
      },
      "duration": {
        "startTimestamp": "2018-05-29T14:46:15.747Z",
        "endTimestamp": "2018-05-29T15:41:46.948Z"
      },
      "placeConfidence": "HIGH_CONFIDENCE",
      "centerLatE7": 222950355,
      "centerLngE7": 732378655,
      "visitConfidence": 93,
      "otherCandidateLocations": [{
        "latitudeE7": 222948901,
        "longitudeE7": 732379954,
        "placeId": "ChIJAwalX3rFXzkRbtBNLFZz3ok",
        "address": "Vrundavan Heights, 111-115, Dabhoi - Waghodia Ring Rd, Near Parivar Char Rasta, Sarthi Nagar 2, Kendranagar, Vadodara, Gujarat 390025, India",
        "name": "Pizzini Pizza",
        "locationConfidence": 3.5063398
      }, {
        "latitudeE7": 222944940,
        "longitudeE7": 732380200,
        "placeId": "ChIJx_FOLHHFXzkRXB5cFsp2Y0U",
        "address": "2nd Floor Vrundavan Mall Ring Road, above Sales India, Sarthi Nagar 2, Kendranagar, Vadodara, Gujarat 390019, India",
        "name": "CINEMERA Multiplex - Joy Of Movies",
        "locationConfidence": 0.38876066
      }, {
        "latitudeE7": 222928240,
        "longitudeE7": 732370660,
        "placeId": "ChIJB7jcnnDFXzkRBMJ2TOGwqrk",
        "address": "3rd Floor- Anugrah Complex, Pariwar Char Rasta, Waghodia Road, near Shreeji Hospital, Waghodia, Vadodara, Gujarat 390019, India",
        "name": "i Dance Studio ( URBAN MOVES ND FITNESS )",
        "locationConfidence": 0.27170432
      }, {
        "latitudeE7": 222946863,
        "longitudeE7": 732379213,
        "placeId": "ChIJuXEfXnrFXzkRCPvv-cJn7KQ",
        "name": "Sasumaa Hotel",
        "locationConfidence": 0.24521592
      }, {
        "latitudeE7": 222944647,
        "longitudeE7": 732379932,
        "placeId": "ChIJP1QHXnrFXzkR3G5JOEZrI-U",
        "address": "GF 1/2/3, Vrundavan Mall, Dabhoi - Waghodia Ring Rd, near Vrundavan Crossing, Sarthi Nagar 2, Kendranagar, Vadodara, Gujarat 390019, India",
        "name": "Sasumaa\u0027s Multi Cuisine Restaurant \u0026 Gujarati Thali",
        "locationConfidence": 0.21050772
      }, {
        "latitudeE7": 222948665,
        "longitudeE7": 732381336,
        "placeId": "ChIJI9edX3rFXzkRfAghkGvdeWg",
        "address": "76VQ+W7R, Sarthi Nagar 2, Kendranagar, Vadodara, Gujarat 390019, India",
        "name": "Jai Mahavir Pavbhaji",
        "locationConfidence": 0.18584128
      }, {
        "latitudeE7": 222949020,
        "longitudeE7": 732384260,
        "placeId": "ChIJizxqX3rFXzkRsrnjN1MJEdg",
        "name": "Sai Dhosa",
        "locationConfidence": 0.12393589
      }, {
        "latitudeE7": 222948860,
        "longitudeE7": 732382714,
        "placeId": "ChIJ-1aO9XrFXzkR-C2a2lHR2QM",
        "address": "Ground Floor, 23/24, Venu Tower, Vrundavan Heights, Near Hariyali Hotel, Waghodia Road, Parivar Char Rasta, Sarthi Nagar 2, Kendranagar, Vadodara, Gujarat 390019, India",
        "name": "Mahesh Omlet Egg Restaurant",
        "locationConfidence": 0.1050313
      }],
      "editConfirmationStatus": "NOT_CONFIRMED",
      "locationConfidence": 82,
      "placeVisitType": "SINGLE_PLACE",
      "placeVisitImportance": "MAIN"
    }
  }, {
    "activitySegment": {
      "startLocation": {
        "latitudeE7": 222947952,
        "longitudeE7": 732380399,
        "sourceInfo": {
          "deviceTag": 1755654135
        }
      },
      "endLocation": {
        "latitudeE7": 222844573,
        "longitudeE7": 732409880,
        "sourceInfo": {
          "deviceTag": 1755654135
        }
      },
      "duration": {
        "startTimestamp": "2018-05-29T15:41:46.948Z",
        "endTimestamp": "2018-05-29T18:34:55Z"
      },
      "distance": 1213,
      "activityType": "MOTORCYCLING",
      "confidence": "MEDIUM",
      "activities": [{
        "activityType": "MOTORCYCLING",
        "probability": 64.95869867824136
      }, {
        "activityType": "IN_PASSENGER_VEHICLE",
        "probability": 20.505817600962846
      }, {
        "activityType": "WALKING",
        "probability": 11.017657231293784
      }],
      "waypointPath": {
        "waypoints": [{
          "latE7": 222950096,
          "lngE7": 732380523
        }, {
          "latE7": 222936649,
          "lngE7": 732376251
        }, {
          "latE7": 222844142,
          "lngE7": 732408752
        }],
        "source": "INFERRED"
      },
      "simplifiedRawPath": {
        "points": [{
          "latE7": 222948893,
          "lngE7": 732378535,
          "accuracyMeters": 30,
          "timestamp": "2018-05-29T15:41:46.948Z"
        }]
      },
      "editConfirmationStatus": "NOT_CONFIRMED",
      "parkingEvent": {
        "location": {
          "latitudeE7": 222844573,
          "longitudeE7": 732409880,
          "accuracyMetres": 184
        },
        "method": "END_OF_ACTIVITY_SEGMENT",
        "locationSource": "UNKNOWN",
        "timestamp": "2018-05-29T18:34:55Z"
      }
    }
  }, {
    "placeVisit": {
      "location": {
        "latitudeE7": 222840148,
        "longitudeE7": 732408315,
        "placeId": "ChIJ_RqQnHLFXzkRgQkmFsn8wGo",
        "address": "E-64/65,, E-64/65, Kubereshwar Marg, Parn Vihar Society, Goverdhan Township, Kendranagar, Vadodara, Gujarat 390025, India",
        "name": "Parn Vihar Society",
        "sourceInfo": {
          "deviceTag": 1755654135
        },
        "locationConfidence": 100.0
      },
      "duration": {
        "startTimestamp": "2018-05-29T18:34:55Z",
        "endTimestamp": "2018-05-30T05:06:01.745Z"
      },
      "placeConfidence": "HIGH_CONFIDENCE",
      "centerLatE7": 222843972,
      "centerLngE7": 732406674,
      "visitConfidence": 100,
      "editConfirmationStatus": "CONFIRMED",
      "locationConfidence": 91,
      "placeVisitType": "SINGLE_PLACE",
      "placeVisitImportance": "MAIN",
      "checkin": {
        "atTime": "2018-05-29T19:10:32Z",
        "latestKnownLocation": {
          "location": {
            "latitudeE7": 222843050,
            "longitudeE7": 732412633,
            "accuracyMetres": 10
          },
          "detectionTime": "2018-05-29T19:10:32Z"
        },
        "device": {
          "android": {
            "fingerprint": "OnePlus/OnePlus6/OnePlus6:8.1.0/OPM1.171019.011/05172042:user/release-keys"
          }
        }
      }
    }
  }, {
    "activitySegment": {
      "startLocation": {
        "latitudeE7": 222843972,
        "longitudeE7": 732406674
      },
      "endLocation": {
        "latitudeE7": 223009159,
        "longitudeE7": 732385363
      },
      "duration": {
        "startTimestamp": "2018-05-30T05:06:01.745Z",
        "endTimestamp": "2018-06-01T14:26:52.880Z"
      },
      "activityType": "UNKNOWN_ACTIVITY_TYPE",
      "activities": [{
        "activityType": "UNKNOWN_ACTIVITY_TYPE",
        "probability": 0.0
      }],
      "simplifiedRawPath": {
        "points": [{
          "latE7": 222904130,
          "lngE7": 732359987,
          "accuracyMeters": 39,
          "timestamp": "2018-06-01T11:59:48.387Z"
        }, {
          "latE7": 222901582,
          "lngE7": 732355336,
          "accuracyMeters": 44,
          "timestamp": "2018-06-01T12:04:45.451Z"
        }, {
          "latE7": 223003588,
          "lngE7": 732371692,
          "accuracyMeters": 10,
          "timestamp": "2018-06-01T14:24:38Z"
        }],
        "source": "BACKFILLED",
        "distanceMeters": 2179.4958720531386
      }
    }
  }]
}