{
  "timelineObjects": [{
    "activitySegment": {
      "startLocation": {
        "latitudeE7": 222900841,
        "longitudeE7": 732359508,
        "sourceInfo": {
          "deviceTag": 1755654135
        }
      },
      "endLocation": {
        "latitudeE7": 222902020,
        "longitudeE7": 732355630,
        "placeId": "ChIJj4HD1XDFXzkRTfwrqWcP90w",
        "address": "5th Floor, Nathdwara Avenue, Opp. Rukashmani Party Plot Nr. Parivar Cross road, Dabhoi - Waghodia Ring Rd, Waghodia, Vadodara, Gujarat 390025, India",
        "name": "Fitness Track Gym",
        "sourceInfo": {
          "deviceTag": 1755654135
        },
        "locationConfidence": 73.68499
      },
      "duration": {
        "startTimestamp": "2018-10-05T12:25:37.004Z",
        "endTimestamp": "2018-10-05T12:30:10.988Z"
      },
      "activityType": "MOTORCYCLING",
      "confidence": "LOW",
      "activities": [{
        "activityType": "MOTORCYCLING",
        "probability": 48.13564996111022
      }, {
        "activityType": "IN_PASSENGER_VEHICLE",
        "probability": 30.477812765324124
      }, {
        "activityType": "WALKING",
        "probability": 16.54261896163921
      }],
      "waypointPath": {
        "waypoints": [{
          "latE7": 222901039,
          "lngE7": 732359161
        }, {
          "latE7": 222934951,
          "lngE7": 732376174
        }, {
          "latE7": 222899780,
          "lngE7": 732357406
        }],
        "source": "BACKFILLED",
        "distanceMeters": 681.8337071920665,
        "travelMode": "TWO_WHEELER",
        "confidence": 1.0
      },
      "simplifiedRawPath": {
        "points": [{
          "latE7": 222934723,
          "lngE7": 732379303,
          "accuracyMeters": 52,
          "timestamp": "2018-10-05T12:26:55.537Z"
        }]
      }
    }
  }, {
    "placeVisit": {
      "location": {
        "latitudeE7": 222902020,
        "longitudeE7": 732355630,
        "placeId": "ChIJj4HD1XDFXzkRTfwrqWcP90w",
        "address": "5th Floor, Nathdwara Avenue, Opp. Rukashmani Party Plot Nr. Parivar Cross road, Dabhoi - Waghodia Ring Rd, Waghodia, Vadodara, Gujarat 390025, India",
        "name": "Fitness Track Gym",
        "sourceInfo": {
          "deviceTag": 1755654135
        },
        "locationConfidence": 73.68499
      },
      "duration": {
        "startTimestamp": "2018-10-05T12:30:10.988Z",
        "endTimestamp": "2018-10-05T13:10:42.692Z"
      },
      "placeConfidence": "MEDIUM_CONFIDENCE",
      "centerLatE7": 222901395,
      "centerLngE7": 732358288,
      "visitConfidence": 92,
      "otherCandidateLocations": [{
        "latitudeE7": 222902411,
        "longitudeE7": 732356156,
        "placeId": "ChIJZ5H1KXHFXzkRMeqmmaxfzvU",
        "address": "Dhaboi Waghodiya Road, 76RP+47Q, Waghodia, Vadodara, Gujarat 390025, India",
        "name": "Nathdwara Avenue",
        "locationConfidence": 9.297534
      }, {
        "latitudeE7": 222901416,
        "longitudeE7": 732355959,
        "placeId": "ChIJiQ7y1XDFXzkRJXIyX5ilmDw",
        "address": "57, Dabhoi - Waghodia Ring Rd, Waghodia, Vadodara, Gujarat 390025, India",
        "name": "PIZZA PLUS",
        "locationConfidence": 1.618416
      }, {
        "latitudeE7": 222903215,
        "longitudeE7": 732356773,
        "placeId": "ChIJ7Tpa1nDFXzkRmNaR3nui_tE",
        "address": "76RP+47F, Waghodia, Vadodara, Gujarat 390025, India",
        "name": "Bansi Restaurant",
        "locationConfidence": 0.46213555
      }, {
        "latitudeE7": 222895715,
        "longitudeE7": 732354973,
        "placeId": "ChIJdzhKosHZXzkRpj0qlkfxJ8k",
        "address": "18, Jasraj Resi Cum Plaza, Waghodia Dabhoi Ring Road, Near Parivar Char Rasta,, Waghodia Dabhoi Ring Road, Waghodia, Vadodara, Gujarat 390007, India",
        "name": "Icici Prudential Life Insurance Company Limited",
        "locationConfidence": 0.2612504
      }],
      "editConfirmationStatus": "NOT_CONFIRMED",
      "locationConfidence": 68,
      "placeVisitType": "SINGLE_PLACE",
      "placeVisitImportance": "MAIN"
    }
  }, {
    "activitySegment": {
      "startLocation": {
        "latitudeE7": 222902020,
        "longitudeE7": 732355630,
        "sourceInfo": {
          "deviceTag": 1755654135
        }
      },
      "endLocation": {
        "latitudeE7": 222840148,
        "longitudeE7": 732408315,
        "sourceInfo": {
          "deviceTag": 1755654135
        }
      },
      "duration": {
        "startTimestamp": "2018-10-05T13:10:42.692Z",
        "endTimestamp": "2018-10-05T13:20:13.770Z"
      },
      "distance": 2248,
      "activityType": "MOTORCYCLING",
      "confidence": "MEDIUM",
      "activities": [{
        "activityType": "MOTORCYCLING",
        "probability": 63.02444203910492
      }, {
        "activityType": "IN_PASSENGER_VEHICLE",
        "probability": 27.993925626210775
      }, {
        "activityType": "WALKING",
        "probability": 6.411889483265886
      }],
      "waypointPath": {
        "waypoints": [{
          "latE7": 222903842,
          "lngE7": 732355804
        }, {
          "latE7": 222907848,
          "lngE7": 732362060
        }, {
          "latE7": 222914390,
          "lngE7": 732412033
        }, {
          "latE7": 222891559,
          "lngE7": 732421417
        }, {
          "latE7": 222840423,
          "lngE7": 732408294
        }],
        "source": "INFERRED",
        "distanceMeters": 1740.5068682285707
      },
      "simplifiedRawPath": {
        "points": [{
          "latE7": 222900550,
          "lngE7": 732358557,
          "accuracyMeters": 31,
          "timestamp": "2018-10-05T13:10:42.692Z"
        }]
      },
      "parkingEvent": {
        "location": {
          "latitudeE7": 222845127,
          "longitudeE7": 732412376,
          "accuracyMetres": 158
        },
        "method": "END_OF_ACTIVITY_SEGMENT",
        "locationSource": "UNKNOWN",
        "timestamp": "2018-10-05T13:22:14.876Z"
      }
    }
  }, {
    "placeVisit": {
      "location": {
        "latitudeE7": 222840148,
        "longitudeE7": 732408315,
        "placeId": "ChIJ_RqQnHLFXzkRgQkmFsn8wGo",
        "address": "E-64/65, E-64/65, Kubereshwar Marg, Parn Vihar Society, Goverdhan Twp, Kendranagar, Vadodara, Gujarat 390025, India",
        "name": "Parn Vihar Society",
        "sourceInfo": {
          "deviceTag": 1755654135
        },
        "locationConfidence": 84.47391
      },
      "duration": {
        "startTimestamp": "2018-10-05T13:20:13.770Z",
        "endTimestamp": "2018-10-05T17:21:18.651Z"
      },
      "placeConfidence": "MEDIUM_CONFIDENCE",
      "centerLatE7": 222843723,
      "centerLngE7": 732409155,
      "visitConfidence": 88,
      "otherCandidateLocations": [{
        "latitudeE7": 222843704,
        "longitudeE7": 732410736,
        "placeId": "ChIJD5QEaW3FXzkRSrS1h3atOlk",
        "address": "34, Kubereshwar Marg, Prarthana Tenements, Goverdhan Twp, Kendranagar, Vadodara, Gujarat 390025, India",
        "locationConfidence": 4.6238394
      }, {
        "latitudeE7": 222843595,
        "longitudeE7": 732414907,
        "placeId": "ChIJdQgDcG3FXzkRm-VZXoKY94E",
        "address": "C-84 Nilamber Villa, Kubereshwar Marg, Prarthana Tenements, Goverdhan Twp, Kendranagar, Vadodara, Gujarat 390025, India",
        "name": "Nilamber Villa Society",
        "locationConfidence": 2.067288
      }, {
        "latitudeE7": 222881126,
        "longitudeE7": 732401352,
        "placeId": "ChIJ5f9w8XHFXzkRfxVtbpRLM6c",
        "locationConfidence": 0.9974048
      }, {
        "latitudeE7": 222836654,
        "longitudeE7": 732404207,
        "placeId": "ChIJhbPhmXLFXzkRoi_stz9pFkw",
        "address": "Devashish Bunglows Kubereshwar Marg, Dabhoi - Waghodia Ring Rd, Goverdhan Twp, Kendranagar, Vadodara, Gujarat 390025, India",
        "name": "Devashish Bungalows",
        "locationConfidence": 0.8943376
      }, {
        "latitudeE7": 222830501,
        "longitudeE7": 732421874,
        "placeId": "ChIJoRnORW3FXzkR92oS-rgALZM",
        "address": "1, Kubereshwar Marg, Goverdhan Twp, Kendranagar, Vadodara, Gujarat 390025, India",
        "name": "Shreeji Tirth Duplex",
        "locationConfidence": 0.6384056
      }, {
        "latitudeE7": 222850399,
        "longitudeE7": 732429394,
        "placeId": "ChIJDUUQCm3FXzkRZRSNVgS83M0",
        "address": "61, Goverdhan Twp, Kendranagar, Vadodara, Gujarat 390025, India",
        "name": "Nirant Bungalows",
        "locationConfidence": 0.52920955
      }],
      "editConfirmationStatus": "NOT_CONFIRMED",
      "locationConfidence": 77,
      "placeVisitType": "SINGLE_PLACE",
      "placeVisitImportance": "MAIN"
    }
  }, {
    "placeVisit": {
      "location": {
        "latitudeE7": 222902020,
        "longitudeE7": 732355630,
        "placeId": "ChIJj4HD1XDFXzkRTfwrqWcP90w",
        "address": "5th Floor, Nathdwara Avenue, Opp. Rukashmani Party Plot Nr. Parivar Cross road, Dabhoi - Waghodia Ring Rd, Waghodia, Vadodara, Gujarat 390025, India",
        "name": "Fitness Track Gym",
        "sourceInfo": {
          "deviceTag": 1755654135
        },
        "locationConfidence": 66.219666
      },
      "duration": {
        "startTimestamp": "2018-10-08T11:16:48.872Z",
        "endTimestamp": "2018-10-08T11:43:17.920Z"
      },
      "placeConfidence": "MEDIUM_CONFIDENCE",
      "centerLatE7": 222901717,
      "centerLngE7": 732357172,
      "visitConfidence": 93,
      "otherCandidateLocations": [{
        "latitudeE7": 222902411,
        "longitudeE7": 732356156,
        "placeId": "ChIJZ5H1KXHFXzkRMeqmmaxfzvU",
        "address": "Dhaboi Waghodiya Road, 76RP+47Q, Waghodia, Vadodara, Gujarat 390025, India",
        "name": "Nathdwara Avenue",
        "locationConfidence": 14.01742,
        "isCurrentLocation": true
      }, {
        "latitudeE7": 222903215,
        "longitudeE7": 732356773,
        "placeId": "ChIJ7Tpa1nDFXzkRmNaR3nui_tE",
        "address": "76RP+47F, Waghodia, Vadodara, Gujarat 390025, India",
        "name": "Bansi Restaurant",
        "locationConfidence": 1.2514381
      }, {
        "latitudeE7": 222901416,
        "longitudeE7": 732355959,
        "placeId": "ChIJiQ7y1XDFXzkRJXIyX5ilmDw",
        "address": "57, Dabhoi - Waghodia Ring Rd, Waghodia, Vadodara, Gujarat 390025, India",
        "name": "PIZZA PLUS",
        "locationConfidence": 1.1862495
      }, {
        "latitudeE7": 222895715,
        "longitudeE7": 732354973,
        "placeId": "ChIJdzhKosHZXzkRpj0qlkfxJ8k",
        "address": "18, Jasraj Resi Cum Plaza, Waghodia Dabhoi Ring Road, Near Parivar Char Rasta,, Waghodia Dabhoi Ring Road, Waghodia, Vadodara, Gujarat 390007, India",
        "name": "Icici Prudential Life Insurance Company Limited",
        "locationConfidence": 0.3724696
      }],
      "editConfirmationStatus": "NOT_CONFIRMED",
      "locationConfidence": 62,
      "placeVisitType": "SINGLE_PLACE",
      "placeVisitImportance": "MAIN"
    }
  }, {
    "placeVisit": {
      "location": {
        "latitudeE7": 222840148,
        "longitudeE7": 732408315,
        "placeId": "ChIJ_RqQnHLFXzkRgQkmFsn8wGo",
        "address": "E-64/65, E-64/65, Kubereshwar Marg, Parn Vihar Society, Goverdhan Twp, Kendranagar, Vadodara, Gujarat 390025, India",
        "name": "Parn Vihar Society",
        "sourceInfo": {
          "deviceTag": 1755654135
        },
        "locationConfidence": 81.44255
      },
      "duration": {
        "startTimestamp": "2018-10-20T13:35:00.181Z",
        "endTimestamp": "2018-10-20T14:51:16.894Z"
      },
      "placeConfidence": "MEDIUM_CONFIDENCE",
      "centerLatE7": 222840851,
      "centerLngE7": 732407340,
      "visitConfidence": 91,
      "otherCandidateLocations": [{
        "latitudeE7": 222843595,
        "longitudeE7": 732414907,
        "placeId": "ChIJdQgDcG3FXzkRm-VZXoKY94E",
        "address": "C-84 Nilamber Villa, Kubereshwar Marg, Prarthana Tenements, Goverdhan Twp, Kendranagar, Vadodara, Gujarat 390025, India",
        "name": "Nilamber Villa Society",
        "locationConfidence": 6.2733493
      }, {
        "latitudeE7": 222843342,
        "longitudeE7": 732403336,
        "placeId": "ChIJ4dDqjnLFXzkRrQSNf5oXAa0",
        "address": "C-1/10, Kubereshwar Marg, Prarthana Tenements, Goverdhan Twp, Kendranagar, Vadodara, Gujarat 390025, India",
        "locationConfidence": 2.6977334
      }, {
        "latitudeE7": 222881126,
        "longitudeE7": 732401352,
        "placeId": "ChIJ5f9w8XHFXzkRfxVtbpRLM6c",
        "locationConfidence": 1.1344181
      }, {
        "latitudeE7": 222830501,
        "longitudeE7": 732421874,
        "placeId": "ChIJoRnORW3FXzkR92oS-rgALZM",
        "address": "1, Kubereshwar Marg, Goverdhan Twp, Kendranagar, Vadodara, Gujarat 390025, India",
        "name": "Shreeji Tirth Duplex",
        "locationConfidence": 0.6669838
      }, {
        "latitudeE7": 222850399,
        "longitudeE7": 732429394,
        "placeId": "ChIJDUUQCm3FXzkRZRSNVgS83M0",
        "address": "61, Goverdhan Twp, Kendranagar, Vadodara, Gujarat 390025, India",
        "name": "Nirant Bungalows",
        "locationConfidence": 0.659072
      }, {
        "latitudeE7": 222836654,
        "longitudeE7": 732404207,
        "placeId": "ChIJhbPhmXLFXzkRoi_stz9pFkw",
        "address": "Devashish Bunglows Kubereshwar Marg, Dabhoi - Waghodia Ring Rd, Goverdhan Twp, Kendranagar, Vadodara, Gujarat 390025, India",
        "name": "Devashish Bungalows",
        "locationConfidence": 0.5867335
      }, {
        "latitudeE7": 222833020,
        "longitudeE7": 732420730,
        "placeId": "ChIJj56gQ23FXzkRv3cbusWJJoQ",
        "address": "1, Kubereshwar Marg, Goverdhan Twp, Kendranagar, Vadodara, Gujarat 390025, India",
        "name": "Nilamber Bungalows-3",
        "locationConfidence": 0.48605302
      }],
      "editConfirmationStatus": "NOT_CONFIRMED",
      "locationConfidence": 78,
      "placeVisitType": "SINGLE_PLACE",
      "placeVisitImportance": "MAIN"
    }
  }, {
    "activitySegment": {
      "startLocation": {
        "latitudeE7": 222840851,
        "longitudeE7": 732407340
      },
      "endLocation": {
        "latitudeE7": 222291721,
        "longitudeE7": 732995072,
        "sourceInfo": {
          "deviceTag": 1755654135
        }
      },
      "duration": {
        "startTimestamp": "2018-10-20T14:51:16.894Z",
        "endTimestamp": "2018-11-03T08:26:31.103Z"
      },
      "activityType": "UNKNOWN_ACTIVITY_TYPE",
      "activities": [{
        "activityType": "UNKNOWN_ACTIVITY_TYPE",
        "probability": 0.0
      }],
      "simplifiedRawPath": {
        "points": [{
          "latE7": 222193696,
          "lngE7": 732949480,
          "accuracyMeters": 3,
          "timestamp": "2018-11-03T08:03:58Z"
        }],
        "source": "BACKFILLED",
        "distanceMeters": 10292.36967081901
      }
    }
  }]
}