{
  "timelineObjects": [{
    "activitySegment": {
      "startLocation": {
        "latitudeE7": 222845026,
        "longitudeE7": 732411862,
        "sourceInfo": {
          "deviceTag": 360597759
        }
      },
      "endLocation": {
        "latitudeE7": 222929372,
        "longitudeE7": 732063325,
        "sourceInfo": {
          "deviceTag": 360597759
        }
      },
      "duration": {
        "startTimestamp": "2023-05-01T06:41:00.987Z",
        "endTimestamp": "2023-05-01T07:01:34.324Z"
      },
      "distance": 3776,
      "activityType": "MOTORCYCLING",
      "confidence": "LOW",
      "activities": [{
        "activityType": "MOTORCYCLING",
        "probability": 59.3328595161438
      }, {
        "activityType": "IN_PASSENGER_VEHICLE",
        "probability": 36.91267669200897
      }, {
        "activityType": "WALKING",
        "probability": 1.7399996519088745
      }, {
        "activityType": "STILL",
        "probability": 0.6863228976726532
      }, {
        "activityType": "CYCLING",
        "probability": 0.6697608157992363
      }, {
        "activityType": "IN_BUS",
        "probability": 0.32723238691687584
      }, {
        "activityType": "RUNNING",
        "probability": 0.14477443182840943
      }, {
        "activityType": "FLYING",
        "probability": 0.07250181515701115
      }, {
        "activityType": "IN_FERRY",
        "probability": 0.06983171915635467
      }, {
        "activityType": "IN_TRAIN",
        "probability": 0.029641587752848864
      }, {
        "activityType": "SAILING",
        "probability": 0.007965181430336088
      }, {
        "activityType": "SKIING",
        "probability": 0.0056738630519248545
      }, {
        "activityType": "IN_SUBWAY",
        "probability": 7.599066066177329E-4
      }, {
        "activityType": "IN_TRAM",
        "probability": 2.4671953369193034E-6
      }, {
        "activityType": "IN_VEHICLE",
        "probability": 2.1185481147156793E-8
      }],
      "waypointPath": {
        "waypoints": [{
          "latE7": 222845020,
          "lngE7": 732411804
        }, {
          "latE7": 222852096,
          "lngE7": 732385101
        }, {
          "latE7": 222852249,
          "lngE7": 732385101
        }, {
          "latE7": 222891063,
          "lngE7": 732153320
        }, {
          "latE7": 222929267,
          "lngE7": 732062454
        }],
        "source": "INFERRED",
        "distanceMeters": 4502.913181749381,
        "travelMode": "TWO_WHEELER",
        "confidence": 1.0
      },
      "simplifiedRawPath": {
        "points": [{
          "latE7": 222852249,
          "lngE7": 732384949,
          "accuracyMeters": 16,
          "timestamp": "2023-05-01T06:44:03.327Z"
        }]
      },
      "parkingEvent": {
        "location": {
          "latitudeE7": 222929304,
          "longitudeE7": 732063389,
          "accuracyMetres": 158
        },
        "method": "END_OF_ACTIVITY_SEGMENT",
        "locationSource": "NOT_FROM_RAW_LOCATION",
        "timestamp": "2023-05-01T07:02:45.903Z"
      }
    }
  }, {
    "placeVisit": {
      "location": {
        "latitudeE7": 222917859,
        "longitudeE7": 732043110,
        "placeId": "ChIJP8OlwvLFXzkRHmJiI3HIGdc",
        "address": "6, RV Desai Rd, Bakrawadi, Navapura, Vadodara, Gujarat 390001, India",
        "semanticType": "TYPE_SEARCHED_ADDRESS",
        "sourceInfo": {
          "deviceTag": 360597759
        },
        "locationConfidence": 58.91484,
        "calibratedProbability": 41.777393
      },
      "duration": {
        "startTimestamp": "2023-05-01T07:01:34.324Z",
        "endTimestamp": "2023-05-01T07:56:01.908Z"
      },
      "placeConfidence": "MEDIUM_CONFIDENCE",
      "centerLatE7": 222929308,
      "centerLngE7": 732062848,
      "visitConfidence": 87,
      "otherCandidateLocations": [{
        "latitudeE7": 222928660,
        "longitudeE7": 732037050,
        "placeId": "ChIJk2A_A_PFXzkRAzLFYxyUOF4",
        "address": "Madanzapa Road Opposite Jaya Ratna Building, 76V3+4FW, Bakrawadi, Navapura, Vadodara, Gujarat 390001, India",
        "name": "Prabhat Automobiles",
        "locationConfidence": 27.560413,
        "calibratedProbability": 19.5435
      }, {
        "latitudeE7": 222936425,
        "longitudeE7": 732064771,
        "placeId": "ChIJtyF8xYzFXzkRCvfNKr1FzM0",
        "address": "Nadiyawas, 76V4+FH5, Bakrawadi, Navapura, Vadodara, Gujarat 390001, India",
        "name": "Shree Sai Baba Temple",
        "locationConfidence": 2.512566,
        "calibratedProbability": 1.7816981
      }, {
        "latitudeE7": 222925460,
        "longitudeE7": 732038580,
        "placeId": "ChIJ0_TA4fLFXzkRxwMKrNkkS5Y",
        "address": "RV Desai Rd, char rasta, near Tata Motors, near Jayratna Building, Bakrawadi, Navapura, Vadodara, Gujarat 390001, India",
        "name": "Reliance Petrol Pump",
        "locationConfidence": 1.3633356,
        "calibratedProbability": 0.96676165
      }, {
        "latitudeE7": 222929558,
        "longitudeE7": 732081727,
        "placeId": "ChIJq-l6_YzFXzkRUP7gpDoW8Wo",
        "address": "76V5+57M, Pratapnagar, Bakrawadi, Navapura, Vadodara, Gujarat 390001, India",
        "name": "Maa Kali Temple",
        "locationConfidence": 1.225375,
        "calibratedProbability": 0.8689317
      }, {
        "latitudeE7": 222911814,
        "longitudeE7": 732083403,
        "placeId": "ChIJ93X6FI3FXzkRhPxE9DIW6nQ",
        "address": "E 4, Patel Indusrial Estate, Pratap Nagar, Pratap Nagar, Vijay Society-1, Pratapnagar, Bakrawadi, Navapura, Vadodara, Gujarat 390017, India",
        "name": "Shree Society",
        "locationConfidence": 1.1117485,
        "calibratedProbability": 0.78835744
      }, {
        "latitudeE7": 222932503,
        "longitudeE7": 732086645,
        "placeId": "ChIJ640d-4zFXzkRW7nOuXmxCnU",
        "address": "Baranpura, Vadodara, Gujarat 390001, India",
        "name": "Baranpura Petrol Pump",
        "locationConfidence": 0.9385191,
        "calibratedProbability": 0.6655179
      }, {
        "latitudeE7": 222935502,
        "longitudeE7": 732058271,
        "placeId": "ChIJjRbAwhTFXzkRg5yoPnx8BhI",
        "address": "Ramdevji Mandir,vankarvas no. 1, Bakrawadi, Madanzapa Rd, Nr, Navapura, Vadodara, Gujarat 390001, India",
        "name": "RAMDEVJI TEMPLE",
        "locationConfidence": 0.8841252,
        "calibratedProbability": 0.62694633
      }, {
        "latitudeE7": 222950207,
        "longitudeE7": 732054740,
        "placeId": "ChIJ9RI1I-bFXzkRLje4lGmiNLk",
        "address": "Sejal Complex, Madanzapa Rd, Opposite Azad Maidan, Bakrawadi, Navapura, Vadodara, Gujarat 390001, India",
        "name": "Navapura UPHC",
        "locationConfidence": 0.7172648,
        "calibratedProbability": 0.5086231
      }],
      "editConfirmationStatus": "NOT_CONFIRMED",
      "locationConfidence": 47,
      "placeVisitType": "SINGLE_PLACE",
      "placeVisitImportance": "MAIN"
    }
  }, {
    "activitySegment": {
      "startLocation": {
        "latitudeE7": 222932169,
        "longitudeE7": 732058301,
        "sourceInfo": {
          "deviceTag": -1345330564
        }
      },
      "endLocation": {
        "latitudeE7": 223018146,
        "longitudeE7": 732012793,
        "sourceInfo": {
          "deviceTag": -1345330564
        }
      },
      "duration": {
        "startTimestamp": "2023-05-01T07:56:01.908Z",
        "endTimestamp": "2023-05-01T08:02:13.550Z"
      },
      "distance": 1064,
      "activityType": "MOTORCYCLING",
      "confidence": "MEDIUM",
      "activities": [{
        "activityType": "MOTORCYCLING",
        "probability": 63.16869258880615
      }, {
        "activityType": "IN_PASSENGER_VEHICLE",
        "probability": 34.525054693222046
      }, {
        "activityType": "WALKING",
        "probability": 1.1046092957258224
      }, {
        "activityType": "CYCLING",
        "probability": 0.4432502668350935
      }, {
        "activityType": "STILL",
        "probability": 0.4027582239359617
      }, {
        "activityType": "RUNNING",
        "probability": 0.15089716762304306
      }, {
        "activityType": "IN_BUS",
        "probability": 0.09111837716773152
      }, {
        "activityType": "IN_FERRY",
        "probability": 0.04526259144768119
      }, {
        "activityType": "FLYING",
        "probability": 0.04352731630206108
      }, {
        "activityType": "IN_TRAIN",
        "probability": 0.010321763693355024
      }, {
        "activityType": "SAILING",
        "probability": 0.007425013609463349
      }, {
        "activityType": "SKIING",
        "probability": 0.00692680332576856
      }, {
        "activityType": "IN_SUBWAY",
        "probability": 1.517913233328727E-4
      }, {
        "activityType": "IN_TRAM",
        "probability": 4.1353187540948966E-7
      }, {
        "activityType": "IN_VEHICLE",
        "probability": 2.251215186488409E-8
      }],
      "waypointPath": {
        "waypoints": [{
          "latE7": 222932205,
          "lngE7": 732059097
        }, {
          "latE7": 222962913,
          "lngE7": 732059249
        }, {
          "latE7": 223018112,
          "lngE7": 732013397
        }],
        "source": "INFERRED",
        "distanceMeters": 1557.1240621024533,
        "travelMode": "TWO_WHEELER",
        "confidence": 1.0
      },
      "parkingEvent": {
        "location": {
          "latitudeE7": 223017621,
          "longitudeE7": 732013115,
          "accuracyMetres": 92
        },
        "method": "END_OF_ACTIVITY_SEGMENT",
        "locationSource": "FROM_RAW_LOCATION",
        "timestamp": "2023-05-01T08:03:47.381Z"
      }
    }
  }, {
    "placeVisit": {
      "location": {
        "latitudeE7": 223018112,
        "longitudeE7": 732009277,
        "placeId": "ChIJGe_jXF_PXzkR2uTQBHVyQuk",
        "address": "Shop No 21, Bank Rd, Siyapura, Raopura, Mandvi, Vadodara, Gujarat 390006, India",
        "name": "Navrang Matching Dupatta Centre",
        "sourceInfo": {
          "deviceTag": 360597759
        },
        "locationConfidence": 59.372814,
        "calibratedProbability": 59.165344
      },
      "duration": {
        "startTimestamp": "2023-05-01T08:02:13.550Z",
        "endTimestamp": "2023-05-01T08:41:38.663Z"
      },
      "placeConfidence": "MEDIUM_CONFIDENCE",
      "centerLatE7": 223017669,
      "centerLngE7": 732012808,
      "visitConfidence": 95,
      "otherCandidateLocations": [{
        "latitudeE7": 223016846,
        "longitudeE7": 732014336,
        "placeId": "ChIJtzuGQl_PXzkRuHpemecNfbY",
        "address": "Kaptan Falia, H-1/397, Guru Nanak Marg, Siyapura, Raopura, Mandvi, Vadodara, Gujarat 390001, India",
        "name": "Narmada Apartment",
        "locationConfidence": 5.476456,
        "calibratedProbability": 5.4573193
      }, {
        "latitudeE7": 223017806,
        "longitudeE7": 732012608,
        "placeId": "ChIJufQomePPXzkRloO9rUhiweo",
        "address": "Narmada Apartment, Navrang Cinema Rd, Siyapura, Raopura, Vadodara, Gujarat 390001, India",
        "name": "Vardhman Ethnic Studio",
        "locationConfidence": 4.85015,
        "calibratedProbability": 4.833202
      }, {
        "latitudeE7": 223017693,
        "longitudeE7": 732012680,
        "placeId": "ChIJc6CEQl_PXzkRMIQO564acWc",
        "address": "Narmada Apartment, Navrang Cinema Rd, Siyapura, Raopura, Mandvi, Vadodara, Gujarat 390001, India",
        "name": "Vardhman Textorium",
        "locationConfidence": 4.8226013,
        "calibratedProbability": 4.8057494
      }, {
        "latitudeE7": 223024974,
        "longitudeE7": 732012128,
        "placeId": "ChIJAQAAUF_PXzkRNcIuFI_YCXs",
        "address": "Navrang Cinema Rd, Siyapura, Raopura, Mandvi, Vadodara, Gujarat 390001, India",
        "name": "F2 Fusion Fashion",
        "locationConfidence": 3.8556468,
        "calibratedProbability": 3.8421738
      }, {
        "latitudeE7": 223015431,
        "longitudeE7": 732012545,
        "placeId": "ChIJXbC5E8vPXzkRktMXnMOUuQE",
        "address": "Shop No.3, Ratan Building, Navrang Cinema Rd, near Narmada App, Siyapura, Raopura, Mandvi, Vadodara, Gujarat 390001, India",
        "name": "Louis philippe store",
        "locationConfidence": 1.9944665,
        "calibratedProbability": 1.9874972
      }, {
        "latitudeE7": 223029831,
        "longitudeE7": 732011594,
        "placeId": "ChIJAQAAUF_PXzkR4OH74H7r88o",
        "address": "Lohana Building, Navrang Cinema Rd, Siyapura, Raopura, Mandvi, Vadodara, Gujarat 390001, India",
        "name": "Pooja Plus",
        "locationConfidence": 1.9940827,
        "calibratedProbability": 1.9871147
      }, {
        "latitudeE7": 223020270,
        "longitudeE7": 732013620,
        "placeId": "ChIJAQAAUF_PXzkRIAyTsM5FZuU",
        "address": "Citadel Complex, Kothi Rd, Opposite Narmada Complex, Raopura, Mandvi, Vadodara, Gujarat 390001, India",
        "name": "Bhatt Bros",
        "locationConfidence": 1.1546384,
        "calibratedProbability": 1.1506037
      }, {
        "latitudeE7": 223019759,
        "longitudeE7": 732012696,
        "placeId": "ChIJu9YgYZnPXzkRVQPzJB2A7jk",
        "address": "Shop No 3, Ram Apartment, Navrang Cinema Rd, Siyapura, Raopura, Vadodara, Gujarat 390001, India",
        "name": "Manyavar",
        "locationConfidence": 0.8547995,
        "calibratedProbability": 0.85181254
      }, {
        "latitudeE7": 223018572,
        "longitudeE7": 732013494,
        "placeId": "ChIJE9r8VLnIXzkRyA-9UmNbLjU",
        "address": "KHUSHBOO, Navrang Cinema Rd, Vadodara, Gujarat 390001, India",
        "name": "KHUSHBOO",
        "locationConfidence": 0.7644032,
        "calibratedProbability": 0.7617321
      }],
      "editConfirmationStatus": "NOT_CONFIRMED",
      "locationConfidence": 48,
      "placeVisitType": "SINGLE_PLACE",
      "placeVisitImportance": "MAIN"
    }
  }, {
    "activitySegment": {
      "startLocation": {
        "latitudeE7": 223017132,
        "longitudeE7": 732012693,
        "sourceInfo": {
          "deviceTag": -1345330564
        }
      },
      "endLocation": {
        "latitudeE7": 223205365,
        "longitudeE7": 731889820,
        "sourceInfo": {
          "deviceTag": -1345330564
        }
      },
      "duration": {
        "startTimestamp": "2023-05-01T08:41:38.663Z",
        "endTimestamp": "2023-05-01T08:53:04.377Z"
      },
      "distance": 2454,
      "activityType": "MOTORCYCLING",
      "confidence": "LOW",
      "activities": [{
        "activityType": "MOTORCYCLING",
        "probability": 59.37654972076416
      }, {
        "activityType": "IN_PASSENGER_VEHICLE",
        "probability": 38.20204138755798
      }, {
        "activityType": "WALKING",
        "probability": 1.212264597415924
      }, {
        "activityType": "CYCLING",
        "probability": 0.5456301383674145
      }, {
        "activityType": "STILL",
        "probability": 0.27778809890151024
      }, {
        "activityType": "IN_BUS",
        "probability": 0.16579710645601153
      }, {
        "activityType": "RUNNING",
        "probability": 0.15241308137774467
      }, {
        "activityType": "IN_TRAIN",
        "probability": 0.027955410769209266
      }, {
        "activityType": "IN_FERRY",
        "probability": 0.017020475934259593
      }, {
        "activityType": "FLYING",
        "probability": 0.014864580589346588
      }, {
        "activityType": "SAILING",
        "probability": 0.003962278424296528
      }, {
        "activityType": "SKIING",
        "probability": 0.003534664574544877
      }, {
        "activityType": "IN_SUBWAY",
        "probability": 1.7768361431080848E-4
      }, {
        "activityType": "IN_TRAM",
        "probability": 5.547136439076894E-6
      }, {
        "activityType": "IN_VEHICLE",
        "probability": 7.925116118912001E-8
      }],
      "waypointPath": {
        "waypoints": [{
          "latE7": 223017082,
          "lngE7": 732013320
        }, {
          "latE7": 223087348,
          "lngE7": 731880569
        }, {
          "latE7": 223203201,
          "lngE7": 731889801
        }],
        "source": "INFERRED",
        "distanceMeters": 3248.7082675763836,
        "travelMode": "TWO_WHEELER",
        "confidence": 1.0
      },
      "parkingEvent": {
        "location": {
          "latitudeE7": 223158940,
          "longitudeE7": 731921016,
          "accuracyMetres": 124
        },
        "method": "END_OF_ACTIVITY_SEGMENT",
        "locationSource": "NOT_FROM_RAW_LOCATION",
        "timestamp": "2023-05-01T08:55:52.790Z"
      }
    }
  }, {
    "placeVisit": {
      "location": {
        "latitudeE7": 223204741,
        "longitudeE7": 731884592,
        "placeId": "ChIJ32EvgUnPXzkRee27MBT6_PU",
        "address": "Abbas Tyabji Rd, next to Parsi Agiari, Jayesh Colony, Fatehgunj, Vadodara, Gujarat 390002, India",
        "name": "Hotel Suba Elite",
        "sourceInfo": {
          "deviceTag": 360597759
        },
        "locationConfidence": 86.510826,
        "calibratedProbability": 76.90293
      },
      "duration": {
        "startTimestamp": "2023-05-01T08:53:04.377Z",
        "endTimestamp": "2023-05-01T09:55:30.935Z"
      },
      "placeConfidence": "MEDIUM_CONFIDENCE",
      "centerLatE7": 223205363,
      "centerLngE7": 731889395,
      "visitConfidence": 93,
      "otherCandidateLocations": [{
        "latitudeE7": 223204168,
        "longitudeE7": 731888377,
        "placeId": "ChIJ0VyywZzPXzkRYZSmgmZZhjQ",
        "address": "1,modi khans, b/h suba elite Hotel, Jayesh Colony, Fatehgunj, Vadodara, Gujarat 390002, India",
        "name": "REFUEL CLUB CAFE",
        "locationConfidence": 5.20332,
        "calibratedProbability": 4.625439
      }, {
        "latitudeE7": 223226810,
        "longitudeE7": 731870010,
        "placeId": "ChIJ0QxM9jXPXzkRjBcf0G2Lu6s",
        "address": "Harshadrai Mehta Marg, near IPCL Circle, Jayesh Colony, Fatehgunj, Vadodara, Gujarat 390002, India",
        "name": "7 Seas",
        "locationConfidence": 2.110509,
        "calibratedProbability": 1.8761158
      }, {
        "latitudeE7": 223202476,
        "longitudeE7": 731893712,
        "placeId": "ChIJA0fDmUnPXzkR5Wu6ljdQ-Ng",
        "address": "Juna modikhana b/h Suba elight hotel, Jayesh Colony, Fatehgunj, Vadodara, Gujarat 390008, India",
        "name": "Juna Modikhana Yuvak Mandal",
        "locationConfidence": 0.8954214,
        "calibratedProbability": 0.79597586
      }, {
        "latitudeE7": 223212934,
        "longitudeE7": 731887132,
        "placeId": "ChIJlcC48knPXzkRnPGl9t1SK5I",
        "address": "Emperor Building, SF-19, Abbas Tyabji Rd, Jayesh Colony, Fatehgunj, Vadodara, Gujarat 390002, India",
        "name": "The Emperor Building",
        "locationConfidence": 0.64407873,
        "calibratedProbability": 0.5725473
      }],
      "editConfirmationStatus": "NOT_CONFIRMED",
      "locationConfidence": 71,
      "placeVisitType": "SINGLE_PLACE",
      "placeVisitImportance": "MAIN"
    }
  }, {
    "activitySegment": {
      "startLocation": {
        "latitudeE7": 223206584,
        "longitudeE7": 731892737,
        "sourceInfo": {
          "deviceTag": 360597759
        }
      },
      "endLocation": {
        "latitudeE7": 223215419,
        "longitudeE7": 731655707,
        "sourceInfo": {
          "deviceTag": 360597759
        }
      },
      "duration": {
        "startTimestamp": "2023-05-01T09:55:30.935Z",
        "endTimestamp": "2023-05-01T10:34:56.096Z"
      },
      "distance": 2440,
      "activityType": "MOTORCYCLING",
      "confidence": "LOW",
      "activities": [{
        "activityType": "MOTORCYCLING",
        "probability": 54.46954369544983
      }, {
        "activityType": "IN_PASSENGER_VEHICLE",
        "probability": 42.70642697811127
      }, {
        "activityType": "CYCLING",
        "probability": 1.0570579208433628
      }, {
        "activityType": "IN_BUS",
        "probability": 0.589097710326314
      }, {
        "activityType": "STILL",
        "probability": 0.5607994738966227
      }, {
        "activityType": "WALKING",
        "probability": 0.40745120495557785
      }, {
        "activityType": "IN_FERRY",
        "probability": 0.09197215549647808
      }, {
        "activityType": "FLYING",
        "probability": 0.05621694726869464
      }, {
        "activityType": "RUNNING",
        "probability": 0.03454271936789155
      }, {
        "activityType": "IN_TRAIN",
        "probability": 0.019345220061950386
      }, {
        "activityType": "SAILING",
        "probability": 0.0054777981858933344
      }, {
        "activityType": "SKIING",
        "probability": 0.001307009642914636
      }, {
        "activityType": "IN_SUBWAY",
        "probability": 7.515953711845214E-4
      }, {
        "activityType": "IN_TRAM",
        "probability": 8.670110673847375E-6
      }, {
        "activityType": "IN_VEHICLE",
        "probability": 2.4602517245675415E-8
      }],
      "waypointPath": {
        "waypoints": [{
          "latE7": 223203239,
          "lngE7": 731892776
        }, {
          "latE7": 223227405,
          "lngE7": 731794586
        }, {
          "latE7": 223214550,
          "lngE7": 731653060
        }],
        "source": "INFERRED",
        "distanceMeters": 3548.3621940703893,
        "travelMode": "TWO_WHEELER",
        "confidence": 1.0
      },
      "parkingEvent": {
        "location": {
          "latitudeE7": 223215567,
          "longitudeE7": 731657559,
          "accuracyMetres": 90
        },
        "method": "END_OF_ACTIVITY_SEGMENT",
        "locationSource": "NOT_FROM_RAW_LOCATION",
        "timestamp": "2023-05-01T10:36:46.793Z"
      }
    }
  }, {
    "placeVisit": {
      "location": {
        "latitudeE7": 223223271,
        "longitudeE7": 731655842,
        "placeId": "ChIJ7418PMfIXzkRuJT-zFxZyN0",
        "address": "Alembic Rd, opposite to Alembic School, Gorwa, Vadodara, Gujarat 390023, India",
        "name": "Inorbit Mall Vadodara",
        "sourceInfo": {
          "deviceTag": -1345330564
        },
        "locationConfidence": 95.2144,
        "calibratedProbability": 85.73818
      },
      "duration": {
        "startTimestamp": "2023-05-01T10:34:56.096Z",
        "endTimestamp": "2023-05-01T11:13:39.102Z"
      },
      "placeConfidence": "HIGH_CONFIDENCE",
      "childVisits": [{
        "location": {
          "latitudeE7": 223222310,
          "longitudeE7": 731654830,
          "placeId": "ChIJC28UO8fIXzkRqd3LvkP0LHY",
          "address": "Ground Floor, Inorbit Mall, Gunjan Tower, Gorwa Rd, opp. Alembic School, Subhanpura, Vadodara, Gujarat 390003, India",
          "name": "Shoppers Stop",
          "sourceInfo": {
            "deviceTag": 360597759
          },
          "locationConfidence": 62.038418,
          "calibratedProbability": 54.1009
        },
        "duration": {
          "startTimestamp": "2023-05-01T10:34:56.096Z",
          "endTimestamp": "2023-05-01T10:58:13.823Z"
        },
        "placeConfidence": "MEDIUM_CONFIDENCE",
        "centerLatE7": 223215406,
        "centerLngE7": 731657481,
        "visitConfidence": 92,
        "otherCandidateLocations": [{
          "latitudeE7": 223217213,
          "longitudeE7": 731656315,
          "placeId": "ChIJmYZEP8fIXzkRYWWGTQ4wXf0",
          "address": "Shop # F - 39 Inorbit Mall Survey # 100, Alembic Rd, Subhanpura, Vadodara, Gujarat 390023, भारत",
          "name": "Louis Philippe - Men\u0027s Clothing Store, Subhanpura, Vadodara",
          "locationConfidence": 10.999571,
          "calibratedProbability": 9.592228
        }, {
          "latitudeE7": 223225645,
          "longitudeE7": 731657150,
          "placeId": "ChIJ00u1OcfIXzkR302hahbgQmc",
          "address": "G-19, Inorbit Mall, Gorwa Rd, Subhanpura, Vadodara, Gujarat 390023, India",
          "name": "iVenus - Apple Premium Reseller, Inorbit Mall, Vadodara",
          "locationConfidence": 10.423162,
          "calibratedProbability": 9.089569
        }, {
          "latitudeE7": 223215837,
          "longitudeE7": 731656271,
          "placeId": "ChIJv_e4QMfIXzkR0SJMgulvHD4",
          "address": "B-7, Amit Complex, Opposite Panchratna Apartment, Subhanpura, Vadodara, Gujarat 390023, India",
          "name": "Game Zone",
          "locationConfidence": 6.323915,
          "calibratedProbability": 5.5148005
        }, {
          "latitudeE7": 223217915,
          "longitudeE7": 731654087,
          "placeId": "ChIJ3Vv6OMfIXzkRhbeN10DE-2I",
          "address": "100, Gorwa Rd, Gorwa, Vadodara, Gujarat 390003, India",
          "name": "Van Heusen",
          "locationConfidence": 5.450982,
          "calibratedProbability": 4.753555
        }, {
          "latitudeE7": 223219160,
          "longitudeE7": 731659090,
          "placeId": "ChIJ2XjQgJzJXzkRXv0MQXMcU9g",
          "address": "No 35 \u0026 36, Ground Floor, Inorbit Mall, Gorwa Rd, Subhanpura, Vadodara, Gujarat 390007, India",
          "name": "OnePlus Experience Store",
          "locationConfidence": 3.02405,
          "calibratedProbability": 2.6371372
        }, {
          "latitudeE7": 223228101,
          "longitudeE7": 731661421,
          "placeId": "ChIJgbuzO8fIXzkRh0Ks31NB8yM",
          "address": "Inorbit Mall, Near Genda Circle, 85F8+4FC, opp. Alembic School, opp. Alembic Road, Subhanpura, Vadodara, Gujarat 390023, India",
          "name": "Max",
          "locationConfidence": 1.3019055,
          "calibratedProbability": 1.135333
        }],
        "editConfirmationStatus": "NOT_CONFIRMED",
        "locationConfidence": 79,
        "placeVisitType": "SINGLE_PLACE",
        "placeVisitLevel": 1
      }],
      "centerLatE7": 223217225,
      "centerLngE7": 731657075,
      "visitConfidence": 92,
      "otherCandidateLocations": [{
        "latitudeE7": 223185614,
        "longitudeE7": 731703566,
        "placeId": "ChIJjRYYdDDJXzkRyu7Q0AhxRfc",
        "address": "B/S PTSI, Near Legend of Punjab Restaurant Opp. Baroda People\u0027s Co-operative Society, Genda Cir, Subhanpura, Por, Gujarat 390007, India",
        "name": "Bajaj Finance Limited",
        "locationConfidence": 0.6756068,
        "calibratedProbability": 0.60836697
      }, {
        "latitudeE7": 223218350,
        "longitudeE7": 731681080,
        "placeId": "ChIJY7kimMfIXzkRomMqWfwFzuk",
        "address": "Nand Agricultural University Farm, Gorwa, Vadodara, Gujarat 390003, India",
        "name": "Inorbit Mall",
        "locationConfidence": 0.30137637,
        "calibratedProbability": 0.27138188
      }, {
        "latitudeE7": 223217860,
        "longitudeE7": 731679750,
        "placeId": "ChIJP0hYmMfIXzkRcOwoxZKtaPs",
        "address": "Nand Agricultural University Farm, Gorwa, Vadodara, Gujarat 390023, India",
        "name": "Inorbit Mall",
        "locationConfidence": 0.14661878,
        "calibratedProbability": 0.13202654
      }, {
        "latitudeE7": 223220068,
        "longitudeE7": 731657838,
        "placeId": "ChIJi939Z4nJXzkRZ4RFibemOu0",
        "address": "Inorbit Mall, Unit No. S-01, Second Floor, Alembic Rd, opposite to Alembic School, Gorwa, Vadodara, Gujarat 390023, India",
        "name": "MR.DIY",
        "locationConfidence": 0.081691466,
        "calibratedProbability": 0.07356112
      }],
      "editConfirmationStatus": "NOT_CONFIRMED",
      "simplifiedRawPath": {
        "points": [{
          "latE7": 223215419,
          "lngE7": 731655707,
          "accuracyMeters": 13,
          "timestamp": "2023-05-01T10:34:56.096Z"
        }, {
          "latE7": 223215561,
          "lngE7": 731657411,
          "accuracyMeters": 15,
          "timestamp": "2023-05-01T10:35:27.681Z"
        }, {
          "latE7": 223214650,
          "lngE7": 731657215,
          "accuracyMeters": 20,
          "timestamp": "2023-05-01T10:49:28.269Z"
        }, {
          "latE7": 223215246,
          "lngE7": 731657572,
          "accuracyMeters": 15,
          "timestamp": "2023-05-01T10:51:45.154Z"
        }, {
          "latE7": 223221292,
          "lngE7": 731654729,
          "accuracyMeters": 11,
          "timestamp": "2023-05-01T11:11:30.337Z"
        }],
        "source": "INFERRED",
        "distanceMeters": 131.97611383276106
      },
      "locationConfidence": 81,
      "placeVisitType": "SINGLE_PLACE",
      "placeVisitImportance": "MAIN"
    }
  }, {
    "activitySegment": {
      "startLocation": {
        "latitudeE7": 223225366,
        "longitudeE7": 731655600,
        "sourceInfo": {
          "deviceTag": -1345330564
        }
      },
      "endLocation": {
        "latitudeE7": 222843864,
        "longitudeE7": 732409794,
        "sourceInfo": {
          "deviceTag": -1345330564
        }
      },
      "duration": {
        "startTimestamp": "2023-05-01T11:13:39.102Z",
        "endTimestamp": "2023-05-01T11:47:49.873Z"
      },
      "distance": 8911,
      "activityType": "MOTORCYCLING",
      "confidence": "LOW",
      "activities": [{
        "activityType": "MOTORCYCLING",
        "probability": 49.4484543800354
      }, {
        "activityType": "IN_PASSENGER_VEHICLE",
        "probability": 48.087120056152344
      }, {
        "activityType": "WALKING",
        "probability": 0.7779957726597786
      }, {
        "activityType": "IN_BUS",
        "probability": 0.540205230936408
      }, {
        "activityType": "STILL",
        "probability": 0.49904733896255493
      }, {
        "activityType": "CYCLING",
        "probability": 0.40157511830329895
      }, {
        "activityType": "RUNNING",
        "probability": 0.12171991402283311
      }, {
        "activityType": "FLYING",
        "probability": 0.04793289408553392
      }, {
        "activityType": "IN_FERRY",
        "probability": 0.0408833526307717
      }, {
        "activityType": "IN_TRAIN",
        "probability": 0.025793537497520447
      }, {
        "activityType": "SAILING",
        "probability": 0.004712881855084561
      }, {
        "activityType": "SKIING",
        "probability": 0.003466432463028468
      }, {
        "activityType": "IN_SUBWAY",
        "probability": 0.001084566338249715
      }, {
        "activityType": "IN_TRAM",
        "probability": 4.1061358757588096E-6
      }, {
        "activityType": "IN_VEHICLE",
        "probability": 3.86294246590424E-8
      }],
      "waypointPath": {
        "waypoints": [{
          "latE7": 223226432,
          "lngE7": 731655120
        }, {
          "latE7": 223251552,
          "lngE7": 731973342
        }, {
          "latE7": 222873497,
          "lngE7": 732363662
        }, {
          "latE7": 222872467,
          "lngE7": 732379989
        }, {
          "latE7": 222843647,
          "lngE7": 732409820
        }],
        "source": "INFERRED",
        "distanceMeters": 12490.18105405637,
        "travelMode": "TWO_WHEELER",
        "confidence": 0.9997445669165256
      },
      "simplifiedRawPath": {
        "points": [{
          "latE7": 222873497,
          "lngE7": 732363663,
          "accuracyMeters": 21,
          "timestamp": "2023-05-01T11:43:59.527Z"
        }]
      },
      "parkingEvent": {
        "location": {
          "latitudeE7": 222843966,
          "longitudeE7": 732411240,
          "accuracyMetres": 158
        },
        "method": "END_OF_ACTIVITY_SEGMENT",
        "locationSource": "NOT_FROM_RAW_LOCATION",
        "timestamp": "2023-05-01T11:49:04.420Z"
      }
    }
  }, {
    "placeVisit": {
      "location": {
        "latitudeE7": 222842198,
        "longitudeE7": 732400367,
        "placeId": "ChIJ_RqQnHLFXzkRgQkmFsn8wGo",
        "address": "E-64/65, E-64/65, Kubereshwar Marg, Parn Vihar Society, Goverdhan Twp, Kendranagar, Vadodara, Gujarat 390025, India",
        "name": "Parn Vihar Society",
        "sourceInfo": {
          "deviceTag": 360597759
        },
        "locationConfidence": 96.317085,
        "calibratedProbability": 88.29021
      },
      "duration": {
        "startTimestamp": "2023-05-01T11:47:49.873Z",
        "endTimestamp": "2023-05-01T15:08:49.070Z"
      },
      "placeConfidence": "HIGH_CONFIDENCE",
      "centerLatE7": 222843460,
      "centerLngE7": 732411318,
      "visitConfidence": 94,
      "otherCandidateLocations": [{
        "latitudeE7": 222843099,
        "longitudeE7": 732415478,
        "placeId": "ChIJdQgDcG3FXzkRm-VZXoKY94E",
        "address": "C-84 Nilamber Villa, Kubereshwar Marg, Prarthana Tenements, Goverdhan Twp, Kendranagar, Vadodara, Gujarat 390025, India",
        "name": "Nilamber Villa Society",
        "locationConfidence": 0.47502354,
        "calibratedProbability": 0.43543598
      }, {
        "latitudeE7": 222838564,
        "longitudeE7": 732413242,
        "placeId": "ChIJj56gQ23FXzkRv3cbusWJJoQ",
        "address": "1, Kubereshwar Marg, Goverdhan Twp, Kendranagar, Vadodara, Gujarat 390025, India",
        "name": "Nilamber Bungalows-3",
        "locationConfidence": 0.3401394,
        "calibratedProbability": 0.31179282
      }, {
        "latitudeE7": 222848782,
        "longitudeE7": 732427537,
        "placeId": "ChIJDUUQCm3FXzkRZRSNVgS83M0",
        "address": "61, Goverdhan Twp, Kendranagar, Vadodara, Gujarat 390025, India",
        "name": "Nirant Bungalows",
        "locationConfidence": 0.26129892,
        "calibratedProbability": 0.23952277
      }, {
        "latitudeE7": 222843012,
        "longitudeE7": 732424948,
        "placeId": "ChIJRapibW3FXzkRe8BGssgYLBY",
        "address": "Nirant Residency Narayan Vidyalaya Road \u0026 Kubereshwar Marg Bh., 76MR+PX5, Ring Rd, Goverdhan Twp, Waghodia, Vadodara, Gujarat 390025, India",
        "name": "Nirant Residency",
        "locationConfidence": 0.23198391,
        "calibratedProbability": 0.2126508
      }],
      "editConfirmationStatus": "NOT_CONFIRMED",
      "locationConfidence": 83,
      "placeVisitType": "SINGLE_PLACE",
      "placeVisitImportance": "MAIN"
    }
  }, {
    "activitySegment": {
      "startLocation": {
        "latitudeE7": 222843797,
        "longitudeE7": 732410299,
        "sourceInfo": {
          "deviceTag": 360597759
        }
      },
      "endLocation": {
        "latitudeE7": 222844164,
        "longitudeE7": 732423533,
        "sourceInfo": {
          "deviceTag": 360597759
        }
      },
      "duration": {
        "startTimestamp": "2023-05-01T15:08:49.070Z",
        "endTimestamp": "2023-05-01T15:58:22.587Z"
      },
      "distance": 2714,
      "activityType": "WALKING",
      "confidence": "HIGH",
      "activities": [{
        "activityType": "WALKING",
        "probability": 79.37833666801453
      }, {
        "activityType": "IN_PASSENGER_VEHICLE",
        "probability": 14.64819610118866
      }, {
        "activityType": "MOTORCYCLING",
        "probability": 3.6587201058864594
      }, {
        "activityType": "STILL",
        "probability": 0.7792840711772442
      }, {
        "activityType": "CYCLING",
        "probability": 0.7323749829083681
      }, {
        "activityType": "RUNNING",
        "probability": 0.3850536188110709
      }, {
        "activityType": "IN_BUS",
        "probability": 0.3198657650500536
      }, {
        "activityType": "IN_FERRY",
        "probability": 0.0568999326787889
      }, {
        "activityType": "SKIING",
        "probability": 0.017953160568140447
      }, {
        "activityType": "IN_TRAIN",
        "probability": 0.008872900798451155
      }, {
        "activityType": "FLYING",
        "probability": 0.006862974260002375
      }, {
        "activityType": "SAILING",
        "probability": 0.006423492595786229
      }, {
        "activityType": "IN_SUBWAY",
        "probability": 8.786400940152816E-4
      }, {
        "activityType": "IN_TRAM",
        "probability": 2.6626387352735037E-4
      }, {
        "activityType": "IN_VEHICLE",
        "probability": 5.023340676757471E-6
      }],
      "waypointPath": {
        "waypoints": [{
          "latE7": 222843608,
          "lngE7": 732410278
        }, {
          "latE7": 222844867,
          "lngE7": 732338714
        }, {
          "latE7": 222845401,
          "lngE7": 732333221
        }, {
          "latE7": 222855625,
          "lngE7": 732332916
        }, {
          "latE7": 222876167,
          "lngE7": 732325820
        }, {
          "latE7": 222869110,
          "lngE7": 732411270
        }, {
          "latE7": 222868900,
          "lngE7": 732414093
        }, {
          "latE7": 222841567,
          "lngE7": 732423477
        }, {
          "latE7": 222843666,
          "lngE7": 732409591
        }],
        "source": "INFERRED",
        "distanceMeters": 2970.0573980170407,
        "travelMode": "WALK",
        "confidence": 0.9995267045024009
      },
      "simplifiedRawPath": {
        "points": [{
          "latE7": 222846184,
          "lngE7": 732333298,
          "accuracyMeters": 7,
          "timestamp": "2023-05-01T15:36:40.055Z"
        }, {
          "latE7": 222876244,
          "lngE7": 732325821,
          "accuracyMeters": 88,
          "timestamp": "2023-05-01T15:43:03.429Z"
        }, {
          "latE7": 222870350,
          "lngE7": 732414169,
          "accuracyMeters": 45,
          "timestamp": "2023-05-01T15:53:56.650Z"
        }]
      }
    }
  }, {
    "placeVisit": {
      "location": {
        "latitudeE7": 222842198,
        "longitudeE7": 732400367,
        "placeId": "ChIJ_RqQnHLFXzkRgQkmFsn8wGo",
        "address": "E-64/65, E-64/65, Kubereshwar Marg, Parn Vihar Society, Goverdhan Twp, Kendranagar, Vadodara, Gujarat 390025, India",
        "name": "Parn Vihar Society",
        "sourceInfo": {
          "deviceTag": 360597759
        },
        "locationConfidence": 96.100685,
        "calibratedProbability": 90.973755
      },
      "duration": {
        "startTimestamp": "2023-05-01T15:58:22.587Z",
        "endTimestamp": "2023-05-02T01:45:43.292Z"
      },
      "placeConfidence": "HIGH_CONFIDENCE",
      "centerLatE7": 222842859,
      "centerLngE7": 732411662,
      "visitConfidence": 96,
      "otherCandidateLocations": [{
        "latitudeE7": 222838564,
        "longitudeE7": 732413242,
        "placeId": "ChIJj56gQ23FXzkRv3cbusWJJoQ",
        "address": "1, Kubereshwar Marg, Goverdhan Twp, Kendranagar, Vadodara, Gujarat 390025, India",
        "name": "Nilamber Bungalows-3",
        "locationConfidence": 0.49785787,
        "calibratedProbability": 0.47129738
      }, {
        "latitudeE7": 222848782,
        "longitudeE7": 732427537,
        "placeId": "ChIJDUUQCm3FXzkRZRSNVgS83M0",
        "address": "61, Goverdhan Twp, Kendranagar, Vadodara, Gujarat 390025, India",
        "name": "Nirant Bungalows",
        "locationConfidence": 0.27991426,
        "calibratedProbability": 0.26498097
      }, {
        "latitudeE7": 222843099,
        "longitudeE7": 732415478,
        "placeId": "ChIJdQgDcG3FXzkRm-VZXoKY94E",
        "address": "C-84 Nilamber Villa, Kubereshwar Marg, Prarthana Tenements, Goverdhan Twp, Kendranagar, Vadodara, Gujarat 390025, India",
        "name": "Nilamber Villa Society",
        "locationConfidence": 0.17873241,
        "calibratedProbability": 0.16919711
      }, {
        "latitudeE7": 222843012,
        "longitudeE7": 732424948,
        "placeId": "ChIJRapibW3FXzkRe8BGssgYLBY",
        "address": "Nirant Residency Narayan Vidyalaya Road \u0026 Kubereshwar Marg Bh., 76MR+PX5, Ring Rd, Goverdhan Twp, Waghodia, Vadodara, Gujarat 390025, India",
        "name": "Nirant Residency",
        "locationConfidence": 0.17325066,
        "calibratedProbability": 0.16400781
      }],
      "editConfirmationStatus": "NOT_CONFIRMED",
      "locationConfidence": 83,
      "placeVisitType": "SINGLE_PLACE",
      "placeVisitImportance": "MAIN"
    }
  }, {
    "activitySegment": {
      "startLocation": {
        "latitudeE7": 222843068,
        "longitudeE7": 732412091,
        "sourceInfo": {
          "deviceTag": 360597759
        }
      },
      "endLocation": {
        "latitudeE7": 222886904,
        "longitudeE7": 732169482,
        "sourceInfo": {
          "deviceTag": 360597759
        }
      },
      "duration": {
        "startTimestamp": "2023-05-02T01:45:43.292Z",
        "endTimestamp": "2023-05-02T02:34:13.999Z"
      },
      "distance": 2614,
      "activityType": "WALKING",
      "confidence": "MEDIUM",
      "activities": [{
        "activityType": "WALKING",
        "probability": 64.99698162078857
      }, {
        "activityType": "IN_PASSENGER_VEHICLE",
        "probability": 25.813227891921997
      }, {
        "activityType": "MOTORCYCLING",
        "probability": 4.9040768295526505
      }, {
        "activityType": "STILL",
        "probability": 1.4626985415816307
      }, {
        "activityType": "CYCLING",
        "probability": 1.2147492729127407
      }, {
        "activityType": "IN_BUS",
        "probability": 0.7426859810948372
      }, {
        "activityType": "RUNNING",
        "probability": 0.569611694663763
      }, {
        "activityType": "IN_FERRY",
        "probability": 0.14969741459935904
      }, {
        "activityType": "IN_TRAIN",
        "probability": 0.07597537478432059
      }, {
        "activityType": "FLYING",
        "probability": 0.02407569845672697
      }, {
        "activityType": "SKIING",
        "probability": 0.022918739705346525
      }, {
        "activityType": "SAILING",
        "probability": 0.015926442574709654
      }, {
        "activityType": "IN_SUBWAY",
        "probability": 0.006173639849293977
      }, {
        "activityType": "IN_TRAM",
        "probability": 0.0012019263522233814
      }, {
        "activityType": "IN_VEHICLE",
        "probability": 1.013831862906045E-6
      }],
      "waypointPath": {
        "waypoints": [{
          "latE7": 222843647,
          "lngE7": 732411727
        }, {
          "latE7": 222875843,
          "lngE7": 732321929
        }, {
          "latE7": 222885341,
          "lngE7": 732169036
        }],
        "source": "INFERRED",
        "distanceMeters": 2908.9045334368207,
        "travelMode": "WALK",
        "confidence": 0.0
      }
    }
  }, {
    "placeVisit": {
      "location": {
        "latitudeE7": 222888341,
        "longitudeE7": 732163793,
        "placeId": "ChIJM8W1aJDFXzkRqOb8QOUOHO4",
        "address": "Gajarawadi, water tank, Gajarawadi, Suryanagar, Vadodara, Gujarat 390017, India",
        "name": "Laxmi Ganesh Mandir",
        "sourceInfo": {
          "deviceTag": -1345330564
        },
        "locationConfidence": 56.18354,
        "calibratedProbability": 25.958433
      },
      "duration": {
        "startTimestamp": "2023-05-02T02:34:13.999Z",
        "endTimestamp": "2023-05-02T02:41:19.475Z"
      },
      "placeConfidence": "LOW_CONFIDENCE",
      "centerLatE7": 222886825,
      "centerLngE7": 732169300,
      "visitConfidence": 75,
      "otherCandidateLocations": [{
        "latitudeE7": 222870213,
        "longitudeE7": 732169405,
        "placeId": "ChIJGQzLwk_FXzkRV0EjjPtXctA",
        "address": "Ambikadham duplex, 76P8+RQ4, Suwej Pumping Rd, Bhatia Chawl, Moghul Wada, Vadodara, Gujarat 390017, India",
        "name": "Ambikadham duplex",
        "locationConfidence": 21.342741,
        "calibratedProbability": 9.860968
      }, {
        "latitudeE7": 222895372,
        "longitudeE7": 732154370,
        "placeId": "ChIJ392dR5DFXzkRoRb6A0fIGgA",
        "address": "76Q8+R57, Gajarawadi, Suryanagar, Vadodara, Gujarat 390017, India",
        "name": "Gajrawadi Water Tank",
        "locationConfidence": 6.0152416,
        "calibratedProbability": 2.7792168
      }, {
        "latitudeE7": 222885324,
        "longitudeE7": 732162729,
        "placeId": "ChIJR13iZpDFXzkRELHIMU9-OVA",
        "address": "C-14/23/4, Gajarawadi, Bhatia Chawl, Wadi, Vadodara, Gujarat 390017, India",
        "name": "Sri Mahalaxmi Temple",
        "locationConfidence": 4.914735,
        "calibratedProbability": 2.2707508
      }, {
        "latitudeE7": 222886137,
        "longitudeE7": 732169964,
        "placeId": "ChIJ0ZC9GQfFXzkRBZ5IqkcXOfc",
        "address": "Gajarawadi, Pani Tanki Rd, Gokul Nagar, Wadi, Vadodara, Gujarat 390017, India",
        "name": "Gajanan Murtikar",
        "locationConfidence": 4.186138,
        "calibratedProbability": 1.9341178
      }, {
        "latitudeE7": 222886402,
        "longitudeE7": 732168842,
        "placeId": "ChIJ47Upe5DFXzkRuROuzL3CKpg",
        "address": "76Q8+FQ2, Yamuna Mill Rd, Gajarawadi, Wadi, Vadodara, Gujarat 390017, India",
        "name": "Shiv Gruh Udhyog",
        "locationConfidence": 2.2031345,
        "calibratedProbability": 1.0179123
      }, {
        "latitudeE7": 222886421,
        "longitudeE7": 732171426,
        "placeId": "ChIJnRPpByLFXzkRLBeFarAH6Ws",
        "address": "76Q8+FV2, Gajrawadi Tank Rd, Nr. Mahalaxmi Temple, Gajarawadi, Wadi, Vadodara, Gujarat 390004, India",
        "name": "Rishi Furniture",
        "locationConfidence": 1.8476238,
        "calibratedProbability": 0.853656
      }, {
        "latitudeE7": 222884767,
        "longitudeE7": 732171402,
        "placeId": "ChIJU-8v5Q_FXzkRwt3kXmln7ho",
        "address": "76Q8+9VR, Gajrawadi Tank Rd, Gajarawadi, Bhatia Chawl, Wadi, Vadodara, Gujarat 390017, India",
        "name": "Chhellu fadiyu, gajrawadi",
        "locationConfidence": 1.7766658,
        "calibratedProbability": 0.82087135
      }, {
        "latitudeE7": 222886208,
        "longitudeE7": 732169528,
        "placeId": "ChIJIYavefnFXzkR2PecrCcfCrI",
        "address": "76Q8+CQW, Gajarawadi, Hiraba Nagar, Suryanagar, Vadodara, Gujarat 390017, India",
        "name": "Raghav Rao Sales",
        "locationConfidence": 0.7868003,
        "calibratedProbability": 0.36352468
      }, {
        "latitudeE7": 222895372,
        "longitudeE7": 732154370,
        "placeId": "ChIJxwk4OJDFXzkRxOgnBXRJOKE",
        "address": "Gajarawadi water tank, 76Q8+R57, Gajarawadi, Wadi, Vadodara, Gujarat 390017, India",
        "name": "Shri Mahalaxmi Mandir",
        "locationConfidence": 0.7433809,
        "calibratedProbability": 0.34346363
      }],
      "editConfirmationStatus": "NOT_CONFIRMED",
      "locationConfidence": 45,
      "placeVisitType": "SINGLE_PLACE",
      "placeVisitImportance": "MAIN"
    }
  }, {
    "activitySegment": {
      "startLocation": {
        "latitudeE7": 222886750,
        "longitudeE7": 732169294,
        "sourceInfo": {
          "deviceTag": -1345330564
        }
      },
      "endLocation": {
        "latitudeE7": 222843428,
        "longitudeE7": 732409662,
        "sourceInfo": {
          "deviceTag": -1345330564
        }
      },
      "duration": {
        "startTimestamp": "2023-05-02T02:41:19.475Z",
        "endTimestamp": "2023-05-02T03:18:21.873Z"
      },
      "distance": 2537,
      "activityType": "WALKING",
      "confidence": "MEDIUM",
      "activities": [{
        "activityType": "WALKING",
        "probability": 64.63456153869629
      }, {
        "activityType": "IN_PASSENGER_VEHICLE",
        "probability": 21.994855999946594
      }, {
        "activityType": "MOTORCYCLING",
        "probability": 7.094524800777435
      }, {
        "activityType": "CYCLING",
        "probability": 2.3257561028003693
      }, {
        "activityType": "STILL",
        "probability": 2.166990377008915
      }, {
        "activityType": "RUNNING",
        "probability": 0.8662249892950058
      }, {
        "activityType": "IN_BUS",
        "probability": 0.41212099604308605
      }, {
        "activityType": "IN_FERRY",
        "probability": 0.3101856680586934
      }, {
        "activityType": "IN_TRAIN",
        "probability": 0.08804391254670918
      }, {
        "activityType": "SKIING",
        "probability": 0.039586296770721674
      }, {
        "activityType": "SAILING",
        "probability": 0.03297541115898639
      }, {
        "activityType": "FLYING",
        "probability": 0.027372452314011753
      }, {
        "activityType": "IN_SUBWAY",
        "probability": 0.005237524601398036
      }, {
        "activityType": "IN_TRAM",
        "probability": 0.0015536938008153811
      }, {
        "activityType": "IN_VEHICLE",
        "probability": 7.216504371854171E-6
      }],
      "waypointPath": {
        "waypoints": [{
          "latE7": 222888927,
          "lngE7": 732216033
        }, {
          "latE7": 222873992,
          "lngE7": 732344207
        }, {
          "latE7": 222843647,
          "lngE7": 732409667
        }],
        "source": "INFERRED",
        "distanceMeters": 2404.7359100174363,
        "travelMode": "WALK",
        "confidence": 0.0
      }
    }
  }, {
    "placeVisit": {
      "location": {
        "latitudeE7": 222842198,
        "longitudeE7": 732400367,
        "placeId": "ChIJ_RqQnHLFXzkRgQkmFsn8wGo",
        "address": "E-64/65, E-64/65, Kubereshwar Marg, Parn Vihar Society, Goverdhan Twp, Kendranagar, Vadodara, Gujarat 390025, India",
        "name": "Parn Vihar Society",
        "sourceInfo": {
          "deviceTag": 360597759
        },
        "locationConfidence": 96.608246,
        "calibratedProbability": 89.299
      },
      "duration": {
        "startTimestamp": "2023-05-02T03:18:21.873Z",
        "endTimestamp": "2023-05-02T15:07:00.750Z"
      },
      "placeConfidence": "HIGH_CONFIDENCE",
      "centerLatE7": 222844001,
      "centerLngE7": 732410844,
      "visitConfidence": 95,
      "otherCandidateLocations": [{
        "latitudeE7": 222843099,
        "longitudeE7": 732415478,
        "placeId": "ChIJdQgDcG3FXzkRm-VZXoKY94E",
        "address": "C-84 Nilamber Villa, Kubereshwar Marg, Prarthana Tenements, Goverdhan Twp, Kendranagar, Vadodara, Gujarat 390025, India",
        "name": "Nilamber Villa Society",
        "locationConfidence": 0.5514605,
        "calibratedProbability": 0.5097378
      }, {
        "latitudeE7": 222838564,
        "longitudeE7": 732413242,
        "placeId": "ChIJj56gQ23FXzkRv3cbusWJJoQ",
        "address": "1, Kubereshwar Marg, Goverdhan Twp, Kendranagar, Vadodara, Gujarat 390025, India",
        "name": "Nilamber Bungalows-3",
        "locationConfidence": 0.46593967,
        "calibratedProbability": 0.43068737
      }, {
        "latitudeE7": 222843012,
        "longitudeE7": 732424948,
        "placeId": "ChIJRapibW3FXzkRe8BGssgYLBY",
        "address": "Nirant Residency Narayan Vidyalaya Road \u0026 Kubereshwar Marg Bh., 76MR+PX5, Ring Rd, Goverdhan Twp, Waghodia, Vadodara, Gujarat 390025, India",
        "name": "Nirant Residency",
        "locationConfidence": 0.27715218,
        "calibratedProbability": 0.25618327
      }, {
        "latitudeE7": 222840893,
        "longitudeE7": 732410914,
        "placeId": "ChIJMxFwyFzFXzkRsn7sjUO4rcg",
        "address": "3, Parna Vihar Society, Kubereshwar Marg, Prarthana Tenements, Goverdhan Twp, Kendranagar, Vadodara, Gujarat 390025, India",
        "name": "Little Angels\u0027 Play School, Vadodara",
        "locationConfidence": 0.24058656,
        "calibratedProbability": 0.22238414
      }],
      "editConfirmationStatus": "NOT_CONFIRMED",
      "locationConfidence": 83,
      "placeVisitType": "SINGLE_PLACE",
      "placeVisitImportance": "MAIN"
    }
  }]
}