{
  "timelineObjects": [{
    "placeVisit": {
      "location": {
        "latitudeE7": 222840148,
        "longitudeE7": 732408315,
        "placeId": "ChIJ_RqQnHLFXzkRgQkmFsn8wGo",
        "address": "E-64/65, E-64/65, Kubereshwar Marg, Parn Vihar Society, Goverdhan Twp, Kendranagar, Vadodara, Gujarat 390025, India",
        "name": "Parn Vihar Society",
        "sourceInfo": {
          "deviceTag": 1755654135
        },
        "locationConfidence": 86.53759,
        "calibratedProbability": 66.47207
      },
      "duration": {
        "startTimestamp": "2020-04-05T02:34:27.975Z",
        "endTimestamp": "2020-04-05T15:45:20.493Z"
      },
      "placeConfidence": "MEDIUM_CONFIDENCE",
      "centerLatE7": 222839612,
      "centerLngE7": 732413126,
      "visitConfidence": 86,
      "otherCandidateLocations": [{
        "latitudeE7": 222841606,
        "longitudeE7": 732406540,
        "placeId": "ChIJ4dDqjnLFXzkRrQSNf5oXAa0",
        "address": "C-1/10, Kubereshwar Marg, Prarthana Tenements, Goverdhan Twp, Kendranagar, Vadodara, Gujarat 390025, India",
        "locationConfidence": 7.9521966,
        "calibratedProbability": 6.1083164
      }, {
        "latitudeE7": 222843595,
        "longitudeE7": 732414907,
        "placeId": "ChIJdQgDcG3FXzkRm-VZXoKY94E",
        "address": "C-84 Nilamber Villa, Kubereshwar Marg, Prarthana Tenements, Goverdhan Twp, Kendranagar, Vadodara, Gujarat 390025, India",
        "name": "Nilamber Villa Society",
        "locationConfidence": 1.583735,
        "calibratedProbability": 1.2165135
      }, {
        "latitudeE7": 222831583,
        "longitudeE7": 732420856,
        "placeId": "ChIJj56gQ23FXzkRv3cbusWJJoQ",
        "address": "1, Kubereshwar Marg, Goverdhan Twp, Kendranagar, Vadodara, Gujarat 390025, India",
        "name": "Nilamber Bungalows-3",
        "locationConfidence": 0.65893966,
        "calibratedProbability": 0.50615096
      }, {
        "latitudeE7": 222836978,
        "longitudeE7": 732394686,
        "placeId": "ChIJBYJk7HLFXzkR0SlVIS_AYL0",
        "address": "Opp. Kubereshwar Mahadev Temple, Nr. Tirthak Tenaments, Dabhoi-, 76MQ+FQH, Waghodia Road, Goverdhan Twp, Kendranagar, Vadodara, Gujarat 390025, India",
        "name": "Krishna Residency",
        "locationConfidence": 0.58717406,
        "calibratedProbability": 0.4510257
      }, {
        "latitudeE7": 222832818,
        "longitudeE7": 732422132,
        "placeId": "ChIJ89MzR23FXzkRJefWUXZ8B14",
        "address": "Kuber Residency, Kubereshwar Marg, Prarthana Tenements, Goverdhan Twp, Kendranagar, Vadodara, Gujarat 390025, India",
        "name": "Kuber Residency",
        "locationConfidence": 0.52390856,
        "calibratedProbability": 0.40242958
      }, {
        "latitudeE7": 222836654,
        "longitudeE7": 732404207,
        "placeId": "ChIJhbPhmXLFXzkRoi_stz9pFkw",
        "address": "Devashish Bunglows Kubereshwar Marg, Dabhoi - Waghodia Ring Rd, Goverdhan Twp, Kendranagar, Vadodara, Gujarat 390025, India",
        "name": "Devashish Bungalows",
        "locationConfidence": 0.505765,
        "calibratedProbability": 0.388493
      }],
      "editConfirmationStatus": "NOT_CONFIRMED",
      "locationConfidence": 71,
      "placeVisitType": "SINGLE_PLACE",
      "placeVisitImportance": "MAIN"
    }
  }, {
    "placeVisit": {
      "location": {
        "latitudeE7": 222841606,
        "longitudeE7": 732406540,
        "placeId": "ChIJ4dDqjnLFXzkRrQSNf5oXAa0",
        "address": "C-1/10, Kubereshwar Marg, Prarthana Tenements, Goverdhan Township, Kendranagar, Vadodara, Gujarat 390025, India",
        "sourceInfo": {
          "deviceTag": 1755654135
        },
        "locationConfidence": 62.02249,
        "calibratedProbability": 39.736332
      },
      "duration": {
        "startTimestamp": "2020-04-05T15:45:20.493Z",
        "endTimestamp": "2020-04-06T05:02:38.038Z"
      },
      "placeConfidence": "HIGH_CONFIDENCE",
      "centerLatE7": 222843822,
      "centerLngE7": 732409846,
      "visitConfidence": 85,
      "otherCandidateLocations": [{
        "latitudeE7": 222840148,
        "longitudeE7": 732408315,
        "placeId": "ChIJ_RqQnHLFXzkRgQkmFsn8wGo",
        "address": "E-64/65, E-64/65, Kubereshwar Marg, Parn Vihar Society, Goverdhan Twp, Kendranagar, Vadodara, Gujarat 390025, India",
        "name": "Parn Vihar Society",
        "locationConfidence": 20.132996,
        "calibratedProbability": 12.89873
      }, {
        "latitudeE7": 222842193,
        "longitudeE7": 732393278,
        "placeId": "ChIJi1AFVxXFXzkR2nXj1Gje-PA",
        "address": "76MQ+PQ7, Kubereshwar Marg, Prarthana Tenements, Goverdhan Twp, Kendranagar, Vadodara, Gujarat 390025, India",
        "name": "Aangan Residency",
        "locationConfidence": 3.535261,
        "calibratedProbability": 2.2649574
      }, {
        "latitudeE7": 222836978,
        "longitudeE7": 732394686,
        "placeId": "ChIJBYJk7HLFXzkR0SlVIS_AYL0",
        "address": "Opp. Kubereshwar Mahadev Temple, Nr. Tirthak Tenaments, Dabhoi-, 76MQ+FQH, Waghodia Road, Goverdhan Twp, Kendranagar, Vadodara, Gujarat 390025, India",
        "name": "Krishna Residency",
        "locationConfidence": 2.973447,
        "calibratedProbability": 1.9050167
      }, {
        "latitudeE7": 222857218,
        "longitudeE7": 732423522,
        "placeId": "ChIJiZrdmW3FXzkRy4MqJkaqB-8",
        "address": "Pushti Bungalows,, 76PR+7WQ, Waghodia - Dabhoi Ring Rd, Goverdhan Twp, Waghodia, Vadodara, Gujarat 390019, India",
        "name": "Pushti Bungalows",
        "locationConfidence": 2.7569108,
        "calibratedProbability": 1.7662871
      }, {
        "latitudeE7": 222840288,
        "longitudeE7": 732420161,
        "placeId": "ChIJjS-6agfFXzkRO44PI3jJnGg",
        "locationConfidence": 2.1077678,
        "calibratedProbability": 1.3503966
      }, {
        "latitudeE7": 222826842,
        "longitudeE7": 732420573,
        "placeId": "ChIJWwksSm3FXzkRKoyC0BOlbck",
        "address": "A-1, Kubereshwar Marg, Goverdhan Twp, Kendranagar, Vadodara, Gujarat 390025, India",
        "name": "A-01,Shreeji Tirth Duplex-2",
        "locationConfidence": 1.5739198,
        "calibratedProbability": 1.0083729
      }, {
        "latitudeE7": 222854160,
        "longitudeE7": 732395770,
        "placeId": "ChIJESnTY1XFXzkRH-bDkQIfgM8",
        "address": "76PQ+5R3, near Kanha Gold BPS2 school, Prarthana Tenements, Goverdhan Twp, Kendranagar, Vadodara, Gujarat 390025, India",
        "name": "Hari Sai Shharanam",
        "locationConfidence": 1.4798084,
        "calibratedProbability": 0.94807804
      }, {
        "latitudeE7": 222834952,
        "longitudeE7": 732395196,
        "placeId": "ChIJTfbtNCXFXzkRlfEDKgTanek",
        "locationConfidence": 1.2256279,
        "calibratedProbability": 0.7852306
      }, {
        "latitudeE7": 222841755,
        "longitudeE7": 732402059,
        "placeId": "ChIJAUpNYwXFXzkRY6XvXalBKNw",
        "address": "E-64/65, Kubereshwar Marg, Parn Vihar Society, Goverdhan Twp, Kendranagar, Vadodara, Gujarat 390025, India",
        "name": "Shree krishna banglows",
        "locationConfidence": 0.9942855,
        "calibratedProbability": 0.63701504
      }],
      "editConfirmationStatus": "NOT_CONFIRMED",
      "locationConfidence": 50,
      "placeVisitType": "SINGLE_PLACE",
      "placeVisitImportance": "MAIN"
    }
  }, {
    "placeVisit": {
      "location": {
        "latitudeE7": 222840148,
        "longitudeE7": 732408315,
        "placeId": "ChIJ_RqQnHLFXzkRgQkmFsn8wGo",
        "address": "E-64/65, E-64/65, Kubereshwar Marg, Parn Vihar Society, Goverdhan Twp, Kendranagar, Vadodara, Gujarat 390025, India",
        "name": "Parn Vihar Society",
        "sourceInfo": {
          "deviceTag": 1755654135
        },
        "locationConfidence": 88.962814,
        "calibratedProbability": 62.548622
      },
      "duration": {
        "startTimestamp": "2020-04-06T05:02:38.038Z",
        "endTimestamp": "2020-04-06T09:03:15.066Z"
      },
      "placeConfidence": "MEDIUM_CONFIDENCE",
      "centerLatE7": 222845248,
      "centerLngE7": 732412244,
      "visitConfidence": 78,
      "otherCandidateLocations": [{
        "latitudeE7": 222841606,
        "longitudeE7": 732406540,
        "placeId": "ChIJ4dDqjnLFXzkRrQSNf5oXAa0",
        "address": "C-1/10, Kubereshwar Marg, Prarthana Tenements, Goverdhan Twp, Kendranagar, Vadodara, Gujarat 390025, India",
        "locationConfidence": 7.1766043,
        "calibratedProbability": 5.045779
      }, {
        "latitudeE7": 222843595,
        "longitudeE7": 732414907,
        "placeId": "ChIJdQgDcG3FXzkRm-VZXoKY94E",
        "address": "C-84 Nilamber Villa, Kubereshwar Marg, Prarthana Tenements, Goverdhan Twp, Kendranagar, Vadodara, Gujarat 390025, India",
        "name": "Nilamber Villa Society",
        "locationConfidence": 1.3631939,
        "calibratedProbability": 0.95844424
      }, {
        "latitudeE7": 222831583,
        "longitudeE7": 732420856,
        "placeId": "ChIJj56gQ23FXzkRv3cbusWJJoQ",
        "address": "1, Kubereshwar Marg, Goverdhan Twp, Kendranagar, Vadodara, Gujarat 390025, India",
        "name": "Nilamber Bungalows-3",
        "locationConfidence": 0.36099002,
        "calibratedProbability": 0.2538075
      }, {
        "latitudeE7": 222832818,
        "longitudeE7": 732422132,
        "placeId": "ChIJ89MzR23FXzkRJefWUXZ8B14",
        "address": "Kuber Residency, Kubereshwar Marg, Prarthana Tenements, Goverdhan Twp, Kendranagar, Vadodara, Gujarat 390025, India",
        "name": "Kuber Residency",
        "locationConfidence": 0.31656343,
        "calibratedProbability": 0.22257172
      }],
      "editConfirmationStatus": "NOT_CONFIRMED",
      "locationConfidence": 74,
      "placeVisitType": "SINGLE_PLACE",
      "placeVisitImportance": "MAIN"
    }
  }, {
    "placeVisit": {
      "location": {
        "latitudeE7": 222841606,
        "longitudeE7": 732406540,
        "placeId": "ChIJ4dDqjnLFXzkRrQSNf5oXAa0",
        "address": "C-1/10, Kubereshwar Marg, Prarthana Tenements, Goverdhan Township, Kendranagar, Vadodara, Gujarat 390025, India",
        "sourceInfo": {
          "deviceTag": 1755654135
        },
        "locationConfidence": 55.44251,
        "calibratedProbability": 33.453842
      },
      "duration": {
        "startTimestamp": "2020-04-06T09:03:15.066Z",
        "endTimestamp": "2020-04-08T02:33:13.447Z"
      },
      "placeConfidence": "MEDIUM_CONFIDENCE",
      "centerLatE7": 222843982,
      "centerLngE7": 732411699,
      "visitConfidence": 83,
      "otherCandidateLocations": [{
        "latitudeE7": 222840148,
        "longitudeE7": 732408315,
        "placeId": "ChIJ_RqQnHLFXzkRgQkmFsn8wGo",
        "address": "E-64/65, E-64/65, Kubereshwar Marg, Parn Vihar Society, Goverdhan Twp, Kendranagar, Vadodara, Gujarat 390025, India",
        "name": "Parn Vihar Society",
        "locationConfidence": 30.17068,
        "calibratedProbability": 18.204897
      }, {
        "latitudeE7": 222869800,
        "longitudeE7": 732426085,
        "placeId": "ChIJhY7TOgvFXzkRnQyuB7CwL4k",
        "address": "Pancham Party Plot, Beside Aditya Royal Banquet \u0026 Party Plot, Narayan School Road, Opp. Aditya Orbit Flats, 76PV+Q2X, Waghodia Rd, Sainath Park Society, Kendranagar, Vadodara, Gujarat 390025, India",
        "name": "Pancham Party Plot",
        "locationConfidence": 1.966879,
        "calibratedProbability": 1.1868088
      }, {
        "latitudeE7": 222840288,
        "longitudeE7": 732420161,
        "placeId": "ChIJjS-6agfFXzkRO44PI3jJnGg",
        "locationConfidence": 1.9002548,
        "calibratedProbability": 1.146608
      }, {
        "latitudeE7": 222842193,
        "longitudeE7": 732393278,
        "placeId": "ChIJi1AFVxXFXzkR2nXj1Gje-PA",
        "address": "76MQ+PQ7, Kubereshwar Marg, Prarthana Tenements, Goverdhan Twp, Kendranagar, Vadodara, Gujarat 390025, India",
        "name": "Aangan Residency",
        "locationConfidence": 1.8900162,
        "calibratedProbability": 1.1404301
      }, {
        "latitudeE7": 222857514,
        "longitudeE7": 732423394,
        "placeId": "ChIJnydPl23FXzkRUzaTyBfrg5M",
        "address": "Radhe Pushti Bunglows near Goverdhan Township Narayan Vidhyalay Road,Dabhoi, 76PR+8W4, Ring Road, Goverdhan Twp, Waghodia, Vadodara, Gujarat 390025, India",
        "name": "Radhe Pushti Bungalows",
        "locationConfidence": 1.789602,
        "calibratedProbability": 1.0798404
      }, {
        "latitudeE7": 222836978,
        "longitudeE7": 732394686,
        "placeId": "ChIJBYJk7HLFXzkR0SlVIS_AYL0",
        "address": "Opp. Kubereshwar Mahadev Temple, Nr. Tirthak Tenaments, Dabhoi-, 76MQ+FQH, Waghodia Road, Goverdhan Twp, Kendranagar, Vadodara, Gujarat 390025, India",
        "name": "Krishna Residency",
        "locationConfidence": 1.6951758,
        "calibratedProbability": 1.022864
      }, {
        "latitudeE7": 222857218,
        "longitudeE7": 732423522,
        "placeId": "ChIJiZrdmW3FXzkRy4MqJkaqB-8",
        "address": "Pushti Bungalows,, 76PR+7WQ, Waghodia - Dabhoi Ring Rd, Goverdhan Twp, Waghodia, Vadodara, Gujarat 390019, India",
        "name": "Pushti Bungalows",
        "locationConfidence": 1.4283377,
        "calibratedProbability": 0.8618547
      }, {
        "latitudeE7": 222840893,
        "longitudeE7": 732410914,
        "placeId": "ChIJMxFwyFzFXzkRsn7sjUO4rcg",
        "address": "3, Parna Vihar Society, Kubereshwar Marg, Prarthana Tenements, Goverdhan Twp, Kendranagar, Vadodara, Gujarat 390025, India",
        "name": "Little Angels\u0027 Play School, Vadodara",
        "locationConfidence": 1.0238111,
        "calibratedProbability": 0.61776453
      }, {
        "latitudeE7": 222826842,
        "longitudeE7": 732420573,
        "placeId": "ChIJWwksSm3FXzkRKoyC0BOlbck",
        "address": "A-1, Kubereshwar Marg, Goverdhan Twp, Kendranagar, Vadodara, Gujarat 390025, India",
        "name": "A-01,Shreeji Tirth Duplex-2",
        "locationConfidence": 1.0153881,
        "calibratedProbability": 0.6126821
      }],
      "editConfirmationStatus": "NOT_CONFIRMED",
      "locationConfidence": 45,
      "placeVisitType": "SINGLE_PLACE",
      "placeVisitImportance": "MAIN"
    }
  }, {
    "placeVisit": {
      "location": {
        "latitudeE7": 222840148,
        "longitudeE7": 732408315,
        "placeId": "ChIJ_RqQnHLFXzkRgQkmFsn8wGo",
        "address": "E-64/65, E-64/65, Kubereshwar Marg, Parn Vihar Society, Goverdhan Twp, Kendranagar, Vadodara, Gujarat 390025, India",
        "name": "Parn Vihar Society",
        "sourceInfo": {
          "deviceTag": 1755654135
        },
        "locationConfidence": 84.32923,
        "calibratedProbability": 66.73397
      },
      "duration": {
        "startTimestamp": "2020-04-08T02:33:13.447Z",
        "endTimestamp": "2020-04-09T16:10:02.838Z"
      },
      "placeConfidence": "MEDIUM_CONFIDENCE",
      "centerLatE7": 222841874,
      "centerLngE7": 732411821,
      "visitConfidence": 89,
      "otherCandidateLocations": [{
        "latitudeE7": 222841606,
        "longitudeE7": 732406540,
        "placeId": "ChIJ4dDqjnLFXzkRrQSNf5oXAa0",
        "address": "C-1/10, Kubereshwar Marg, Prarthana Tenements, Goverdhan Twp, Kendranagar, Vadodara, Gujarat 390025, India",
        "locationConfidence": 10.547756,
        "calibratedProbability": 8.3469715
      }, {
        "latitudeE7": 222843595,
        "longitudeE7": 732414907,
        "placeId": "ChIJdQgDcG3FXzkRm-VZXoKY94E",
        "address": "C-84 Nilamber Villa, Kubereshwar Marg, Prarthana Tenements, Goverdhan Twp, Kendranagar, Vadodara, Gujarat 390025, India",
        "name": "Nilamber Villa Society",
        "locationConfidence": 1.0528591,
        "calibratedProbability": 0.8331805
      }, {
        "latitudeE7": 222840893,
        "longitudeE7": 732410914,
        "placeId": "ChIJMxFwyFzFXzkRsn7sjUO4rcg",
        "address": "3, Parna Vihar Society, Kubereshwar Marg, Prarthana Tenements, Goverdhan Twp, Kendranagar, Vadodara, Gujarat 390025, India",
        "name": "Little Angels\u0027 Play School, Vadodara",
        "locationConfidence": 0.90551597,
        "calibratedProbability": 0.71658045,
        "isCurrentLocation": true
      }, {
        "latitudeE7": 222836978,
        "longitudeE7": 732394686,
        "placeId": "ChIJBYJk7HLFXzkR0SlVIS_AYL0",
        "address": "Opp. Kubereshwar Mahadev Temple, Nr. Tirthak Tenaments, Dabhoi-, 76MQ+FQH, Waghodia Road, Goverdhan Twp, Kendranagar, Vadodara, Gujarat 390025, India",
        "name": "Krishna Residency",
        "locationConfidence": 0.73330253,
        "calibratedProbability": 0.58029926
      }, {
        "latitudeE7": 222840288,
        "longitudeE7": 732420161,
        "placeId": "ChIJjS-6agfFXzkRO44PI3jJnGg",
        "locationConfidence": 0.6605352,
        "calibratedProbability": 0.52271485
      }],
      "editConfirmationStatus": "NOT_CONFIRMED",
      "locationConfidence": 69,
      "placeVisitType": "SINGLE_PLACE",
      "placeVisitImportance": "MAIN"
    }
  }, {
    "placeVisit": {
      "location": {
        "latitudeE7": 222841606,
        "longitudeE7": 732406540,
        "placeId": "ChIJ4dDqjnLFXzkRrQSNf5oXAa0",
        "address": "C-1/10, Kubereshwar Marg, Prarthana Tenements, Goverdhan Township, Kendranagar, Vadodara, Gujarat 390025, India",
        "sourceInfo": {
          "deviceTag": 1755654135
        },
        "locationConfidence": 66.14286,
        "calibratedProbability": 47.606823
      },
      "duration": {
        "startTimestamp": "2020-04-09T16:10:02.838Z",
        "endTimestamp": "2020-04-10T17:43:18.135Z"
      },
      "placeConfidence": "HIGH_CONFIDENCE",
      "centerLatE7": 222844149,
      "centerLngE7": 732409808,
      "visitConfidence": 89,
      "otherCandidateLocations": [{
        "latitudeE7": 222840148,
        "longitudeE7": 732408315,
        "placeId": "ChIJ_RqQnHLFXzkRgQkmFsn8wGo",
        "address": "E-64/65, E-64/65, Kubereshwar Marg, Parn Vihar Society, Goverdhan Twp, Kendranagar, Vadodara, Gujarat 390025, India",
        "name": "Parn Vihar Society",
        "locationConfidence": 20.480593,
        "calibratedProbability": 14.741062
      }, {
        "latitudeE7": 222836978,
        "longitudeE7": 732394686,
        "placeId": "ChIJBYJk7HLFXzkR0SlVIS_AYL0",
        "address": "Opp. Kubereshwar Mahadev Temple, Nr. Tirthak Tenaments, Dabhoi-, 76MQ+FQH, Waghodia Road, Goverdhan Twp, Kendranagar, Vadodara, Gujarat 390025, India",
        "name": "Krishna Residency",
        "locationConfidence": 2.718708,
        "calibratedProbability": 1.9568107
      }, {
        "latitudeE7": 222840288,
        "longitudeE7": 732420161,
        "placeId": "ChIJjS-6agfFXzkRO44PI3jJnGg",
        "locationConfidence": 2.0239418,
        "calibratedProbability": 1.4567474
      }, {
        "latitudeE7": 222857514,
        "longitudeE7": 732423394,
        "placeId": "ChIJnydPl23FXzkRUzaTyBfrg5M",
        "address": "Radhe Pushti Bunglows near Goverdhan Township Narayan Vidhyalay Road,Dabhoi, 76PR+8W4, Ring Road, Goverdhan Twp, Waghodia, Vadodara, Gujarat 390025, India",
        "name": "Radhe Pushti Bungalows",
        "locationConfidence": 1.8973705,
        "calibratedProbability": 1.3656468
      }, {
        "latitudeE7": 222854160,
        "longitudeE7": 732395770,
        "placeId": "ChIJESnTY1XFXzkRH-bDkQIfgM8",
        "address": "76PQ+5R3, near Kanha Gold BPS2 school, Prarthana Tenements, Goverdhan Twp, Kendranagar, Vadodara, Gujarat 390025, India",
        "name": "Hari Sai Shharanam",
        "locationConfidence": 1.244091,
        "calibratedProbability": 0.895444
      }, {
        "latitudeE7": 222826842,
        "longitudeE7": 732420573,
        "placeId": "ChIJWwksSm3FXzkRKoyC0BOlbck",
        "address": "A-1, Kubereshwar Marg, Goverdhan Twp, Kendranagar, Vadodara, Gujarat 390025, India",
        "name": "A-01,Shreeji Tirth Duplex-2",
        "locationConfidence": 1.23982,
        "calibratedProbability": 0.89236987
      }, {
        "latitudeE7": 222840893,
        "longitudeE7": 732410914,
        "placeId": "ChIJMxFwyFzFXzkRsn7sjUO4rcg",
        "address": "3, Parna Vihar Society, Kubereshwar Marg, Prarthana Tenements, Goverdhan Twp, Kendranagar, Vadodara, Gujarat 390025, India",
        "name": "Little Angels\u0027 Play School, Vadodara",
        "locationConfidence": 1.1237904,
        "calibratedProbability": 0.80885667
      }, {
        "latitudeE7": 222834952,
        "longitudeE7": 732395196,
        "placeId": "ChIJTfbtNCXFXzkRlfEDKgTanek",
        "locationConfidence": 1.0217825,
        "calibratedProbability": 0.7354357
      }, {
        "latitudeE7": 222841755,
        "longitudeE7": 732402059,
        "placeId": "ChIJAUpNYwXFXzkRY6XvXalBKNw",
        "address": "E-64/65, Kubereshwar Marg, Parn Vihar Society, Goverdhan Twp, Kendranagar, Vadodara, Gujarat 390025, India",
        "name": "Shree krishna banglows",
        "locationConfidence": 0.9650986,
        "calibratedProbability": 0.69463706
      }],
      "editConfirmationStatus": "NOT_CONFIRMED",
      "locationConfidence": 53,
      "placeVisitType": "SINGLE_PLACE",
      "placeVisitImportance": "MAIN"
    }
  }, {
    "placeVisit": {
      "location": {
        "latitudeE7": 222840148,
        "longitudeE7": 732408315,
        "placeId": "ChIJ_RqQnHLFXzkRgQkmFsn8wGo",
        "address": "E-64/65, E-64/65, Kubereshwar Marg, Parn Vihar Society, Goverdhan Twp, Kendranagar, Vadodara, Gujarat 390025, India",
        "name": "Parn Vihar Society",
        "sourceInfo": {
          "deviceTag": 1755654135
        },
        "locationConfidence": 44.439716,
        "calibratedProbability": 30.677416
      },
      "duration": {
        "startTimestamp": "2020-04-10T17:43:18.135Z",
        "endTimestamp": "2020-04-12T18:23:57.326Z"
      },
      "placeConfidence": "MEDIUM_CONFIDENCE",
      "centerLatE7": 222843087,
      "centerLngE7": 732409964,
      "visitConfidence": 89,
      "otherCandidateLocations": [{
        "latitudeE7": 222841606,
        "longitudeE7": 732406540,
        "placeId": "ChIJ4dDqjnLFXzkRrQSNf5oXAa0",
        "address": "C-1/10, Kubereshwar Marg, Prarthana Tenements, Goverdhan Twp, Kendranagar, Vadodara, Gujarat 390025, India",
        "locationConfidence": 42.99918,
        "calibratedProbability": 29.682991
      }, {
        "latitudeE7": 222836978,
        "longitudeE7": 732394686,
        "placeId": "ChIJBYJk7HLFXzkR0SlVIS_AYL0",
        "address": "Opp. Kubereshwar Mahadev Temple, Nr. Tirthak Tenaments, Dabhoi-, 76MQ+FQH, Waghodia Road, Goverdhan Twp, Kendranagar, Vadodara, Gujarat 390025, India",
        "name": "Krishna Residency",
        "locationConfidence": 2.7714334,
        "calibratedProbability": 1.9131628
      }, {
        "latitudeE7": 222840288,
        "longitudeE7": 732420161,
        "placeId": "ChIJjS-6agfFXzkRO44PI3jJnGg",
        "locationConfidence": 1.8353527,
        "calibratedProbability": 1.266972
      }, {
        "latitudeE7": 222840893,
        "longitudeE7": 732410914,
        "placeId": "ChIJMxFwyFzFXzkRsn7sjUO4rcg",
        "address": "3, Parna Vihar Society, Kubereshwar Marg, Prarthana Tenements, Goverdhan Twp, Kendranagar, Vadodara, Gujarat 390025, India",
        "name": "Little Angels\u0027 Play School, Vadodara",
        "locationConfidence": 1.7346925,
        "calibratedProbability": 1.1974847
      }, {
        "latitudeE7": 222826842,
        "longitudeE7": 732420573,
        "placeId": "ChIJWwksSm3FXzkRKoyC0BOlbck",
        "address": "A-1, Kubereshwar Marg, Goverdhan Twp, Kendranagar, Vadodara, Gujarat 390025, India",
        "name": "A-01,Shreeji Tirth Duplex-2",
        "locationConfidence": 1.2749176,
        "calibratedProbability": 0.8800951
      }, {
        "latitudeE7": 222854160,
        "longitudeE7": 732395770,
        "placeId": "ChIJESnTY1XFXzkRH-bDkQIfgM8",
        "address": "76PQ+5R3, near Kanha Gold BPS2 school, Prarthana Tenements, Goverdhan Twp, Kendranagar, Vadodara, Gujarat 390025, India",
        "name": "Hari Sai Shharanam",
        "locationConfidence": 1.0718482,
        "calibratedProbability": 0.73991317
      }, {
        "latitudeE7": 222841755,
        "longitudeE7": 732402059,
        "placeId": "ChIJAUpNYwXFXzkRY6XvXalBKNw",
        "address": "E-64/65, Kubereshwar Marg, Parn Vihar Society, Goverdhan Twp, Kendranagar, Vadodara, Gujarat 390025, India",
        "name": "Shree krishna banglows",
        "locationConfidence": 0.916379,
        "calibratedProbability": 0.6325904
      }, {
        "latitudeE7": 222840060,
        "longitudeE7": 732426200,
        "placeId": "ChIJS8KsbG3FXzkRf43keDzUzME",
        "address": "BHAGYA LAXMI SOCITY, Kubereshwar Marg, Goverdhan Twp, Waghodia, Vadodara, Gujarat 390019, India",
        "name": "Shree Bungalows",
        "locationConfidence": 0.90851957,
        "calibratedProbability": 0.62716496
      }, {
        "latitudeE7": 222834952,
        "longitudeE7": 732395196,
        "placeId": "ChIJTfbtNCXFXzkRlfEDKgTanek",
        "locationConfidence": 0.9007121,
        "calibratedProbability": 0.6217753
      }],
      "editConfirmationStatus": "NOT_CONFIRMED",
      "locationConfidence": 36,
      "placeVisitType": "SINGLE_PLACE",
      "placeVisitImportance": "MAIN"
    }
  }, {
    "placeVisit": {
      "location": {
        "latitudeE7": 222841606,
        "longitudeE7": 732406540,
        "placeId": "ChIJ4dDqjnLFXzkRrQSNf5oXAa0",
        "address": "C-1/10, Kubereshwar Marg, Prarthana Tenements, Goverdhan Township, Kendranagar, Vadodara, Gujarat 390025, India",
        "sourceInfo": {
          "deviceTag": 1755654135
        },
        "locationConfidence": 56.827072,
        "calibratedProbability": 36.99051
      },
      "duration": {
        "startTimestamp": "2020-04-12T18:23:57.326Z",
        "endTimestamp": "2020-04-13T04:33:02.231Z"
      },
      "placeConfidence": "MEDIUM_CONFIDENCE",
      "centerLatE7": 222839979,
      "centerLngE7": 732409907,
      "visitConfidence": 86,
      "otherCandidateLocations": [{
        "latitudeE7": 222840148,
        "longitudeE7": 732408315,
        "placeId": "ChIJ_RqQnHLFXzkRgQkmFsn8wGo",
        "address": "E-64/65, E-64/65, Kubereshwar Marg, Parn Vihar Society, Goverdhan Twp, Kendranagar, Vadodara, Gujarat 390025, India",
        "name": "Parn Vihar Society",
        "locationConfidence": 29.153957,
        "calibratedProbability": 18.977217
      }, {
        "latitudeE7": 222836978,
        "longitudeE7": 732394686,
        "placeId": "ChIJBYJk7HLFXzkR0SlVIS_AYL0",
        "address": "Opp. Kubereshwar Mahadev Temple, Nr. Tirthak Tenaments, Dabhoi-, 76MQ+FQH, Waghodia Road, Goverdhan Twp, Kendranagar, Vadodara, Gujarat 390025, India",
        "name": "Krishna Residency",
        "locationConfidence": 2.9918795,
        "calibratedProbability": 1.9475074
      }, {
        "latitudeE7": 222840893,
        "longitudeE7": 732410914,
        "placeId": "ChIJMxFwyFzFXzkRsn7sjUO4rcg",
        "address": "3, Parna Vihar Society, Kubereshwar Marg, Prarthana Tenements, Goverdhan Twp, Kendranagar, Vadodara, Gujarat 390025, India",
        "name": "Little Angels\u0027 Play School, Vadodara",
        "locationConfidence": 2.7787337,
        "calibratedProbability": 1.8087641
      }, {
        "latitudeE7": 222840288,
        "longitudeE7": 732420161,
        "placeId": "ChIJjS-6agfFXzkRO44PI3jJnGg",
        "locationConfidence": 1.9418558,
        "calibratedProbability": 1.2640142
      }, {
        "latitudeE7": 222826842,
        "longitudeE7": 732420573,
        "placeId": "ChIJWwksSm3FXzkRKoyC0BOlbck",
        "address": "A-1, Kubereshwar Marg, Goverdhan Twp, Kendranagar, Vadodara, Gujarat 390025, India",
        "name": "A-01,Shreeji Tirth Duplex-2",
        "locationConfidence": 1.864642,
        "calibratedProbability": 1.2137535
      }, {
        "latitudeE7": 222854160,
        "longitudeE7": 732395770,
        "placeId": "ChIJESnTY1XFXzkRH-bDkQIfgM8",
        "address": "76PQ+5R3, near Kanha Gold BPS2 school, Prarthana Tenements, Goverdhan Twp, Kendranagar, Vadodara, Gujarat 390025, India",
        "name": "Hari Sai Shharanam",
        "locationConfidence": 1.227876,
        "calibratedProbability": 0.79926264
      }, {
        "latitudeE7": 222834952,
        "longitudeE7": 732395196,
        "placeId": "ChIJTfbtNCXFXzkRlfEDKgTanek",
        "locationConfidence": 1.2102768,
        "calibratedProbability": 0.7878068
      }, {
        "latitudeE7": 222841755,
        "longitudeE7": 732402059,
        "placeId": "ChIJAUpNYwXFXzkRY6XvXalBKNw",
        "address": "E-64/65, Kubereshwar Marg, Parn Vihar Society, Goverdhan Twp, Kendranagar, Vadodara, Gujarat 390025, India",
        "name": "Shree krishna banglows",
        "locationConfidence": 1.0041124,
        "calibratedProbability": 0.65360796
      }, {
        "latitudeE7": 222825375,
        "longitudeE7": 732409663,
        "placeId": "ChIJp5YVERzFXzkRKc3QWtd3DNU",
        "address": "sun classic, Devam avenue, near Tirthak Bungalows, Goverdhan Twp, Kendranagar, Vadodara, Gujarat 390025, India",
        "name": "Darshan heights 2",
        "locationConfidence": 0.575481,
        "calibratedProbability": 0.37459847
      }],
      "editConfirmationStatus": "NOT_CONFIRMED",
      "locationConfidence": 46,
      "placeVisitType": "SINGLE_PLACE",
      "placeVisitImportance": "MAIN"
    }
  }, {
    "placeVisit": {
      "location": {
        "latitudeE7": 222840148,
        "longitudeE7": 732408315,
        "placeId": "ChIJ_RqQnHLFXzkRgQkmFsn8wGo",
        "address": "E-64/65, E-64/65, Kubereshwar Marg, Parn Vihar Society, Goverdhan Twp, Kendranagar, Vadodara, Gujarat 390025, India",
        "name": "Parn Vihar Society",
        "sourceInfo": {
          "deviceTag": 1755654135
        },
        "locationConfidence": 80.40344,
        "calibratedProbability": 58.800724
      },
      "duration": {
        "startTimestamp": "2020-04-13T04:33:02.231Z",
        "endTimestamp": "2020-04-15T03:45:05.982Z"
      },
      "placeConfidence": "MEDIUM_CONFIDENCE",
      "centerLatE7": 222841283,
      "centerLngE7": 732411120,
      "visitConfidence": 86,
      "otherCandidateLocations": [{
        "latitudeE7": 222841606,
        "longitudeE7": 732406540,
        "placeId": "ChIJ4dDqjnLFXzkRrQSNf5oXAa0",
        "address": "C-1/10, Kubereshwar Marg, Prarthana Tenements, Goverdhan Twp, Kendranagar, Vadodara, Gujarat 390025, India",
        "locationConfidence": 10.573194,
        "calibratedProbability": 7.7323985
      }, {
        "latitudeE7": 222840893,
        "longitudeE7": 732410914,
        "placeId": "ChIJMxFwyFzFXzkRsn7sjUO4rcg",
        "address": "3, Parna Vihar Society, Kubereshwar Marg, Prarthana Tenements, Goverdhan Twp, Kendranagar, Vadodara, Gujarat 390025, India",
        "name": "Little Angels\u0027 Play School, Vadodara",
        "locationConfidence": 3.6886213,
        "calibratedProbability": 2.6975663,
        "isCurrentLocation": true
      }, {
        "latitudeE7": 222836978,
        "longitudeE7": 732394686,
        "placeId": "ChIJBYJk7HLFXzkR0SlVIS_AYL0",
        "address": "Opp. Kubereshwar Mahadev Temple, Nr. Tirthak Tenaments, Dabhoi-, 76MQ+FQH, Waghodia Road, Goverdhan Twp, Kendranagar, Vadodara, Gujarat 390025, India",
        "name": "Krishna Residency",
        "locationConfidence": 1.1473224,
        "calibratedProbability": 0.839061
      }, {
        "latitudeE7": 222840288,
        "longitudeE7": 732420161,
        "placeId": "ChIJjS-6agfFXzkRO44PI3jJnGg",
        "locationConfidence": 0.9449198,
        "calibratedProbability": 0.69103974
      }, {
        "latitudeE7": 222857514,
        "longitudeE7": 732423394,
        "placeId": "ChIJnydPl23FXzkRUzaTyBfrg5M",
        "address": "Radhe Pushti Bunglows near Goverdhan Township Narayan Vidhyalay Road,Dabhoi, 76PR+8W4, Ring Road, Goverdhan Twp, Waghodia, Vadodara, Gujarat 390025, India",
        "name": "Radhe Pushti Bungalows",
        "locationConfidence": 0.91042805,
        "calibratedProbability": 0.6658152
      }, {
        "latitudeE7": 222826842,
        "longitudeE7": 732420573,
        "placeId": "ChIJWwksSm3FXzkRKoyC0BOlbck",
        "address": "A-1, Kubereshwar Marg, Goverdhan Twp, Kendranagar, Vadodara, Gujarat 390025, India",
        "name": "A-01,Shreeji Tirth Duplex-2",
        "locationConfidence": 0.6687701,
        "calibratedProbability": 0.4890856
      }, {
        "latitudeE7": 222816006,
        "longitudeE7": 732424281,
        "placeId": "ChIJbbyfxtHFXzkRHt56jRvcI1A",
        "address": "2 , Garden , parking, Darshan Heights Rd, Jalaram Nagar, Kendranagar, Vadodara, Gujarat 390025, India",
        "name": "Darshan Heights 2 Garden",
        "locationConfidence": 0.58040726,
        "calibratedProbability": 0.42446402
      }],
      "editConfirmationStatus": "NOT_CONFIRMED",
      "locationConfidence": 65,
      "placeVisitType": "SINGLE_PLACE",
      "placeVisitImportance": "MAIN"
    }
  }, {
    "placeVisit": {
      "location": {
        "latitudeE7": 222841606,
        "longitudeE7": 732406540,
        "placeId": "ChIJ4dDqjnLFXzkRrQSNf5oXAa0",
        "address": "C-1/10, Kubereshwar Marg, Prarthana Tenements, Goverdhan Township, Kendranagar, Vadodara, Gujarat 390025, India",
        "sourceInfo": {
          "deviceTag": 1755654135
        },
        "locationConfidence": 48.264977,
        "calibratedProbability": 28.780647
      },
      "duration": {
        "startTimestamp": "2020-04-15T03:45:05.982Z",
        "endTimestamp": "2020-04-15T06:11:12.679Z"
      },
      "placeConfidence": "MEDIUM_CONFIDENCE",
      "centerLatE7": 222845271,
      "centerLngE7": 732412590,
      "visitConfidence": 84,
      "otherCandidateLocations": [{
        "latitudeE7": 222840148,
        "longitudeE7": 732408315,
        "placeId": "ChIJ_RqQnHLFXzkRgQkmFsn8wGo",
        "address": "E-64/65, E-64/65, Kubereshwar Marg, Parn Vihar Society, Goverdhan Twp, Kendranagar, Vadodara, Gujarat 390025, India",
        "name": "Parn Vihar Society",
        "locationConfidence": 36.155266,
        "calibratedProbability": 21.559565
      }, {
        "latitudeE7": 222836978,
        "longitudeE7": 732394686,
        "placeId": "ChIJBYJk7HLFXzkR0SlVIS_AYL0",
        "address": "Opp. Kubereshwar Mahadev Temple, Nr. Tirthak Tenaments, Dabhoi-, 76MQ+FQH, Waghodia Road, Goverdhan Twp, Kendranagar, Vadodara, Gujarat 390025, India",
        "name": "Krishna Residency",
        "locationConfidence": 2.852325,
        "calibratedProbability": 1.7008556
      }, {
        "latitudeE7": 222857514,
        "longitudeE7": 732423394,
        "placeId": "ChIJnydPl23FXzkRUzaTyBfrg5M",
        "address": "Radhe Pushti Bunglows near Goverdhan Township Narayan Vidhyalay Road,Dabhoi, 76PR+8W4, Ring Road, Goverdhan Twp, Waghodia, Vadodara, Gujarat 390025, India",
        "name": "Radhe Pushti Bungalows",
        "locationConfidence": 2.6818006,
        "calibratedProbability": 1.599171
      }, {
        "latitudeE7": 222840288,
        "longitudeE7": 732420161,
        "placeId": "ChIJjS-6agfFXzkRO44PI3jJnGg",
        "locationConfidence": 2.4628203,
        "calibratedProbability": 1.468592
      }, {
        "latitudeE7": 222843595,
        "longitudeE7": 732414907,
        "placeId": "ChIJdQgDcG3FXzkRm-VZXoKY94E",
        "address": "C-84 Nilamber Villa, Kubereshwar Marg, Prarthana Tenements, Goverdhan Twp, Kendranagar, Vadodara, Gujarat 390025, India",
        "name": "Nilamber Villa Society",
        "locationConfidence": 1.566469,
        "calibratedProbability": 0.93409324
      }, {
        "latitudeE7": 222840060,
        "longitudeE7": 732426200,
        "placeId": "ChIJS8KsbG3FXzkRf43keDzUzME",
        "address": "BHAGYA LAXMI SOCITY, Kubereshwar Marg, Goverdhan Twp, Waghodia, Vadodara, Gujarat 390019, India",
        "name": "Shree Bungalows",
        "locationConfidence": 1.3277851,
        "calibratedProbability": 0.7917649
      }, {
        "latitudeE7": 222854160,
        "longitudeE7": 732395770,
        "placeId": "ChIJESnTY1XFXzkRH-bDkQIfgM8",
        "address": "76PQ+5R3, near Kanha Gold BPS2 school, Prarthana Tenements, Goverdhan Twp, Kendranagar, Vadodara, Gujarat 390025, India",
        "name": "Hari Sai Shharanam",
        "locationConfidence": 1.3034029,
        "calibratedProbability": 0.7772257
      }, {
        "latitudeE7": 222840893,
        "longitudeE7": 732410914,
        "placeId": "ChIJMxFwyFzFXzkRsn7sjUO4rcg",
        "address": "3, Parna Vihar Society, Kubereshwar Marg, Prarthana Tenements, Goverdhan Twp, Kendranagar, Vadodara, Gujarat 390025, India",
        "name": "Little Angels\u0027 Play School, Vadodara",
        "locationConfidence": 1.0568812,
        "calibratedProbability": 0.6302235
      }, {
        "latitudeE7": 222834952,
        "longitudeE7": 732395196,
        "placeId": "ChIJTfbtNCXFXzkRlfEDKgTanek",
        "locationConfidence": 1.0544865,
        "calibratedProbability": 0.62879556
      }],
      "editConfirmationStatus": "NOT_CONFIRMED",
      "locationConfidence": 39,
      "placeVisitType": "SINGLE_PLACE",
      "placeVisitImportance": "MAIN"
    }
  }, {
    "placeVisit": {
      "location": {
        "latitudeE7": 222840148,
        "longitudeE7": 732408315,
        "placeId": "ChIJ_RqQnHLFXzkRgQkmFsn8wGo",
        "address": "E-64/65, E-64/65, Kubereshwar Marg, Parn Vihar Society, Goverdhan Twp, Kendranagar, Vadodara, Gujarat 390025, India",
        "name": "Parn Vihar Society",
        "sourceInfo": {
          "deviceTag": 1755654135
        },
        "locationConfidence": 90.59987,
        "calibratedProbability": 69.9715
      },
      "duration": {
        "startTimestamp": "2020-04-15T06:11:12.679Z",
        "endTimestamp": "2020-04-16T15:51:35.108Z"
      },
      "placeConfidence": "MEDIUM_CONFIDENCE",
      "centerLatE7": 222844145,
      "centerLngE7": 732411857,
      "visitConfidence": 85,
      "otherCandidateLocations": [{
        "latitudeE7": 222841606,
        "longitudeE7": 732406540,
        "placeId": "ChIJ4dDqjnLFXzkRrQSNf5oXAa0",
        "address": "C-1/10, Kubereshwar Marg, Prarthana Tenements, Goverdhan Twp, Kendranagar, Vadodara, Gujarat 390025, India",
        "locationConfidence": 6.2246804,
        "calibratedProbability": 4.807404
      }, {
        "latitudeE7": 222843595,
        "longitudeE7": 732414907,
        "placeId": "ChIJdQgDcG3FXzkRm-VZXoKY94E",
        "address": "C-84 Nilamber Villa, Kubereshwar Marg, Prarthana Tenements, Goverdhan Twp, Kendranagar, Vadodara, Gujarat 390025, India",
        "name": "Nilamber Villa Society",
        "locationConfidence": 1.1552263,
        "calibratedProbability": 0.8921968
      }, {
        "latitudeE7": 222857514,
        "longitudeE7": 732423394,
        "placeId": "ChIJnydPl23FXzkRUzaTyBfrg5M",
        "address": "Radhe Pushti Bunglows near Goverdhan Township Narayan Vidhyalay Road,Dabhoi, 76PR+8W4, Ring Road, Goverdhan Twp, Waghodia, Vadodara, Gujarat 390025, India",
        "name": "Radhe Pushti Bungalows",
        "locationConfidence": 0.33148426,
        "calibratedProbability": 0.25600973
      }, {
        "latitudeE7": 222836978,
        "longitudeE7": 732394686,
        "placeId": "ChIJBYJk7HLFXzkR0SlVIS_AYL0",
        "address": "Opp. Kubereshwar Mahadev Temple, Nr. Tirthak Tenaments, Dabhoi-, 76MQ+FQH, Waghodia Road, Goverdhan Twp, Kendranagar, Vadodara, Gujarat 390025, India",
        "name": "Krishna Residency",
        "locationConfidence": 0.3248865,
        "calibratedProbability": 0.2509142
      }],
      "editConfirmationStatus": "NOT_CONFIRMED",
      "locationConfidence": 76,
      "placeVisitType": "SINGLE_PLACE",
      "placeVisitImportance": "MAIN"
    }
  }, {
    "placeVisit": {
      "location": {
        "latitudeE7": 222841606,
        "longitudeE7": 732406540,
        "placeId": "ChIJ4dDqjnLFXzkRrQSNf5oXAa0",
        "address": "C-1/10, Kubereshwar Marg, Prarthana Tenements, Goverdhan Township, Kendranagar, Vadodara, Gujarat 390025, India",
        "sourceInfo": {
          "deviceTag": 1755654135
        },
        "locationConfidence": 54.20729,
        "calibratedProbability": 38.413307
      },
      "duration": {
        "startTimestamp": "2020-04-16T15:51:35.108Z",
        "endTimestamp": "2020-04-17T04:49:46.753Z"
      },
      "placeConfidence": "MEDIUM_CONFIDENCE",
      "centerLatE7": 222844111,
      "centerLngE7": 732411544,
      "visitConfidence": 89,
      "otherCandidateLocations": [{
        "latitudeE7": 222840148,
        "longitudeE7": 732408315,
        "placeId": "ChIJ_RqQnHLFXzkRgQkmFsn8wGo",
        "address": "E-64/65, E-64/65, Kubereshwar Marg, Parn Vihar Society, Goverdhan Twp, Kendranagar, Vadodara, Gujarat 390025, India",
        "name": "Parn Vihar Society",
        "locationConfidence": 20.849735,
        "calibratedProbability": 14.7749
      }, {
        "latitudeE7": 222843595,
        "longitudeE7": 732414907,
        "placeId": "ChIJdQgDcG3FXzkRm-VZXoKY94E",
        "address": "C-84 Nilamber Villa, Kubereshwar Marg, Prarthana Tenements, Goverdhan Twp, Kendranagar, Vadodara, Gujarat 390025, India",
        "name": "Nilamber Villa Society",
        "locationConfidence": 15.95851,
        "calibratedProbability": 11.308796
      }, {
        "latitudeE7": 222836978,
        "longitudeE7": 732394686,
        "placeId": "ChIJBYJk7HLFXzkR0SlVIS_AYL0",
        "address": "Opp. Kubereshwar Mahadev Temple, Nr. Tirthak Tenaments, Dabhoi-, 76MQ+FQH, Waghodia Road, Goverdhan Twp, Kendranagar, Vadodara, Gujarat 390025, India",
        "name": "Krishna Residency",
        "locationConfidence": 1.5153565,
        "calibratedProbability": 1.0738381
      }, {
        "latitudeE7": 222840288,
        "longitudeE7": 732420161,
        "placeId": "ChIJjS-6agfFXzkRO44PI3jJnGg",
        "locationConfidence": 1.4925675,
        "calibratedProbability": 1.0576891
      }, {
        "latitudeE7": 222857514,
        "longitudeE7": 732423394,
        "placeId": "ChIJnydPl23FXzkRUzaTyBfrg5M",
        "address": "Radhe Pushti Bunglows near Goverdhan Township Narayan Vidhyalay Road,Dabhoi, 76PR+8W4, Ring Road, Goverdhan Twp, Waghodia, Vadodara, Gujarat 390025, India",
        "name": "Radhe Pushti Bungalows",
        "locationConfidence": 1.379232,
        "calibratedProbability": 0.97737527
      }, {
        "latitudeE7": 222854160,
        "longitudeE7": 732395770,
        "placeId": "ChIJESnTY1XFXzkRH-bDkQIfgM8",
        "address": "76PQ+5R3, near Kanha Gold BPS2 school, Prarthana Tenements, Goverdhan Twp, Kendranagar, Vadodara, Gujarat 390025, India",
        "name": "Hari Sai Shharanam",
        "locationConfidence": 0.9826381,
        "calibratedProbability": 0.696334
      }, {
        "latitudeE7": 222826842,
        "longitudeE7": 732420573,
        "placeId": "ChIJWwksSm3FXzkRKoyC0BOlbck",
        "address": "A-1, Kubereshwar Marg, Goverdhan Twp, Kendranagar, Vadodara, Gujarat 390025, India",
        "name": "A-01,Shreeji Tirth Duplex-2",
        "locationConfidence": 0.95962226,
        "calibratedProbability": 0.68002415
      }, {
        "latitudeE7": 222834952,
        "longitudeE7": 732395196,
        "placeId": "ChIJTfbtNCXFXzkRlfEDKgTanek",
        "locationConfidence": 0.83968014,
        "calibratedProbability": 0.59502864
      }, {
        "latitudeE7": 222840060,
        "longitudeE7": 732426200,
        "placeId": "ChIJS8KsbG3FXzkRf43keDzUzME",
        "address": "BHAGYA LAXMI SOCITY, Kubereshwar Marg, Goverdhan Twp, Waghodia, Vadodara, Gujarat 390019, India",
        "name": "Shree Bungalows",
        "locationConfidence": 0.6689405,
        "calibratedProbability": 0.4740362
      }],
      "editConfirmationStatus": "NOT_CONFIRMED",
      "locationConfidence": 44,
      "placeVisitType": "SINGLE_PLACE",
      "placeVisitImportance": "MAIN"
    }
  }, {
    "placeVisit": {
      "location": {
        "latitudeE7": 222840148,
        "longitudeE7": 732408315,
        "placeId": "ChIJ_RqQnHLFXzkRgQkmFsn8wGo",
        "address": "E-64/65, E-64/65, Kubereshwar Marg, Parn Vihar Society, Goverdhan Twp, Kendranagar, Vadodara, Gujarat 390025, India",
        "name": "Parn Vihar Society",
        "sourceInfo": {
          "deviceTag": 1755654135
        },
        "locationConfidence": 77.8739,
        "calibratedProbability": 50.89946
      },
      "duration": {
        "startTimestamp": "2020-04-17T04:49:46.753Z",
        "endTimestamp": "2020-04-17T17:32:42.900Z"
      },
      "placeConfidence": "MEDIUM_CONFIDENCE",
      "centerLatE7": 222841618,
      "centerLngE7": 732412794,
      "visitConfidence": 81,
      "otherCandidateLocations": [{
        "latitudeE7": 222841606,
        "longitudeE7": 732406540,
        "placeId": "ChIJ4dDqjnLFXzkRrQSNf5oXAa0",
        "address": "C-1/10, Kubereshwar Marg, Prarthana Tenements, Goverdhan Twp, Kendranagar, Vadodara, Gujarat 390025, India",
        "locationConfidence": 12.822977,
        "calibratedProbability": 8.381275
      }, {
        "latitudeE7": 222843595,
        "longitudeE7": 732414907,
        "placeId": "ChIJdQgDcG3FXzkRm-VZXoKY94E",
        "address": "C-84 Nilamber Villa, Kubereshwar Marg, Prarthana Tenements, Goverdhan Twp, Kendranagar, Vadodara, Gujarat 390025, India",
        "name": "Nilamber Villa Society",
        "locationConfidence": 4.9897456,
        "calibratedProbability": 3.2613668
      }, {
        "latitudeE7": 222831583,
        "longitudeE7": 732420856,
        "placeId": "ChIJj56gQ23FXzkRv3cbusWJJoQ",
        "address": "1, Kubereshwar Marg, Goverdhan Twp, Kendranagar, Vadodara, Gujarat 390025, India",
        "name": "Nilamber Bungalows-3",
        "locationConfidence": 0.8482211,
        "calibratedProbability": 0.5544091
      }, {
        "latitudeE7": 222836978,
        "longitudeE7": 732394686,
        "placeId": "ChIJBYJk7HLFXzkR0SlVIS_AYL0",
        "address": "Opp. Kubereshwar Mahadev Temple, Nr. Tirthak Tenaments, Dabhoi-, 76MQ+FQH, Waghodia Road, Goverdhan Twp, Kendranagar, Vadodara, Gujarat 390025, India",
        "name": "Krishna Residency",
        "locationConfidence": 0.6758714,
        "calibratedProbability": 0.4417589
      }, {
        "latitudeE7": 222816217,
        "longitudeE7": 732424053,
        "placeId": "ChIJu8jXzBLFXzkREIarkPEHm34",
        "address": "Darshan Heights 2nd Rd, Jalaram Nagar, Kendranagar, Vadodara, Gujarat 390025, India",
        "name": "Darshan Heights 2 , Sun Classic , Dwarkesh",
        "locationConfidence": 0.51716465,
        "calibratedProbability": 0.338026
      }, {
        "latitudeE7": 222836654,
        "longitudeE7": 732404207,
        "placeId": "ChIJhbPhmXLFXzkRoi_stz9pFkw",
        "address": "Devashish Bunglows Kubereshwar Marg, Dabhoi - Waghodia Ring Rd, Goverdhan Twp, Kendranagar, Vadodara, Gujarat 390025, India",
        "name": "Devashish Bungalows",
        "locationConfidence": 0.48878878,
        "calibratedProbability": 0.3194791
      }, {
        "latitudeE7": 222848095,
        "longitudeE7": 732437531,
        "placeId": "ChIJZXf-A23FXzkRB_AEWXgz9dY",
        "address": "27, Aditya Villa, Goverdhan Twp, Kendranagar, Vadodara, Gujarat 390025, India",
        "name": "Aditya Villa",
        "locationConfidence": 0.45839116,
        "calibratedProbability": 0.29961082
      }, {
        "latitudeE7": 222840288,
        "longitudeE7": 732420161,
        "placeId": "ChIJjS-6agfFXzkRO44PI3jJnGg",
        "locationConfidence": 0.4561836,
        "calibratedProbability": 0.29816794
      }],
      "editConfirmationStatus": "NOT_CONFIRMED",
      "locationConfidence": 63,
      "placeVisitType": "SINGLE_PLACE",
      "placeVisitImportance": "MAIN"
    }
  }, {
    "placeVisit": {
      "location": {
        "latitudeE7": 222841606,
        "longitudeE7": 732406540,
        "placeId": "ChIJ4dDqjnLFXzkRrQSNf5oXAa0",
        "address": "C-1/10, Kubereshwar Marg, Prarthana Tenements, Goverdhan Township, Kendranagar, Vadodara, Gujarat 390025, India",
        "sourceInfo": {
          "deviceTag": 1755654135
        },
        "locationConfidence": 43.908894,
        "calibratedProbability": 31.879995
      },
      "duration": {
        "startTimestamp": "2020-04-17T17:32:42.900Z",
        "endTimestamp": "2020-04-18T05:29:48.962Z"
      },
      "placeConfidence": "MEDIUM_CONFIDENCE",
      "centerLatE7": 222844673,
      "centerLngE7": 732412519,
      "visitConfidence": 91,
      "otherCandidateLocations": [{
        "latitudeE7": 222840148,
        "longitudeE7": 732408315,
        "placeId": "ChIJ_RqQnHLFXzkRgQkmFsn8wGo",
        "address": "E-64/65, E-64/65, Kubereshwar Marg, Parn Vihar Society, Goverdhan Twp, Kendranagar, Vadodara, Gujarat 390025, India",
        "name": "Parn Vihar Society",
        "locationConfidence": 24.458233,
        "calibratedProbability": 17.757868
      }, {
        "latitudeE7": 222843595,
        "longitudeE7": 732414907,
        "placeId": "ChIJdQgDcG3FXzkRm-VZXoKY94E",
        "address": "C-84 Nilamber Villa, Kubereshwar Marg, Prarthana Tenements, Goverdhan Twp, Kendranagar, Vadodara, Gujarat 390025, India",
        "name": "Nilamber Villa Society",
        "locationConfidence": 22.582937,
        "calibratedProbability": 16.396313
      }, {
        "latitudeE7": 222857514,
        "longitudeE7": 732423394,
        "placeId": "ChIJnydPl23FXzkRUzaTyBfrg5M",
        "address": "Radhe Pushti Bunglows near Goverdhan Township Narayan Vidhyalay Road,Dabhoi, 76PR+8W4, Ring Road, Goverdhan Twp, Waghodia, Vadodara, Gujarat 390025, India",
        "name": "Radhe Pushti Bungalows",
        "locationConfidence": 1.5199136,
        "calibratedProbability": 1.1035312
      }, {
        "latitudeE7": 222836978,
        "longitudeE7": 732394686,
        "placeId": "ChIJBYJk7HLFXzkR0SlVIS_AYL0",
        "address": "Opp. Kubereshwar Mahadev Temple, Nr. Tirthak Tenaments, Dabhoi-, 76MQ+FQH, Waghodia Road, Goverdhan Twp, Kendranagar, Vadodara, Gujarat 390025, India",
        "name": "Krishna Residency",
        "locationConfidence": 1.4475446,
        "calibratedProbability": 1.0509878
      }, {
        "latitudeE7": 222840288,
        "longitudeE7": 732420161,
        "placeId": "ChIJjS-6agfFXzkRO44PI3jJnGg",
        "locationConfidence": 1.4382967,
        "calibratedProbability": 1.0442734
      }, {
        "latitudeE7": 222867496,
        "longitudeE7": 732417150,
        "placeId": "ChIJn_GA8W3FXzkR_prboOa43Ro",
        "address": "76PR+MMW, Waghodia Rd, Prarthana Tenements, Goverdhan Twp, Kendranagar, Vadodara, Gujarat 390019, India",
        "name": "Eshanti avenue, waghodia badhoi ring road vadodara",
        "locationConfidence": 0.96434385,
        "calibratedProbability": 0.7001606
      }, {
        "latitudeE7": 222854160,
        "longitudeE7": 732395770,
        "placeId": "ChIJESnTY1XFXzkRH-bDkQIfgM8",
        "address": "76PQ+5R3, near Kanha Gold BPS2 school, Prarthana Tenements, Goverdhan Twp, Kendranagar, Vadodara, Gujarat 390025, India",
        "name": "Hari Sai Shharanam",
        "locationConfidence": 0.91498846,
        "calibratedProbability": 0.6643262
      }, {
        "latitudeE7": 222826842,
        "longitudeE7": 732420573,
        "placeId": "ChIJWwksSm3FXzkRKoyC0BOlbck",
        "address": "A-1, Kubereshwar Marg, Goverdhan Twp, Kendranagar, Vadodara, Gujarat 390025, India",
        "name": "A-01,Shreeji Tirth Duplex-2",
        "locationConfidence": 0.89327127,
        "calibratedProbability": 0.64855844
      }, {
        "latitudeE7": 222840060,
        "longitudeE7": 732426200,
        "placeId": "ChIJS8KsbG3FXzkRf43keDzUzME",
        "address": "BHAGYA LAXMI SOCITY, Kubereshwar Marg, Goverdhan Twp, Waghodia, Vadodara, Gujarat 390019, India",
        "name": "Shree Bungalows",
        "locationConfidence": 0.71222854,
        "calibratedProbability": 0.5171126
      }],
      "editConfirmationStatus": "NOT_CONFIRMED",
      "locationConfidence": 36,
      "placeVisitType": "SINGLE_PLACE",
      "placeVisitImportance": "MAIN"
    }
  }, {
    "placeVisit": {
      "location": {
        "latitudeE7": 222840148,
        "longitudeE7": 732408315,
        "placeId": "ChIJ_RqQnHLFXzkRgQkmFsn8wGo",
        "address": "E-64/65, E-64/65, Kubereshwar Marg, Parn Vihar Society, Goverdhan Twp, Kendranagar, Vadodara, Gujarat 390025, India",
        "name": "Parn Vihar Society",
        "sourceInfo": {
          "deviceTag": 1755654135
        },
        "locationConfidence": 90.250175,
        "calibratedProbability": 69.404236
      },
      "duration": {
        "startTimestamp": "2020-04-18T05:29:48.962Z",
        "endTimestamp": "2020-04-21T15:02:28.736Z"
      },
      "placeConfidence": "MEDIUM_CONFIDENCE",
      "centerLatE7": 222841903,
      "centerLngE7": 732411503,
      "visitConfidence": 85,
      "otherCandidateLocations": [{
        "latitudeE7": 222841606,
        "longitudeE7": 732406540,
        "placeId": "ChIJ4dDqjnLFXzkRrQSNf5oXAa0",
        "address": "C-1/10, Kubereshwar Marg, Prarthana Tenements, Goverdhan Twp, Kendranagar, Vadodara, Gujarat 390025, India",
        "locationConfidence": 5.369527,
        "calibratedProbability": 4.129276
      }, {
        "latitudeE7": 222843595,
        "longitudeE7": 732414907,
        "placeId": "ChIJdQgDcG3FXzkRm-VZXoKY94E",
        "address": "C-84 Nilamber Villa, Kubereshwar Marg, Prarthana Tenements, Goverdhan Twp, Kendranagar, Vadodara, Gujarat 390025, India",
        "name": "Nilamber Villa Society",
        "locationConfidence": 2.497104,
        "calibratedProbability": 1.920324
      }, {
        "latitudeE7": 222836978,
        "longitudeE7": 732394686,
        "placeId": "ChIJBYJk7HLFXzkR0SlVIS_AYL0",
        "address": "Opp. Kubereshwar Mahadev Temple, Nr. Tirthak Tenaments, Dabhoi-, 76MQ+FQH, Waghodia Road, Goverdhan Twp, Kendranagar, Vadodara, Gujarat 390025, India",
        "name": "Krishna Residency",
        "locationConfidence": 0.35036546,
        "calibratedProbability": 0.2694382
      }, {
        "latitudeE7": 222831583,
        "longitudeE7": 732420856,
        "placeId": "ChIJj56gQ23FXzkRv3cbusWJJoQ",
        "address": "1, Kubereshwar Marg, Goverdhan Twp, Kendranagar, Vadodara, Gujarat 390025, India",
        "name": "Nilamber Bungalows-3",
        "locationConfidence": 0.30834484,
        "calibratedProbability": 0.23712349
      }],
      "editConfirmationStatus": "NOT_CONFIRMED",
      "locationConfidence": 75,
      "placeVisitType": "SINGLE_PLACE",
      "placeVisitImportance": "MAIN"
    }
  }, {
    "placeVisit": {
      "location": {
        "latitudeE7": 222841606,
        "longitudeE7": 732406540,
        "placeId": "ChIJ4dDqjnLFXzkRrQSNf5oXAa0",
        "address": "C-1/10, Kubereshwar Marg, Prarthana Tenements, Goverdhan Township, Kendranagar, Vadodara, Gujarat 390025, India",
        "sourceInfo": {
          "deviceTag": 1755654135
        },
        "locationConfidence": 57.809605,
        "calibratedProbability": 40.18337
      },
      "duration": {
        "startTimestamp": "2020-04-21T15:02:28.736Z",
        "endTimestamp": "2020-04-23T05:04:30.360Z"
      },
      "placeConfidence": "MEDIUM_CONFIDENCE",
      "centerLatE7": 222844838,
      "centerLngE7": 732411732,
      "visitConfidence": 88,
      "otherCandidateLocations": [{
        "latitudeE7": 222840148,
        "longitudeE7": 732408315,
        "placeId": "ChIJ_RqQnHLFXzkRgQkmFsn8wGo",
        "address": "E-64/65, E-64/65, Kubereshwar Marg, Parn Vihar Society, Goverdhan Twp, Kendranagar, Vadodara, Gujarat 390025, India",
        "name": "Parn Vihar Society",
        "locationConfidence": 17.029264,
        "calibratedProbability": 11.837016
      }, {
        "latitudeE7": 222843595,
        "longitudeE7": 732414907,
        "placeId": "ChIJdQgDcG3FXzkRm-VZXoKY94E",
        "address": "C-84 Nilamber Villa, Kubereshwar Marg, Prarthana Tenements, Goverdhan Twp, Kendranagar, Vadodara, Gujarat 390025, India",
        "name": "Nilamber Villa Society",
        "locationConfidence": 16.601936,
        "calibratedProbability": 11.539981
      }, {
        "latitudeE7": 222840288,
        "longitudeE7": 732420161,
        "placeId": "ChIJjS-6agfFXzkRO44PI3jJnGg",
        "locationConfidence": 1.6645263,
        "calibratedProbability": 1.1570097
      }, {
        "latitudeE7": 222836978,
        "longitudeE7": 732394686,
        "placeId": "ChIJBYJk7HLFXzkR0SlVIS_AYL0",
        "address": "Opp. Kubereshwar Mahadev Temple, Nr. Tirthak Tenaments, Dabhoi-, 76MQ+FQH, Waghodia Road, Goverdhan Twp, Kendranagar, Vadodara, Gujarat 390025, India",
        "name": "Krishna Residency",
        "locationConfidence": 1.3681239,
        "calibratedProbability": 0.95098084
      }, {
        "latitudeE7": 222857514,
        "longitudeE7": 732423394,
        "placeId": "ChIJnydPl23FXzkRUzaTyBfrg5M",
        "address": "Radhe Pushti Bunglows near Goverdhan Township Narayan Vidhyalay Road,Dabhoi, 76PR+8W4, Ring Road, Goverdhan Twp, Waghodia, Vadodara, Gujarat 390025, India",
        "name": "Radhe Pushti Bungalows",
        "locationConfidence": 1.1501838,
        "calibratedProbability": 0.799491
      }, {
        "latitudeE7": 222854160,
        "longitudeE7": 732395770,
        "placeId": "ChIJESnTY1XFXzkRH-bDkQIfgM8",
        "address": "76PQ+5R3, near Kanha Gold BPS2 school, Prarthana Tenements, Goverdhan Twp, Kendranagar, Vadodara, Gujarat 390025, India",
        "name": "Hari Sai Shharanam",
        "locationConfidence": 1.0012473,
        "calibratedProbability": 0.69596547
      }, {
        "latitudeE7": 222826842,
        "longitudeE7": 732420573,
        "placeId": "ChIJWwksSm3FXzkRKoyC0BOlbck",
        "address": "A-1, Kubereshwar Marg, Goverdhan Twp, Kendranagar, Vadodara, Gujarat 390025, India",
        "name": "A-01,Shreeji Tirth Duplex-2",
        "locationConfidence": 0.974626,
        "calibratedProbability": 0.6774611
      }, {
        "latitudeE7": 222834952,
        "longitudeE7": 732395196,
        "placeId": "ChIJTfbtNCXFXzkRlfEDKgTanek",
        "locationConfidence": 0.8619208,
        "calibratedProbability": 0.59911984
      }, {
        "latitudeE7": 222841755,
        "longitudeE7": 732402059,
        "placeId": "ChIJAUpNYwXFXzkRY6XvXalBKNw",
        "address": "E-64/65, Kubereshwar Marg, Parn Vihar Society, Goverdhan Twp, Kendranagar, Vadodara, Gujarat 390025, India",
        "name": "Shree krishna banglows",
        "locationConfidence": 0.55614746,
        "calibratedProbability": 0.38657725
      }],
      "editConfirmationStatus": "NOT_CONFIRMED",
      "locationConfidence": 46,
      "placeVisitType": "SINGLE_PLACE",
      "placeVisitImportance": "MAIN"
    }
  }, {
    "placeVisit": {
      "location": {
        "latitudeE7": 222840148,
        "longitudeE7": 732408315,
        "placeId": "ChIJ_RqQnHLFXzkRgQkmFsn8wGo",
        "address": "E-64/65, E-64/65, Kubereshwar Marg, Parn Vihar Society, Goverdhan Twp, Kendranagar, Vadodara, Gujarat 390025, India",
        "name": "Parn Vihar Society",
        "sourceInfo": {
          "deviceTag": 1755654135
        },
        "locationConfidence": 86.615906,
        "calibratedProbability": 68.10971
      },
      "duration": {
        "startTimestamp": "2020-04-23T05:04:30.360Z",
        "endTimestamp": "2020-04-23T18:31:58.291Z"
      },
      "placeConfidence": "MEDIUM_CONFIDENCE",
      "centerLatE7": 222842910,
      "centerLngE7": 732411667,
      "visitConfidence": 88,
      "otherCandidateLocations": [{
        "latitudeE7": 222841606,
        "longitudeE7": 732406540,
        "placeId": "ChIJ4dDqjnLFXzkRrQSNf5oXAa0",
        "address": "C-1/10, Kubereshwar Marg, Prarthana Tenements, Goverdhan Twp, Kendranagar, Vadodara, Gujarat 390025, India",
        "locationConfidence": 7.514745,
        "calibratedProbability": 5.909158
      }, {
        "latitudeE7": 222843595,
        "longitudeE7": 732414907,
        "placeId": "ChIJdQgDcG3FXzkRm-VZXoKY94E",
        "address": "C-84 Nilamber Villa, Kubereshwar Marg, Prarthana Tenements, Goverdhan Twp, Kendranagar, Vadodara, Gujarat 390025, India",
        "name": "Nilamber Villa Society",
        "locationConfidence": 3.288522,
        "calibratedProbability": 2.5859025
      }, {
        "latitudeE7": 222831583,
        "longitudeE7": 732420856,
        "placeId": "ChIJj56gQ23FXzkRv3cbusWJJoQ",
        "address": "1, Kubereshwar Marg, Goverdhan Twp, Kendranagar, Vadodara, Gujarat 390025, India",
        "name": "Nilamber Bungalows-3",
        "locationConfidence": 0.43591002,
        "calibratedProbability": 0.34277427
      }, {
        "latitudeE7": 222836978,
        "longitudeE7": 732394686,
        "placeId": "ChIJBYJk7HLFXzkR0SlVIS_AYL0",
        "address": "Opp. Kubereshwar Mahadev Temple, Nr. Tirthak Tenaments, Dabhoi-, 76MQ+FQH, Waghodia Road, Goverdhan Twp, Kendranagar, Vadodara, Gujarat 390025, India",
        "name": "Krishna Residency",
        "locationConfidence": 0.4309439,
        "calibratedProbability": 0.3388692
      }],
      "editConfirmationStatus": "NOT_CONFIRMED",
      "locationConfidence": 71,
      "placeVisitType": "SINGLE_PLACE",
      "placeVisitImportance": "MAIN"
    }
  }, {
    "placeVisit": {
      "location": {
        "latitudeE7": 222841606,
        "longitudeE7": 732406540,
        "placeId": "ChIJ4dDqjnLFXzkRrQSNf5oXAa0",
        "address": "C-1/10, Kubereshwar Marg, Prarthana Tenements, Goverdhan Township, Kendranagar, Vadodara, Gujarat 390025, India",
        "sourceInfo": {
          "deviceTag": 1755654135
        },
        "locationConfidence": 59.891083,
        "calibratedProbability": 38.975594
      },
      "duration": {
        "startTimestamp": "2020-04-23T18:31:58.291Z",
        "endTimestamp": "2020-04-24T18:08:15.600Z"
      },
      "placeConfidence": "MEDIUM_CONFIDENCE",
      "centerLatE7": 222844189,
      "centerLngE7": 732411512,
      "visitConfidence": 86,
      "otherCandidateLocations": [{
        "latitudeE7": 222843595,
        "longitudeE7": 732414907,
        "placeId": "ChIJdQgDcG3FXzkRm-VZXoKY94E",
        "address": "C-84 Nilamber Villa, Kubereshwar Marg, Prarthana Tenements, Goverdhan Twp, Kendranagar, Vadodara, Gujarat 390025, India",
        "name": "Nilamber Villa Society",
        "locationConfidence": 18.36778,
        "calibratedProbability": 11.953285
      }, {
        "latitudeE7": 222840148,
        "longitudeE7": 732408315,
        "placeId": "ChIJ_RqQnHLFXzkRgQkmFsn8wGo",
        "address": "E-64/65, E-64/65, Kubereshwar Marg, Parn Vihar Society, Goverdhan Twp, Kendranagar, Vadodara, Gujarat 390025, India",
        "name": "Parn Vihar Society",
        "locationConfidence": 13.385666,
        "calibratedProbability": 8.711051
      }, {
        "latitudeE7": 222836978,
        "longitudeE7": 732394686,
        "placeId": "ChIJBYJk7HLFXzkR0SlVIS_AYL0",
        "address": "Opp. Kubereshwar Mahadev Temple, Nr. Tirthak Tenaments, Dabhoi-, 76MQ+FQH, Waghodia Road, Goverdhan Twp, Kendranagar, Vadodara, Gujarat 390025, India",
        "name": "Krishna Residency",
        "locationConfidence": 1.6472286,
        "calibratedProbability": 1.0719745
      }, {
        "latitudeE7": 222840288,
        "longitudeE7": 732420161,
        "placeId": "ChIJjS-6agfFXzkRO44PI3jJnGg",
        "locationConfidence": 1.5425261,
        "calibratedProbability": 1.0038369
      }, {
        "latitudeE7": 222857514,
        "longitudeE7": 732423394,
        "placeId": "ChIJnydPl23FXzkRUzaTyBfrg5M",
        "address": "Radhe Pushti Bunglows near Goverdhan Township Narayan Vidhyalay Road,Dabhoi, 76PR+8W4, Ring Road, Goverdhan Twp, Waghodia, Vadodara, Gujarat 390025, India",
        "name": "Radhe Pushti Bungalows",
        "locationConfidence": 1.1727155,
        "calibratedProbability": 0.76317346
      }, {
        "latitudeE7": 222826842,
        "longitudeE7": 732420573,
        "placeId": "ChIJWwksSm3FXzkRKoyC0BOlbck",
        "address": "A-1, Kubereshwar Marg, Goverdhan Twp, Kendranagar, Vadodara, Gujarat 390025, India",
        "name": "A-01,Shreeji Tirth Duplex-2",
        "locationConfidence": 0.92291903,
        "calibratedProbability": 0.6006123
      }, {
        "latitudeE7": 222854160,
        "longitudeE7": 732395770,
        "placeId": "ChIJESnTY1XFXzkRH-bDkQIfgM8",
        "address": "76PQ+5R3, near Kanha Gold BPS2 school, Prarthana Tenements, Goverdhan Twp, Kendranagar, Vadodara, Gujarat 390025, India",
        "name": "Hari Sai Shharanam",
        "locationConfidence": 0.8806131,
        "calibratedProbability": 0.5730806
      }, {
        "latitudeE7": 222834952,
        "longitudeE7": 732395196,
        "placeId": "ChIJTfbtNCXFXzkRlfEDKgTanek",
        "locationConfidence": 0.78760636,
        "calibratedProbability": 0.5125542
      }, {
        "latitudeE7": 222840060,
        "longitudeE7": 732426200,
        "placeId": "ChIJS8KsbG3FXzkRf43keDzUzME",
        "address": "BHAGYA LAXMI SOCITY, Kubereshwar Marg, Goverdhan Twp, Waghodia, Vadodara, Gujarat 390019, India",
        "name": "Shree Bungalows",
        "locationConfidence": 0.7219284,
        "calibratedProbability": 0.46981266
      }],
      "editConfirmationStatus": "NOT_CONFIRMED",
      "locationConfidence": 48,
      "placeVisitType": "SINGLE_PLACE",
      "placeVisitImportance": "MAIN"
    }
  }, {
    "placeVisit": {
      "location": {
        "latitudeE7": 222840148,
        "longitudeE7": 732408315,
        "placeId": "ChIJ_RqQnHLFXzkRgQkmFsn8wGo",
        "address": "E-64/65, E-64/65, Kubereshwar Marg, Parn Vihar Society, Goverdhan Twp, Kendranagar, Vadodara, Gujarat 390025, India",
        "name": "Parn Vihar Society",
        "sourceInfo": {
          "deviceTag": 1755654135
        },
        "locationConfidence": 79.60576,
        "calibratedProbability": 59.655254
      },
      "duration": {
        "startTimestamp": "2020-04-24T18:08:15.600Z",
        "endTimestamp": "2020-04-25T07:44:55.421Z"
      },
      "placeConfidence": "MEDIUM_CONFIDENCE",
      "centerLatE7": 222843198,
      "centerLngE7": 732412015,
      "visitConfidence": 87,
      "otherCandidateLocations": [{
        "latitudeE7": 222841606,
        "longitudeE7": 732406540,
        "placeId": "ChIJ4dDqjnLFXzkRrQSNf5oXAa0",
        "address": "C-1/10, Kubereshwar Marg, Prarthana Tenements, Goverdhan Twp, Kendranagar, Vadodara, Gujarat 390025, India",
        "locationConfidence": 10.8497,
        "calibratedProbability": 8.130589
      }, {
        "latitudeE7": 222843595,
        "longitudeE7": 732414907,
        "placeId": "ChIJdQgDcG3FXzkRm-VZXoKY94E",
        "address": "C-84 Nilamber Villa, Kubereshwar Marg, Prarthana Tenements, Goverdhan Twp, Kendranagar, Vadodara, Gujarat 390025, India",
        "name": "Nilamber Villa Society",
        "locationConfidence": 6.1107373,
        "calibratedProbability": 4.579287
      }, {
        "latitudeE7": 222836978,
        "longitudeE7": 732394686,
        "placeId": "ChIJBYJk7HLFXzkR0SlVIS_AYL0",
        "address": "Opp. Kubereshwar Mahadev Temple, Nr. Tirthak Tenaments, Dabhoi-, 76MQ+FQH, Waghodia Road, Goverdhan Twp, Kendranagar, Vadodara, Gujarat 390025, India",
        "name": "Krishna Residency",
        "locationConfidence": 0.6520681,
        "calibratedProbability": 0.4886492
      }, {
        "latitudeE7": 222831583,
        "longitudeE7": 732420856,
        "placeId": "ChIJj56gQ23FXzkRv3cbusWJJoQ",
        "address": "1, Kubereshwar Marg, Goverdhan Twp, Kendranagar, Vadodara, Gujarat 390025, India",
        "name": "Nilamber Bungalows-3",
        "locationConfidence": 0.52230084,
        "calibratedProbability": 0.39140373
      }],
      "editConfirmationStatus": "NOT_CONFIRMED",
      "locationConfidence": 64,
      "placeVisitType": "SINGLE_PLACE",
      "placeVisitImportance": "MAIN"
    }
  }, {
    "placeVisit": {
      "location": {
        "latitudeE7": 222841606,
        "longitudeE7": 732406540,
        "placeId": "ChIJ4dDqjnLFXzkRrQSNf5oXAa0",
        "address": "C-1/10, Kubereshwar Marg, Prarthana Tenements, Goverdhan Township, Kendranagar, Vadodara, Gujarat 390025, India",
        "sourceInfo": {
          "deviceTag": 1755654135
        },
        "locationConfidence": 52.70791,
        "calibratedProbability": 33.700817
      },
      "duration": {
        "startTimestamp": "2020-04-25T07:44:55.421Z",
        "endTimestamp": "2020-04-26T05:10:03.934Z"
      },
      "placeConfidence": "MEDIUM_CONFIDENCE",
      "centerLatE7": 222843048,
      "centerLngE7": 732410970,
      "visitConfidence": 86,
      "otherCandidateLocations": [{
        "latitudeE7": 222843595,
        "longitudeE7": 732414907,
        "placeId": "ChIJdQgDcG3FXzkRm-VZXoKY94E",
        "address": "C-84 Nilamber Villa, Kubereshwar Marg, Prarthana Tenements, Goverdhan Twp, Kendranagar, Vadodara, Gujarat 390025, India",
        "name": "Nilamber Villa Society",
        "locationConfidence": 21.32329,
        "calibratedProbability": 13.633861
      }, {
        "latitudeE7": 222840148,
        "longitudeE7": 732408315,
        "placeId": "ChIJ_RqQnHLFXzkRgQkmFsn8wGo",
        "address": "E-64/65, E-64/65, Kubereshwar Marg, Parn Vihar Society, Goverdhan Twp, Kendranagar, Vadodara, Gujarat 390025, India",
        "name": "Parn Vihar Society",
        "locationConfidence": 17.512152,
        "calibratedProbability": 11.197063
      }, {
        "latitudeE7": 222836978,
        "longitudeE7": 732394686,
        "placeId": "ChIJBYJk7HLFXzkR0SlVIS_AYL0",
        "address": "Opp. Kubereshwar Mahadev Temple, Nr. Tirthak Tenaments, Dabhoi-, 76MQ+FQH, Waghodia Road, Goverdhan Twp, Kendranagar, Vadodara, Gujarat 390025, India",
        "name": "Krishna Residency",
        "locationConfidence": 1.638044,
        "calibratedProbability": 1.0473461
      }, {
        "latitudeE7": 222857514,
        "longitudeE7": 732423394,
        "placeId": "ChIJnydPl23FXzkRUzaTyBfrg5M",
        "address": "Radhe Pushti Bunglows near Goverdhan Township Narayan Vidhyalay Road,Dabhoi, 76PR+8W4, Ring Road, Goverdhan Twp, Waghodia, Vadodara, Gujarat 390025, India",
        "name": "Radhe Pushti Bungalows",
        "locationConfidence": 1.4912903,
        "calibratedProbability": 0.9535135
      }, {
        "latitudeE7": 222840288,
        "longitudeE7": 732420161,
        "placeId": "ChIJjS-6agfFXzkRO44PI3jJnGg",
        "locationConfidence": 1.4065293,
        "calibratedProbability": 0.8993183
      }, {
        "latitudeE7": 222826842,
        "longitudeE7": 732420573,
        "placeId": "ChIJWwksSm3FXzkRKoyC0BOlbck",
        "address": "A-1, Kubereshwar Marg, Goverdhan Twp, Kendranagar, Vadodara, Gujarat 390025, India",
        "name": "A-01,Shreeji Tirth Duplex-2",
        "locationConfidence": 1.0956417,
        "calibratedProbability": 0.7005404
      }, {
        "latitudeE7": 222854160,
        "longitudeE7": 732395770,
        "placeId": "ChIJESnTY1XFXzkRH-bDkQIfgM8",
        "address": "76PQ+5R3, near Kanha Gold BPS2 school, Prarthana Tenements, Goverdhan Twp, Kendranagar, Vadodara, Gujarat 390025, India",
        "name": "Hari Sai Shharanam",
        "locationConfidence": 0.9035253,
        "calibratedProbability": 0.5777035
      }, {
        "latitudeE7": 222834952,
        "longitudeE7": 732395196,
        "placeId": "ChIJTfbtNCXFXzkRlfEDKgTanek",
        "locationConfidence": 0.8317638,
        "calibratedProbability": 0.53182
      }, {
        "latitudeE7": 222841755,
        "longitudeE7": 732402059,
        "placeId": "ChIJAUpNYwXFXzkRY6XvXalBKNw",
        "address": "E-64/65, Kubereshwar Marg, Parn Vihar Society, Goverdhan Twp, Kendranagar, Vadodara, Gujarat 390025, India",
        "name": "Shree krishna banglows",
        "locationConfidence": 0.6316162,
        "calibratedProbability": 0.40384796
      }],
      "editConfirmationStatus": "NOT_CONFIRMED",
      "locationConfidence": 43,
      "placeVisitType": "SINGLE_PLACE",
      "placeVisitImportance": "MAIN"
    }
  }, {
    "placeVisit": {
      "location": {
        "latitudeE7": 222840148,
        "longitudeE7": 732408315,
        "placeId": "ChIJ_RqQnHLFXzkRgQkmFsn8wGo",
        "address": "E-64/65, E-64/65, Kubereshwar Marg, Parn Vihar Society, Goverdhan Twp, Kendranagar, Vadodara, Gujarat 390025, India",
        "name": "Parn Vihar Society",
        "sourceInfo": {
          "deviceTag": 1755654135
        },
        "locationConfidence": 83.39427,
        "calibratedProbability": 62.450443
      },
      "duration": {
        "startTimestamp": "2020-04-26T05:10:03.934Z",
        "endTimestamp": "2020-04-26T10:16:00.683Z"
      },
      "placeConfidence": "MEDIUM_CONFIDENCE",
      "centerLatE7": 222840581,
      "centerLngE7": 732409174,
      "visitConfidence": 86,
      "otherCandidateLocations": [{
        "latitudeE7": 222843437,
        "longitudeE7": 732407990,
        "placeId": "ChIJ4dDqjnLFXzkRrQSNf5oXAa0",
        "address": "C-1/10, Kubereshwar Marg, Prarthana Tenements, Goverdhan Twp, Kendranagar, Vadodara, Gujarat 390025, India",
        "locationConfidence": 10.785934,
        "calibratedProbability": 8.07713
      }, {
        "latitudeE7": 222843595,
        "longitudeE7": 732414907,
        "placeId": "ChIJdQgDcG3FXzkRm-VZXoKY94E",
        "address": "C-84 Nilamber Villa, Kubereshwar Marg, Prarthana Tenements, Goverdhan Twp, Kendranagar, Vadodara, Gujarat 390025, India",
        "name": "Nilamber Villa Society",
        "locationConfidence": 2.7147818,
        "calibratedProbability": 2.0329852
      }, {
        "latitudeE7": 222836978,
        "longitudeE7": 732394686,
        "placeId": "ChIJBYJk7HLFXzkR0SlVIS_AYL0",
        "address": "Opp. Kubereshwar Mahadev Temple, Nr. Tirthak Tenaments, Dabhoi-, 76MQ+FQH, Waghodia Road, Goverdhan Twp, Kendranagar, Vadodara, Gujarat 390025, India",
        "name": "Krishna Residency",
        "locationConfidence": 0.7042961,
        "calibratedProbability": 0.5274176
      }, {
        "latitudeE7": 222840288,
        "longitudeE7": 732420161,
        "placeId": "ChIJjS-6agfFXzkRO44PI3jJnGg",
        "locationConfidence": 0.5097121,
        "calibratedProbability": 0.38170186
      }, {
        "latitudeE7": 222857514,
        "longitudeE7": 732423394,
        "placeId": "ChIJnydPl23FXzkRUzaTyBfrg5M",
        "address": "Radhe Pushti Bunglows near Goverdhan Township Narayan Vidhyalay Road,Dabhoi, 76PR+8W4, Ring Road, Goverdhan Twp, Waghodia, Vadodara, Gujarat 390025, India",
        "name": "Radhe Pushti Bungalows",
        "locationConfidence": 0.4591508,
        "calibratedProbability": 0.34383863
      }],
      "editConfirmationStatus": "NOT_CONFIRMED",
      "locationConfidence": 68,
      "placeVisitType": "SINGLE_PLACE",
      "placeVisitImportance": "MAIN"
    }
  }, {
    "placeVisit": {
      "location": {
        "latitudeE7": 222843437,
        "longitudeE7": 732407990,
        "placeId": "ChIJ4dDqjnLFXzkRrQSNf5oXAa0",
        "address": "C-1/10, Kubereshwar Marg, Prarthana Tenements, Goverdhan Township, Kendranagar, Vadodara, Gujarat 390025, India",
        "sourceInfo": {
          "deviceTag": 1755654135
        },
        "locationConfidence": 69.40622,
        "calibratedProbability": 46.06364
      },
      "duration": {
        "startTimestamp": "2020-04-26T10:16:00.683Z",
        "endTimestamp": "2020-04-26T12:17:30.513Z"
      },
      "placeConfidence": "HIGH_CONFIDENCE",
      "centerLatE7": 222843897,
      "centerLngE7": 732410508,
      "visitConfidence": 85,
      "otherCandidateLocations": [{
        "latitudeE7": 222840148,
        "longitudeE7": 732408315,
        "placeId": "ChIJ_RqQnHLFXzkRgQkmFsn8wGo",
        "address": "E-64/65, E-64/65, Kubereshwar Marg, Parn Vihar Society, Goverdhan Twp, Kendranagar, Vadodara, Gujarat 390025, India",
        "name": "Parn Vihar Society",
        "locationConfidence": 14.196803,
        "calibratedProbability": 9.422158
      }, {
        "latitudeE7": 222843595,
        "longitudeE7": 732414907,
        "placeId": "ChIJdQgDcG3FXzkRm-VZXoKY94E",
        "address": "C-84 Nilamber Villa, Kubereshwar Marg, Prarthana Tenements, Goverdhan Twp, Kendranagar, Vadodara, Gujarat 390025, India",
        "name": "Nilamber Villa Society",
        "locationConfidence": 8.59571,
        "calibratedProbability": 5.7048154
      }, {
        "latitudeE7": 222836978,
        "longitudeE7": 732394686,
        "placeId": "ChIJBYJk7HLFXzkR0SlVIS_AYL0",
        "address": "Opp. Kubereshwar Mahadev Temple, Nr. Tirthak Tenaments, Dabhoi-, 76MQ+FQH, Waghodia Road, Goverdhan Twp, Kendranagar, Vadodara, Gujarat 390025, India",
        "name": "Krishna Residency",
        "locationConfidence": 1.5291458,
        "calibratedProbability": 1.0148661
      }, {
        "latitudeE7": 222857514,
        "longitudeE7": 732423394,
        "placeId": "ChIJnydPl23FXzkRUzaTyBfrg5M",
        "address": "Radhe Pushti Bunglows near Goverdhan Township Narayan Vidhyalay Road,Dabhoi, 76PR+8W4, Ring Road, Goverdhan Twp, Waghodia, Vadodara, Gujarat 390025, India",
        "name": "Radhe Pushti Bungalows",
        "locationConfidence": 1.392258,
        "calibratedProbability": 0.92401624
      }, {
        "latitudeE7": 222840288,
        "longitudeE7": 732420161,
        "placeId": "ChIJjS-6agfFXzkRO44PI3jJnGg",
        "locationConfidence": 1.2986897,
        "calibratedProbability": 0.8619166
      }, {
        "latitudeE7": 222826842,
        "longitudeE7": 732420573,
        "placeId": "ChIJWwksSm3FXzkRKoyC0BOlbck",
        "address": "A-1, Kubereshwar Marg, Goverdhan Twp, Kendranagar, Vadodara, Gujarat 390025, India",
        "name": "A-01,Shreeji Tirth Duplex-2",
        "locationConfidence": 0.8461521,
        "calibratedProbability": 0.5615757
      }, {
        "latitudeE7": 222854160,
        "longitudeE7": 732395770,
        "placeId": "ChIJESnTY1XFXzkRH-bDkQIfgM8",
        "address": "76PQ+5R3, near Kanha Gold BPS2 school, Prarthana Tenements, Goverdhan Twp, Kendranagar, Vadodara, Gujarat 390025, India",
        "name": "Hari Sai Shharanam",
        "locationConfidence": 0.7577383,
        "calibratedProbability": 0.502897
      }, {
        "latitudeE7": 222834952,
        "longitudeE7": 732395196,
        "placeId": "ChIJTfbtNCXFXzkRlfEDKgTanek",
        "locationConfidence": 0.66564953,
        "calibratedProbability": 0.44177943
      }, {
        "latitudeE7": 222841755,
        "longitudeE7": 732402059,
        "placeId": "ChIJAUpNYwXFXzkRY6XvXalBKNw",
        "address": "E-64/65, Kubereshwar Marg, Parn Vihar Society, Goverdhan Twp, Kendranagar, Vadodara, Gujarat 390025, India",
        "name": "Shree krishna banglows",
        "locationConfidence": 0.55555266,
        "calibratedProbability": 0.36871013
      }],
      "editConfirmationStatus": "NOT_CONFIRMED",
      "locationConfidence": 55,
      "placeVisitType": "SINGLE_PLACE",
      "placeVisitImportance": "MAIN"
    }
  }, {
    "placeVisit": {
      "location": {
        "latitudeE7": 222840148,
        "longitudeE7": 732408315,
        "placeId": "ChIJ_RqQnHLFXzkRgQkmFsn8wGo",
        "address": "E-64/65, E-64/65, Kubereshwar Marg, Parn Vihar Society, Goverdhan Twp, Kendranagar, Vadodara, Gujarat 390025, India",
        "name": "Parn Vihar Society",
        "sourceInfo": {
          "deviceTag": 1755654135
        },
        "locationConfidence": 82.49754,
        "calibratedProbability": 57.526424
      },
      "duration": {
        "startTimestamp": "2020-04-28T03:35:57.738Z",
        "endTimestamp": "2020-04-28T14:46:16.477Z"
      },
      "placeConfidence": "MEDIUM_CONFIDENCE",
      "centerLatE7": 222838925,
      "centerLngE7": 732414575,
      "visitConfidence": 83,
      "otherCandidateLocations": [{
        "latitudeE7": 222843437,
        "longitudeE7": 732407990,
        "placeId": "ChIJ4dDqjnLFXzkRrQSNf5oXAa0",
        "address": "C-1/10, Kubereshwar Marg, Prarthana Tenements, Goverdhan Twp, Kendranagar, Vadodara, Gujarat 390025, India",
        "locationConfidence": 9.505075,
        "calibratedProbability": 6.627991
      }, {
        "latitudeE7": 222843595,
        "longitudeE7": 732414907,
        "placeId": "ChIJdQgDcG3FXzkRm-VZXoKY94E",
        "address": "C-84 Nilamber Villa, Kubereshwar Marg, Prarthana Tenements, Goverdhan Twp, Kendranagar, Vadodara, Gujarat 390025, India",
        "name": "Nilamber Villa Society",
        "locationConfidence": 2.3947759,
        "calibratedProbability": 1.669903
      }, {
        "latitudeE7": 222831583,
        "longitudeE7": 732420856,
        "placeId": "ChIJj56gQ23FXzkRv3cbusWJJoQ",
        "address": "1, Kubereshwar Marg, Goverdhan Twp, Kendranagar, Vadodara, Gujarat 390025, India",
        "name": "Nilamber Bungalows-3",
        "locationConfidence": 1.1810787,
        "calibratedProbability": 0.8235789
      }, {
        "latitudeE7": 222836654,
        "longitudeE7": 732404207,
        "placeId": "ChIJhbPhmXLFXzkRoi_stz9pFkw",
        "address": "Devashish Bunglows Kubereshwar Marg, Dabhoi - Waghodia Ring Rd, Goverdhan Twp, Kendranagar, Vadodara, Gujarat 390025, India",
        "name": "Devashish Bungalows",
        "locationConfidence": 0.76022726,
        "calibratedProbability": 0.53011465
      }, {
        "latitudeE7": 222816217,
        "longitudeE7": 732424053,
        "placeId": "ChIJu8jXzBLFXzkREIarkPEHm34",
        "address": "Darshan Heights 2nd Rd, Jalaram Nagar, Kendranagar, Vadodara, Gujarat 390025, India",
        "name": "Darshan Heights 2 , Sun Classic , Dwarkesh",
        "locationConfidence": 0.60798985,
        "calibratedProbability": 0.42395785
      }, {
        "latitudeE7": 222840288,
        "longitudeE7": 732420161,
        "placeId": "ChIJjS-6agfFXzkRO44PI3jJnGg",
        "locationConfidence": 0.5689654,
        "calibratedProbability": 0.39674568
      }, {
        "latitudeE7": 222819285,
        "longitudeE7": 732418246,
        "placeId": "ChIJGWPCrRLFXzkROVlFuknVRqM",
        "address": "Devam Avenue, Dabhoi - Waghodia Ring Rd, near Tirthak Bunglow, Jalaram Nagar, Kendranagar, Vadodara, Gujarat 390025, India",
        "name": "DEVAM AVENUE CO OPERATIVE HOUSING SERVICES SOCIETY LIMITED",
        "locationConfidence": 0.55734634,
        "calibratedProbability": 0.3886436
      }, {
        "latitudeE7": 222812570,
        "longitudeE7": 732415660,
        "placeId": "ChIJIX_opRLFXzkRFlLbMWT7Rq4",
        "address": "Jalaram Nagar, Kendranagar, Vadodara, Gujarat 390025, India",
        "name": "Wisteria Heights",
        "locationConfidence": 0.5174371,
        "calibratedProbability": 0.36081445
      }, {
        "latitudeE7": 222848095,
        "longitudeE7": 732437531,
        "placeId": "ChIJZXf-A23FXzkRB_AEWXgz9dY",
        "address": "27, Aditya Villa, Goverdhan Twp, Kendranagar, Vadodara, Gujarat 390025, India",
        "name": "Aditya Villa",
        "locationConfidence": 0.51308,
        "calibratedProbability": 0.3577762
      }],
      "editConfirmationStatus": "NOT_CONFIRMED",
      "locationConfidence": 67,
      "placeVisitType": "SINGLE_PLACE",
      "placeVisitImportance": "MAIN"
    }
  }, {
    "placeVisit": {
      "location": {
        "latitudeE7": 222843437,
        "longitudeE7": 732407990,
        "placeId": "ChIJ4dDqjnLFXzkRrQSNf5oXAa0",
        "address": "C-1/10, Kubereshwar Marg, Prarthana Tenements, Goverdhan Township, Kendranagar, Vadodara, Gujarat 390025, India",
        "sourceInfo": {
          "deviceTag": 1755654135
        },
        "locationConfidence": 51.5019,
        "calibratedProbability": 34.20164
      },
      "duration": {
        "startTimestamp": "2020-04-28T14:46:16.477Z",
        "endTimestamp": "2020-04-29T05:32:25.769Z"
      },
      "placeConfidence": "MEDIUM_CONFIDENCE",
      "centerLatE7": 222843201,
      "centerLngE7": 732412058,
      "visitConfidence": 88,
      "otherCandidateLocations": [{
        "latitudeE7": 222843595,
        "longitudeE7": 732414907,
        "placeId": "ChIJdQgDcG3FXzkRm-VZXoKY94E",
        "address": "C-84 Nilamber Villa, Kubereshwar Marg, Prarthana Tenements, Goverdhan Twp, Kendranagar, Vadodara, Gujarat 390025, India",
        "name": "Nilamber Villa Society",
        "locationConfidence": 24.683874,
        "calibratedProbability": 16.39219
      }, {
        "latitudeE7": 222840148,
        "longitudeE7": 732408315,
        "placeId": "ChIJ_RqQnHLFXzkRgQkmFsn8wGo",
        "address": "E-64/65, E-64/65, Kubereshwar Marg, Parn Vihar Society, Goverdhan Twp, Kendranagar, Vadodara, Gujarat 390025, India",
        "name": "Parn Vihar Society",
        "locationConfidence": 15.623982,
        "calibratedProbability": 10.375653
      }, {
        "latitudeE7": 222840288,
        "longitudeE7": 732420161,
        "placeId": "ChIJjS-6agfFXzkRO44PI3jJnGg",
        "locationConfidence": 1.5020459,
        "calibratedProbability": 0.9974862
      }, {
        "latitudeE7": 222836978,
        "longitudeE7": 732394686,
        "placeId": "ChIJBYJk7HLFXzkR0SlVIS_AYL0",
        "address": "Opp. Kubereshwar Mahadev Temple, Nr. Tirthak Tenaments, Dabhoi-, 76MQ+FQH, Waghodia Road, Goverdhan Twp, Kendranagar, Vadodara, Gujarat 390025, India",
        "name": "Krishna Residency",
        "locationConfidence": 1.313892,
        "calibratedProbability": 0.872536
      }, {
        "latitudeE7": 222857514,
        "longitudeE7": 732423394,
        "placeId": "ChIJnydPl23FXzkRUzaTyBfrg5M",
        "address": "Radhe Pushti Bunglows near Goverdhan Township Narayan Vidhyalay Road,Dabhoi, 76PR+8W4, Ring Road, Goverdhan Twp, Waghodia, Vadodara, Gujarat 390025, India",
        "name": "Radhe Pushti Bungalows",
        "locationConfidence": 1.1096356,
        "calibratedProbability": 0.7368924
      }, {
        "latitudeE7": 222826842,
        "longitudeE7": 732420573,
        "placeId": "ChIJWwksSm3FXzkRKoyC0BOlbck",
        "address": "A-1, Kubereshwar Marg, Goverdhan Twp, Kendranagar, Vadodara, Gujarat 390025, India",
        "name": "A-01,Shreeji Tirth Duplex-2",
        "locationConfidence": 1.0993762,
        "calibratedProbability": 0.7300793
      }, {
        "latitudeE7": 222854160,
        "longitudeE7": 732395770,
        "placeId": "ChIJESnTY1XFXzkRH-bDkQIfgM8",
        "address": "76PQ+5R3, near Kanha Gold BPS2 school, Prarthana Tenements, Goverdhan Twp, Kendranagar, Vadodara, Gujarat 390025, India",
        "name": "Hari Sai Shharanam",
        "locationConfidence": 0.8945395,
        "calibratedProbability": 0.5940503
      }, {
        "latitudeE7": 222834952,
        "longitudeE7": 732395196,
        "placeId": "ChIJTfbtNCXFXzkRlfEDKgTanek",
        "locationConfidence": 0.8143088,
        "calibratedProbability": 0.5407703
      }, {
        "latitudeE7": 222840060,
        "longitudeE7": 732426200,
        "placeId": "ChIJS8KsbG3FXzkRf43keDzUzME",
        "address": "BHAGYA LAXMI SOCITY, Kubereshwar Marg, Goverdhan Twp, Waghodia, Vadodara, Gujarat 390019, India",
        "name": "Shree Bungalows",
        "locationConfidence": 0.70721054,
        "calibratedProbability": 0.46964794
      }],
      "editConfirmationStatus": "NOT_CONFIRMED",
      "locationConfidence": 42,
      "placeVisitType": "SINGLE_PLACE",
      "placeVisitImportance": "MAIN"
    }
  }, {
    "placeVisit": {
      "location": {
        "latitudeE7": 222840148,
        "longitudeE7": 732408315,
        "placeId": "ChIJ_RqQnHLFXzkRgQkmFsn8wGo",
        "address": "E-64/65, E-64/65, Kubereshwar Marg, Parn Vihar Society, Goverdhan Twp, Kendranagar, Vadodara, Gujarat 390025, India",
        "name": "Parn Vihar Society",
        "sourceInfo": {
          "deviceTag": 1755654135
        },
        "locationConfidence": 77.49261,
        "calibratedProbability": 57.64784
      },
      "duration": {
        "startTimestamp": "2020-04-29T05:32:25.769Z",
        "endTimestamp": "2020-04-30T07:59:01.092Z"
      },
      "placeConfidence": "MEDIUM_CONFIDENCE",
      "centerLatE7": 222840863,
      "centerLngE7": 732411617,
      "visitConfidence": 87,
      "otherCandidateLocations": [{
        "latitudeE7": 222843437,
        "longitudeE7": 732407990,
        "placeId": "ChIJ4dDqjnLFXzkRrQSNf5oXAa0",
        "address": "C-1/10, Kubereshwar Marg, Prarthana Tenements, Goverdhan Twp, Kendranagar, Vadodara, Gujarat 390025, India",
        "locationConfidence": 14.465545,
        "calibratedProbability": 10.761123
      }, {
        "latitudeE7": 222843595,
        "longitudeE7": 732414907,
        "placeId": "ChIJdQgDcG3FXzkRm-VZXoKY94E",
        "address": "C-84 Nilamber Villa, Kubereshwar Marg, Prarthana Tenements, Goverdhan Twp, Kendranagar, Vadodara, Gujarat 390025, India",
        "name": "Nilamber Villa Society",
        "locationConfidence": 4.212769,
        "calibratedProbability": 3.1339383
      }, {
        "latitudeE7": 222836978,
        "longitudeE7": 732394686,
        "placeId": "ChIJBYJk7HLFXzkR0SlVIS_AYL0",
        "address": "Opp. Kubereshwar Mahadev Temple, Nr. Tirthak Tenaments, Dabhoi-, 76MQ+FQH, Waghodia Road, Goverdhan Twp, Kendranagar, Vadodara, Gujarat 390025, India",
        "name": "Krishna Residency",
        "locationConfidence": 0.6721683,
        "calibratedProbability": 0.50003546
      }, {
        "latitudeE7": 222831583,
        "longitudeE7": 732420856,
        "placeId": "ChIJj56gQ23FXzkRv3cbusWJJoQ",
        "address": "1, Kubereshwar Marg, Goverdhan Twp, Kendranagar, Vadodara, Gujarat 390025, India",
        "name": "Nilamber Bungalows-3",
        "locationConfidence": 0.6548188,
        "calibratedProbability": 0.4871289
      }, {
        "latitudeE7": 222840288,
        "longitudeE7": 732420161,
        "placeId": "ChIJjS-6agfFXzkRO44PI3jJnGg",
        "locationConfidence": 0.51067054,
        "calibratedProbability": 0.379895
      }],
      "editConfirmationStatus": "NOT_CONFIRMED",
      "locationConfidence": 62,
      "placeVisitType": "SINGLE_PLACE",
      "placeVisitImportance": "MAIN"
    }
  }, {
    "placeVisit": {
      "location": {
        "latitudeE7": 222843437,
        "longitudeE7": 732407990,
        "placeId": "ChIJ4dDqjnLFXzkRrQSNf5oXAa0",
        "address": "C-1/10, Kubereshwar Marg, Prarthana Tenements, Goverdhan Township, Kendranagar, Vadodara, Gujarat 390025, India",
        "sourceInfo": {
          "deviceTag": 1755654135
        },
        "locationConfidence": 49.394543,
        "calibratedProbability": 30.20071
      },
      "duration": {
        "startTimestamp": "2020-04-30T07:59:01.092Z",
        "endTimestamp": "2020-04-30T19:12:07.474Z"
      },
      "placeConfidence": "MEDIUM_CONFIDENCE",
      "centerLatE7": 222844049,
      "centerLngE7": 732412025,
      "visitConfidence": 85,
      "otherCandidateLocations": [{
        "latitudeE7": 222840148,
        "longitudeE7": 732408315,
        "placeId": "ChIJ_RqQnHLFXzkRgQkmFsn8wGo",
        "address": "E-64/65, E-64/65, Kubereshwar Marg, Parn Vihar Society, Goverdhan Twp, Kendranagar, Vadodara, Gujarat 390025, India",
        "name": "Parn Vihar Society",
        "locationConfidence": 24.885607,
        "calibratedProbability": 15.2155075
      }, {
        "latitudeE7": 222843595,
        "longitudeE7": 732414907,
        "placeId": "ChIJdQgDcG3FXzkRm-VZXoKY94E",
        "address": "C-84 Nilamber Villa, Kubereshwar Marg, Prarthana Tenements, Goverdhan Twp, Kendranagar, Vadodara, Gujarat 390025, India",
        "name": "Nilamber Villa Society",
        "locationConfidence": 16.76151,
        "calibratedProbability": 10.248289
      }, {
        "latitudeE7": 222857514,
        "longitudeE7": 732423394,
        "placeId": "ChIJnydPl23FXzkRUzaTyBfrg5M",
        "address": "Radhe Pushti Bunglows near Goverdhan Township Narayan Vidhyalay Road,Dabhoi, 76PR+8W4, Ring Road, Goverdhan Twp, Waghodia, Vadodara, Gujarat 390025, India",
        "name": "Radhe Pushti Bungalows",
        "locationConfidence": 1.5977823,
        "calibratedProbability": 0.9769128
      }, {
        "latitudeE7": 222840288,
        "longitudeE7": 732420161,
        "placeId": "ChIJjS-6agfFXzkRO44PI3jJnGg",
        "locationConfidence": 1.5880591,
        "calibratedProbability": 0.9709678
      }, {
        "latitudeE7": 222836978,
        "longitudeE7": 732394686,
        "placeId": "ChIJBYJk7HLFXzkR0SlVIS_AYL0",
        "address": "Opp. Kubereshwar Mahadev Temple, Nr. Tirthak Tenaments, Dabhoi-, 76MQ+FQH, Waghodia Road, Goverdhan Twp, Kendranagar, Vadodara, Gujarat 390025, India",
        "name": "Krishna Residency",
        "locationConfidence": 1.4915675,
        "calibratedProbability": 0.91197115
      }, {
        "latitudeE7": 222826842,
        "longitudeE7": 732420573,
        "placeId": "ChIJWwksSm3FXzkRKoyC0BOlbck",
        "address": "A-1, Kubereshwar Marg, Goverdhan Twp, Kendranagar, Vadodara, Gujarat 390025, India",
        "name": "A-01,Shreeji Tirth Duplex-2",
        "locationConfidence": 1.0124036,
        "calibratedProbability": 0.61900175
      }, {
        "latitudeE7": 222854160,
        "longitudeE7": 732395770,
        "placeId": "ChIJESnTY1XFXzkRH-bDkQIfgM8",
        "address": "76PQ+5R3, near Kanha Gold BPS2 school, Prarthana Tenements, Goverdhan Twp, Kendranagar, Vadodara, Gujarat 390025, India",
        "name": "Hari Sai Shharanam",
        "locationConfidence": 0.9017127,
        "calibratedProbability": 0.55132335
      }, {
        "latitudeE7": 222834952,
        "longitudeE7": 732395196,
        "placeId": "ChIJTfbtNCXFXzkRlfEDKgTanek",
        "locationConfidence": 0.8088464,
        "calibratedProbability": 0.49454322
      }, {
        "latitudeE7": 222840060,
        "longitudeE7": 732426200,
        "placeId": "ChIJS8KsbG3FXzkRf43keDzUzME",
        "address": "BHAGYA LAXMI SOCITY, Kubereshwar Marg, Goverdhan Twp, Waghodia, Vadodara, Gujarat 390019, India",
        "name": "Shree Bungalows",
        "locationConfidence": 0.73534083,
        "calibratedProbability": 0.4496006
      }],
      "editConfirmationStatus": "NOT_CONFIRMED",
      "locationConfidence": 40,
      "placeVisitType": "SINGLE_PLACE",
      "placeVisitImportance": "MAIN"
    }
  }, {
    "placeVisit": {
      "location": {
        "latitudeE7": 222840148,
        "longitudeE7": 732408315,
        "placeId": "ChIJ_RqQnHLFXzkRgQkmFsn8wGo",
        "address": "E-64/65, E-64/65, Kubereshwar Marg, Parn Vihar Society, Goverdhan Twp, Kendranagar, Vadodara, Gujarat 390025, India",
        "name": "Parn Vihar Society",
        "sourceInfo": {
          "deviceTag": 1755654135
        },
        "locationConfidence": 71.41587,
        "calibratedProbability": 51.836346
      },
      "duration": {
        "startTimestamp": "2020-04-30T19:12:07.474Z",
        "endTimestamp": "2020-05-01T11:12:52.730Z"
      },
      "placeConfidence": "MEDIUM_CONFIDENCE",
      "centerLatE7": 222843019,
      "centerLngE7": 732411814,
      "visitConfidence": 88,
      "otherCandidateLocations": [{
        "latitudeE7": 222843437,
        "longitudeE7": 732407990,
        "placeId": "ChIJ4dDqjnLFXzkRrQSNf5oXAa0",
        "address": "C-1/10, Kubereshwar Marg, Prarthana Tenements, Goverdhan Twp, Kendranagar, Vadodara, Gujarat 390025, India",
        "locationConfidence": 16.668716,
        "calibratedProbability": 12.098786
      }, {
        "latitudeE7": 222843595,
        "longitudeE7": 732414907,
        "placeId": "ChIJdQgDcG3FXzkRm-VZXoKY94E",
        "address": "C-84 Nilamber Villa, Kubereshwar Marg, Prarthana Tenements, Goverdhan Twp, Kendranagar, Vadodara, Gujarat 390025, India",
        "name": "Nilamber Villa Society",
        "locationConfidence": 8.108247,
        "calibratedProbability": 5.885273
      }, {
        "latitudeE7": 222840288,
        "longitudeE7": 732420161,
        "placeId": "ChIJjS-6agfFXzkRO44PI3jJnGg",
        "locationConfidence": 0.7666169,
        "calibratedProbability": 0.5564396
      }, {
        "latitudeE7": 222836978,
        "longitudeE7": 732394686,
        "placeId": "ChIJBYJk7HLFXzkR0SlVIS_AYL0",
        "address": "Opp. Kubereshwar Mahadev Temple, Nr. Tirthak Tenaments, Dabhoi-, 76MQ+FQH, Waghodia Road, Goverdhan Twp, Kendranagar, Vadodara, Gujarat 390025, India",
        "name": "Krishna Residency",
        "locationConfidence": 0.6998463,
        "calibratedProbability": 0.507975
      }, {
        "latitudeE7": 222857514,
        "longitudeE7": 732423394,
        "placeId": "ChIJnydPl23FXzkRUzaTyBfrg5M",
        "address": "Radhe Pushti Bunglows near Goverdhan Township Narayan Vidhyalay Road,Dabhoi, 76PR+8W4, Ring Road, Goverdhan Twp, Waghodia, Vadodara, Gujarat 390025, India",
        "name": "Radhe Pushti Bungalows",
        "locationConfidence": 0.46737716,
        "calibratedProbability": 0.33924004
      }],
      "editConfirmationStatus": "NOT_CONFIRMED",
      "locationConfidence": 57,
      "placeVisitType": "SINGLE_PLACE",
      "placeVisitImportance": "MAIN"
    }
  }]
}