{
  "timelineObjects": [{
    "placeVisit": {
      "location": {
        "latitudeE7": 222843437,
        "longitudeE7": 732407990,
        "placeId": "ChIJ4dDqjnLFXzkRrQSNf5oXAa0",
        "address": "C-1/10, Kubereshwar Marg, Prarthana Tenements, Goverdhan Township, Kendranagar, Vadodara, Gujarat 390025, India",
        "sourceInfo": {
          "deviceTag": 1755654135
        },
        "locationConfidence": 62.319374,
        "calibratedProbability": 46.20786
      },
      "duration": {
        "startTimestamp": "2020-05-01T11:12:52.730Z",
        "endTimestamp": "2020-05-03T03:14:15.423Z"
      },
      "placeConfidence": "HIGH_CONFIDENCE",
      "centerLatE7": 222842881,
      "centerLngE7": 732409822,
      "visitConfidence": 90,
      "otherCandidateLocations": [{
        "latitudeE7": 222840148,
        "longitudeE7": 732408315,
        "placeId": "ChIJ_RqQnHLFXzkRgQkmFsn8wGo",
        "address": "E-64/65, E-64/65, Kubereshwar Marg, Parn Vihar Society, Goverdhan Twp, Kendranagar, Vadodara, Gujarat 390025, India",
        "name": "Parn Vihar Society",
        "locationConfidence": 22.229149,
        "calibratedProbability": 16.482216
      }, {
        "latitudeE7": 222843595,
        "longitudeE7": 732414907,
        "placeId": "ChIJdQgDcG3FXzkRm-VZXoKY94E",
        "address": "C-84 Nilamber Villa, Kubereshwar Marg, Prarthana Tenements, Goverdhan Twp, Kendranagar, Vadodara, Gujarat 390025, India",
        "name": "Nilamber Villa Society",
        "locationConfidence": 8.22725,
        "calibratedProbability": 6.100248
      }, {
        "latitudeE7": 222836978,
        "longitudeE7": 732394686,
        "placeId": "ChIJBYJk7HLFXzkR0SlVIS_AYL0",
        "address": "Opp. Kubereshwar Mahadev Temple, Nr. Tirthak Tenaments, Dabhoi-, 76MQ+FQH, Waghodia Road, Goverdhan Twp, Kendranagar, Vadodara, Gujarat 390025, India",
        "name": "Krishna Residency",
        "locationConfidence": 1.3975384,
        "calibratedProbability": 1.0362309
      }, {
        "latitudeE7": 222840288,
        "longitudeE7": 732420161,
        "placeId": "ChIJjS-6agfFXzkRO44PI3jJnGg",
        "locationConfidence": 1.305345,
        "calibratedProbability": 0.9678724
      }, {
        "latitudeE7": 222857514,
        "longitudeE7": 732423394,
        "placeId": "ChIJnydPl23FXzkRUzaTyBfrg5M",
        "address": "Radhe Pushti Bunglows near Goverdhan Township Narayan Vidhyalay Road,Dabhoi, 76PR+8W4, Ring Road, Goverdhan Twp, Waghodia, Vadodara, Gujarat 390025, India",
        "name": "Radhe Pushti Bungalows",
        "locationConfidence": 1.0441506,
        "calibratedProbability": 0.7742049
      }, {
        "latitudeE7": 222826842,
        "longitudeE7": 732420573,
        "placeId": "ChIJWwksSm3FXzkRKoyC0BOlbck",
        "address": "A-1, Kubereshwar Marg, Goverdhan Twp, Kendranagar, Vadodara, Gujarat 390025, India",
        "name": "A-01,Shreeji Tirth Duplex-2",
        "locationConfidence": 0.85276455,
        "calibratedProbability": 0.6322982
      }, {
        "latitudeE7": 222854160,
        "longitudeE7": 732395770,
        "placeId": "ChIJESnTY1XFXzkRH-bDkQIfgM8",
        "address": "76PQ+5R3, near Kanha Gold BPS2 school, Prarthana Tenements, Goverdhan Twp, Kendranagar, Vadodara, Gujarat 390025, India",
        "name": "Hari Sai Shharanam",
        "locationConfidence": 0.7489632,
        "calibratedProbability": 0.55533266
      }, {
        "latitudeE7": 222834952,
        "longitudeE7": 732395196,
        "placeId": "ChIJTfbtNCXFXzkRlfEDKgTanek",
        "locationConfidence": 0.713043,
        "calibratedProbability": 0.528699
      }, {
        "latitudeE7": 222841755,
        "longitudeE7": 732402059,
        "placeId": "ChIJAUpNYwXFXzkRY6XvXalBKNw",
        "address": "E-64/65, Kubereshwar Marg, Parn Vihar Society, Goverdhan Twp, Kendranagar, Vadodara, Gujarat 390025, India",
        "name": "Shree krishna banglows",
        "locationConfidence": 0.5560487,
        "calibratedProbability": 0.41229266
      }],
      "editConfirmationStatus": "NOT_CONFIRMED",
      "locationConfidence": 50,
      "placeVisitType": "SINGLE_PLACE",
      "placeVisitImportance": "MAIN"
    }
  }, {
    "placeVisit": {
      "location": {
        "latitudeE7": 222840148,
        "longitudeE7": 732408315,
        "placeId": "ChIJ_RqQnHLFXzkRgQkmFsn8wGo",
        "address": "E-64/65, E-64/65, Kubereshwar Marg, Parn Vihar Society, Goverdhan Twp, Kendranagar, Vadodara, Gujarat 390025, India",
        "name": "Parn Vihar Society",
        "sourceInfo": {
          "deviceTag": 1755654135
        },
        "locationConfidence": 90.01938,
        "calibratedProbability": 68.3938
      },
      "duration": {
        "startTimestamp": "2020-05-03T03:14:15.423Z",
        "endTimestamp": "2020-05-10T15:07:46.456Z"
      },
      "placeConfidence": "MEDIUM_CONFIDENCE",
      "centerLatE7": 222840090,
      "centerLngE7": 732412429,
      "visitConfidence": 84,
      "otherCandidateLocations": [{
        "latitudeE7": 222843437,
        "longitudeE7": 732407990,
        "placeId": "ChIJ4dDqjnLFXzkRrQSNf5oXAa0",
        "address": "C-1/10, Kubereshwar Marg, Prarthana Tenements, Goverdhan Twp, Kendranagar, Vadodara, Gujarat 390025, India",
        "locationConfidence": 5.5618587,
        "calibratedProbability": 4.22572
      }, {
        "latitudeE7": 222843595,
        "longitudeE7": 732414907,
        "placeId": "ChIJdQgDcG3FXzkRm-VZXoKY94E",
        "address": "C-84 Nilamber Villa, Kubereshwar Marg, Prarthana Tenements, Goverdhan Twp, Kendranagar, Vadodara, Gujarat 390025, India",
        "name": "Nilamber Villa Society",
        "locationConfidence": 2.446103,
        "calibratedProbability": 1.8584698
      }, {
        "latitudeE7": 222831583,
        "longitudeE7": 732420856,
        "placeId": "ChIJj56gQ23FXzkRv3cbusWJJoQ",
        "address": "1, Kubereshwar Marg, Goverdhan Twp, Kendranagar, Vadodara, Gujarat 390025, India",
        "name": "Nilamber Bungalows-3",
        "locationConfidence": 0.3472566,
        "calibratedProbability": 0.2638343
      }, {
        "latitudeE7": 222836978,
        "longitudeE7": 732394686,
        "placeId": "ChIJBYJk7HLFXzkR0SlVIS_AYL0",
        "address": "Opp. Kubereshwar Mahadev Temple, Nr. Tirthak Tenaments, Dabhoi-, 76MQ+FQH, Waghodia Road, Goverdhan Twp, Kendranagar, Vadodara, Gujarat 390025, India",
        "name": "Krishna Residency",
        "locationConfidence": 0.34420446,
        "calibratedProbability": 0.26151538
      }],
      "editConfirmationStatus": "NOT_CONFIRMED",
      "locationConfidence": 75,
      "placeVisitType": "SINGLE_PLACE",
      "placeVisitImportance": "MAIN"
    }
  }, {
    "placeVisit": {
      "location": {
        "latitudeE7": 222843437,
        "longitudeE7": 732407990,
        "placeId": "ChIJ4dDqjnLFXzkRrQSNf5oXAa0",
        "address": "C-1/10, Kubereshwar Marg, Prarthana Tenements, Goverdhan Township, Kendranagar, Vadodara, Gujarat 390025, India",
        "sourceInfo": {
          "deviceTag": 1755654135
        },
        "locationConfidence": 39.963013,
        "calibratedProbability": 28.091906
      },
      "duration": {
        "startTimestamp": "2020-05-10T15:07:46.456Z",
        "endTimestamp": "2020-05-11T06:57:00.390Z"
      },
      "placeConfidence": "MEDIUM_CONFIDENCE",
      "centerLatE7": 222843022,
      "centerLngE7": 732410213,
      "visitConfidence": 91,
      "otherCandidateLocations": [{
        "latitudeE7": 222840148,
        "longitudeE7": 732408315,
        "placeId": "ChIJ_RqQnHLFXzkRgQkmFsn8wGo",
        "address": "E-64/65, E-64/65, Kubereshwar Marg, Parn Vihar Society, Goverdhan Twp, Kendranagar, Vadodara, Gujarat 390025, India",
        "name": "Parn Vihar Society",
        "locationConfidence": 38.411427,
        "calibratedProbability": 27.00122
      }, {
        "latitudeE7": 222843595,
        "longitudeE7": 732414907,
        "placeId": "ChIJdQgDcG3FXzkRm-VZXoKY94E",
        "address": "C-84 Nilamber Villa, Kubereshwar Marg, Prarthana Tenements, Goverdhan Twp, Kendranagar, Vadodara, Gujarat 390025, India",
        "name": "Nilamber Villa Society",
        "locationConfidence": 8.894246,
        "calibratedProbability": 6.252189
      }, {
        "latitudeE7": 222863541,
        "longitudeE7": 732394943,
        "placeId": "ChIJOZfjAnTFXzkR-3HuIoecXOo",
        "address": "17, Waghodia - Dabhoi Ring Rd, Prarthana Tenements, Goverdhan Twp, Kendranagar, Vadodara, Gujarat 390025, India",
        "locationConfidence": 2.5001726,
        "calibratedProbability": 1.7574904
      }, {
        "latitudeE7": 222836978,
        "longitudeE7": 732394686,
        "placeId": "ChIJBYJk7HLFXzkR0SlVIS_AYL0",
        "address": "Opp. Kubereshwar Mahadev Temple, Nr. Tirthak Tenaments, Dabhoi-, 76MQ+FQH, Waghodia Road, Goverdhan Twp, Kendranagar, Vadodara, Gujarat 390025, India",
        "name": "Krishna Residency",
        "locationConfidence": 2.3754637,
        "calibratedProbability": 1.6698265
      }, {
        "latitudeE7": 222840288,
        "longitudeE7": 732420161,
        "placeId": "ChIJjS-6agfFXzkRO44PI3jJnGg",
        "locationConfidence": 2.0875087,
        "calibratedProbability": 1.4674093
      }, {
        "latitudeE7": 222826842,
        "longitudeE7": 732420573,
        "placeId": "ChIJWwksSm3FXzkRKoyC0BOlbck",
        "address": "A-1, Kubereshwar Marg, Goverdhan Twp, Kendranagar, Vadodara, Gujarat 390025, India",
        "name": "A-01,Shreeji Tirth Duplex-2",
        "locationConfidence": 1.5982604,
        "calibratedProbability": 1.1234933
      }, {
        "latitudeE7": 222854160,
        "longitudeE7": 732395770,
        "placeId": "ChIJESnTY1XFXzkRH-bDkQIfgM8",
        "address": "76PQ+5R3, near Kanha Gold BPS2 school, Prarthana Tenements, Goverdhan Twp, Kendranagar, Vadodara, Gujarat 390025, India",
        "name": "Hari Sai Shharanam",
        "locationConfidence": 1.384677,
        "calibratedProbability": 0.9733554
      }, {
        "latitudeE7": 222834952,
        "longitudeE7": 732395196,
        "placeId": "ChIJTfbtNCXFXzkRlfEDKgTanek",
        "locationConfidence": 1.2634819,
        "calibratedProbability": 0.88816154
      }, {
        "latitudeE7": 222841755,
        "longitudeE7": 732402059,
        "placeId": "ChIJAUpNYwXFXzkRY6XvXalBKNw",
        "address": "E-64/65, Kubereshwar Marg, Parn Vihar Society, Goverdhan Twp, Kendranagar, Vadodara, Gujarat 390025, India",
        "name": "Shree krishna banglows",
        "locationConfidence": 0.77519643,
        "calibratedProbability": 0.5449225
      }],
      "editConfirmationStatus": "NOT_CONFIRMED",
      "locationConfidence": 32,
      "placeVisitType": "SINGLE_PLACE",
      "placeVisitImportance": "MAIN"
    }
  }, {
    "placeVisit": {
      "location": {
        "latitudeE7": 222840148,
        "longitudeE7": 732408315,
        "placeId": "ChIJ_RqQnHLFXzkRgQkmFsn8wGo",
        "address": "E-64/65, E-64/65, Kubereshwar Marg, Parn Vihar Society, Goverdhan Twp, Kendranagar, Vadodara, Gujarat 390025, India",
        "name": "Parn Vihar Society",
        "sourceInfo": {
          "deviceTag": 1755654135
        },
        "locationConfidence": 88.610275,
        "calibratedProbability": 72.214554
      },
      "duration": {
        "startTimestamp": "2020-05-11T06:57:00.390Z",
        "endTimestamp": "2020-05-14T03:15:50.980Z"
      },
      "placeConfidence": "MEDIUM_CONFIDENCE",
      "centerLatE7": 222841117,
      "centerLngE7": 732410816,
      "visitConfidence": 90,
      "otherCandidateLocations": [{
        "latitudeE7": 222843437,
        "longitudeE7": 732407990,
        "placeId": "ChIJ4dDqjnLFXzkRrQSNf5oXAa0",
        "address": "C-1/10, Kubereshwar Marg, Prarthana Tenements, Goverdhan Twp, Kendranagar, Vadodara, Gujarat 390025, India",
        "locationConfidence": 6.340741,
        "calibratedProbability": 5.167502
      }, {
        "latitudeE7": 222843595,
        "longitudeE7": 732414907,
        "placeId": "ChIJdQgDcG3FXzkRm-VZXoKY94E",
        "address": "C-84 Nilamber Villa, Kubereshwar Marg, Prarthana Tenements, Goverdhan Twp, Kendranagar, Vadodara, Gujarat 390025, India",
        "name": "Nilamber Villa Society",
        "locationConfidence": 2.6853726,
        "calibratedProbability": 2.1884933
      }, {
        "latitudeE7": 222863541,
        "longitudeE7": 732394943,
        "placeId": "ChIJOZfjAnTFXzkR-3HuIoecXOo",
        "address": "17, Waghodia - Dabhoi Ring Rd, Prarthana Tenements, Goverdhan Twp, Kendranagar, Vadodara, Gujarat 390025, India",
        "locationConfidence": 0.4560851,
        "calibratedProbability": 0.37169483
      }, {
        "latitudeE7": 222836978,
        "longitudeE7": 732394686,
        "placeId": "ChIJBYJk7HLFXzkR0SlVIS_AYL0",
        "address": "Opp. Kubereshwar Mahadev Temple, Nr. Tirthak Tenaments, Dabhoi-, 76MQ+FQH, Waghodia Road, Goverdhan Twp, Kendranagar, Vadodara, Gujarat 390025, India",
        "name": "Krishna Residency",
        "locationConfidence": 0.3801331,
        "calibratedProbability": 0.30979636
      }],
      "editConfirmationStatus": "NOT_CONFIRMED",
      "locationConfidence": 73,
      "placeVisitType": "SINGLE_PLACE",
      "placeVisitImportance": "MAIN"
    }
  }, {
    "placeVisit": {
      "location": {
        "latitudeE7": 222843437,
        "longitudeE7": 732407990,
        "placeId": "ChIJ4dDqjnLFXzkRrQSNf5oXAa0",
        "address": "C-1/10, Kubereshwar Marg, Prarthana Tenements, Goverdhan Township, Kendranagar, Vadodara, Gujarat 390025, India",
        "sourceInfo": {
          "deviceTag": 1755654135
        },
        "locationConfidence": 40.893787,
        "calibratedProbability": 26.353315
      },
      "duration": {
        "startTimestamp": "2020-05-14T03:15:50.980Z",
        "endTimestamp": "2020-05-14T07:56:06.202Z"
      },
      "placeConfidence": "MEDIUM_CONFIDENCE",
      "centerLatE7": 222841487,
      "centerLngE7": 732412367,
      "visitConfidence": 88,
      "otherCandidateLocations": [{
        "latitudeE7": 222840148,
        "longitudeE7": 732408315,
        "placeId": "ChIJ_RqQnHLFXzkRgQkmFsn8wGo",
        "address": "E-64/65, E-64/65, Kubereshwar Marg, Parn Vihar Society, Goverdhan Twp, Kendranagar, Vadodara, Gujarat 390025, India",
        "name": "Parn Vihar Society",
        "locationConfidence": 26.900314,
        "calibratedProbability": 17.335457
      }, {
        "latitudeE7": 222843595,
        "longitudeE7": 732414907,
        "placeId": "ChIJdQgDcG3FXzkRm-VZXoKY94E",
        "address": "C-84 Nilamber Villa, Kubereshwar Marg, Prarthana Tenements, Goverdhan Twp, Kendranagar, Vadodara, Gujarat 390025, India",
        "name": "Nilamber Villa Society",
        "locationConfidence": 18.745739,
        "calibratedProbability": 12.080377
      }, {
        "latitudeE7": 222863541,
        "longitudeE7": 732394943,
        "placeId": "ChIJOZfjAnTFXzkR-3HuIoecXOo",
        "address": "17, Waghodia - Dabhoi Ring Rd, Prarthana Tenements, Goverdhan Twp, Kendranagar, Vadodara, Gujarat 390025, India",
        "locationConfidence": 2.820537,
        "calibratedProbability": 1.8176478
      }, {
        "latitudeE7": 222840288,
        "longitudeE7": 732420161,
        "placeId": "ChIJjS-6agfFXzkRO44PI3jJnGg",
        "locationConfidence": 2.121665,
        "calibratedProbability": 1.3672714
      }, {
        "latitudeE7": 222836978,
        "longitudeE7": 732394686,
        "placeId": "ChIJBYJk7HLFXzkR0SlVIS_AYL0",
        "address": "Opp. Kubereshwar Mahadev Temple, Nr. Tirthak Tenaments, Dabhoi-, 76MQ+FQH, Waghodia Road, Goverdhan Twp, Kendranagar, Vadodara, Gujarat 390025, India",
        "name": "Krishna Residency",
        "locationConfidence": 2.0654292,
        "calibratedProbability": 1.3310312
      }, {
        "latitudeE7": 222857514,
        "longitudeE7": 732423394,
        "placeId": "ChIJnydPl23FXzkRUzaTyBfrg5M",
        "address": "Radhe Pushti Bunglows near Goverdhan Township Narayan Vidhyalay Road,Dabhoi, 76PR+8W4, Ring Road, Goverdhan Twp, Waghodia, Vadodara, Gujarat 390025, India",
        "name": "Radhe Pushti Bungalows",
        "locationConfidence": 1.8445576,
        "calibratedProbability": 1.1886942
      }, {
        "latitudeE7": 222826842,
        "longitudeE7": 732420573,
        "placeId": "ChIJWwksSm3FXzkRKoyC0BOlbck",
        "address": "A-1, Kubereshwar Marg, Goverdhan Twp, Kendranagar, Vadodara, Gujarat 390025, India",
        "name": "A-01,Shreeji Tirth Duplex-2",
        "locationConfidence": 1.3838391,
        "calibratedProbability": 0.8917919
      }, {
        "latitudeE7": 222854160,
        "longitudeE7": 732395770,
        "placeId": "ChIJESnTY1XFXzkRH-bDkQIfgM8",
        "address": "76PQ+5R3, near Kanha Gold BPS2 school, Prarthana Tenements, Goverdhan Twp, Kendranagar, Vadodara, Gujarat 390025, India",
        "name": "Hari Sai Shharanam",
        "locationConfidence": 1.1437478,
        "calibratedProbability": 0.7370691
      }, {
        "latitudeE7": 222834952,
        "longitudeE7": 732395196,
        "placeId": "ChIJTfbtNCXFXzkRlfEDKgTanek",
        "locationConfidence": 1.0574503,
        "calibratedProbability": 0.6814561
      }],
      "editConfirmationStatus": "NOT_CONFIRMED",
      "locationConfidence": 33,
      "placeVisitType": "SINGLE_PLACE",
      "placeVisitImportance": "MAIN"
    }
  }, {
    "placeVisit": {
      "location": {
        "latitudeE7": 222840148,
        "longitudeE7": 732408315,
        "placeId": "ChIJ_RqQnHLFXzkRgQkmFsn8wGo",
        "address": "E-64/65, E-64/65, Kubereshwar Marg, Parn Vihar Society, Goverdhan Twp, Kendranagar, Vadodara, Gujarat 390025, India",
        "name": "Parn Vihar Society",
        "sourceInfo": {
          "deviceTag": 1755654135
        },
        "locationConfidence": 75.9888,
        "calibratedProbability": 54.74202
      },
      "duration": {
        "startTimestamp": "2020-05-14T07:56:06.202Z",
        "endTimestamp": "2020-05-16T13:23:34.223Z"
      },
      "placeConfidence": "MEDIUM_CONFIDENCE",
      "centerLatE7": 222840990,
      "centerLngE7": 732410877,
      "visitConfidence": 87,
      "otherCandidateLocations": [{
        "latitudeE7": 222843437,
        "longitudeE7": 732407990,
        "placeId": "ChIJ4dDqjnLFXzkRrQSNf5oXAa0",
        "address": "C-1/10, Kubereshwar Marg, Prarthana Tenements, Goverdhan Twp, Kendranagar, Vadodara, Gujarat 390025, India",
        "locationConfidence": 12.905475,
        "calibratedProbability": 9.297051
      }, {
        "latitudeE7": 222843595,
        "longitudeE7": 732414907,
        "placeId": "ChIJdQgDcG3FXzkRm-VZXoKY94E",
        "address": "C-84 Nilamber Villa, Kubereshwar Marg, Prarthana Tenements, Goverdhan Twp, Kendranagar, Vadodara, Gujarat 390025, India",
        "name": "Nilamber Villa Society",
        "locationConfidence": 5.565318,
        "calibratedProbability": 4.0092325
      }, {
        "latitudeE7": 222863541,
        "longitudeE7": 732394943,
        "placeId": "ChIJOZfjAnTFXzkR-3HuIoecXOo",
        "address": "17, Waghodia - Dabhoi Ring Rd, Prarthana Tenements, Goverdhan Twp, Kendranagar, Vadodara, Gujarat 390025, India",
        "locationConfidence": 1.005972,
        "calibratedProbability": 0.7246982
      }, {
        "latitudeE7": 222840288,
        "longitudeE7": 732420161,
        "placeId": "ChIJjS-6agfFXzkRO44PI3jJnGg",
        "locationConfidence": 0.9017995,
        "calibratedProbability": 0.6496527
      }, {
        "latitudeE7": 222836978,
        "longitudeE7": 732394686,
        "placeId": "ChIJBYJk7HLFXzkR0SlVIS_AYL0",
        "address": "Opp. Kubereshwar Mahadev Temple, Nr. Tirthak Tenaments, Dabhoi-, 76MQ+FQH, Waghodia Road, Goverdhan Twp, Kendranagar, Vadodara, Gujarat 390025, India",
        "name": "Krishna Residency",
        "locationConfidence": 0.84426636,
        "calibratedProbability": 0.60820603
      }, {
        "latitudeE7": 222857514,
        "longitudeE7": 732423394,
        "placeId": "ChIJnydPl23FXzkRUzaTyBfrg5M",
        "address": "Radhe Pushti Bunglows near Goverdhan Township Narayan Vidhyalay Road,Dabhoi, 76PR+8W4, Ring Road, Goverdhan Twp, Waghodia, Vadodara, Gujarat 390025, India",
        "name": "Radhe Pushti Bungalows",
        "locationConfidence": 0.6874023,
        "calibratedProbability": 0.49520183
      }, {
        "latitudeE7": 222826842,
        "longitudeE7": 732420573,
        "placeId": "ChIJWwksSm3FXzkRKoyC0BOlbck",
        "address": "A-1, Kubereshwar Marg, Goverdhan Twp, Kendranagar, Vadodara, Gujarat 390025, India",
        "name": "A-01,Shreeji Tirth Duplex-2",
        "locationConfidence": 0.6236425,
        "calibratedProbability": 0.44926953
      }, {
        "latitudeE7": 222854160,
        "longitudeE7": 732395770,
        "placeId": "ChIJESnTY1XFXzkRH-bDkQIfgM8",
        "address": "76PQ+5R3, near Kanha Gold BPS2 school, Prarthana Tenements, Goverdhan Twp, Kendranagar, Vadodara, Gujarat 390025, India",
        "name": "Hari Sai Shharanam",
        "locationConfidence": 0.505521,
        "calibratedProbability": 0.3641753
      }, {
        "latitudeE7": 222834952,
        "longitudeE7": 732395196,
        "placeId": "ChIJTfbtNCXFXzkRlfEDKgTanek",
        "locationConfidence": 0.50117487,
        "calibratedProbability": 0.36104435
      }],
      "editConfirmationStatus": "NOT_CONFIRMED",
      "locationConfidence": 61,
      "placeVisitType": "SINGLE_PLACE",
      "placeVisitImportance": "MAIN"
    }
  }, {
    "placeVisit": {
      "location": {
        "latitudeE7": 222843437,
        "longitudeE7": 732407990,
        "placeId": "ChIJ4dDqjnLFXzkRrQSNf5oXAa0",
        "address": "C-1/10, Kubereshwar Marg, Prarthana Tenements, Goverdhan Township, Kendranagar, Vadodara, Gujarat 390025, India",
        "sourceInfo": {
          "deviceTag": 1755654135
        },
        "locationConfidence": 55.20149,
        "calibratedProbability": 37.858578
      },
      "duration": {
        "startTimestamp": "2020-05-16T13:23:34.223Z",
        "endTimestamp": "2020-05-17T04:42:09.373Z"
      },
      "placeConfidence": "MEDIUM_CONFIDENCE",
      "centerLatE7": 222842130,
      "centerLngE7": 732410476,
      "visitConfidence": 88,
      "otherCandidateLocations": [{
        "latitudeE7": 222840148,
        "longitudeE7": 732408315,
        "placeId": "ChIJ_RqQnHLFXzkRgQkmFsn8wGo",
        "address": "E-64/65, E-64/65, Kubereshwar Marg, Parn Vihar Society, Goverdhan Twp, Kendranagar, Vadodara, Gujarat 390025, India",
        "name": "Parn Vihar Society",
        "locationConfidence": 18.602833,
        "calibratedProbability": 12.758294
      }, {
        "latitudeE7": 222843595,
        "longitudeE7": 732414907,
        "placeId": "ChIJdQgDcG3FXzkRm-VZXoKY94E",
        "address": "C-84 Nilamber Villa, Kubereshwar Marg, Prarthana Tenements, Goverdhan Twp, Kendranagar, Vadodara, Gujarat 390025, India",
        "name": "Nilamber Villa Society",
        "locationConfidence": 12.4373,
        "calibratedProbability": 8.529815
      }, {
        "latitudeE7": 222863541,
        "longitudeE7": 732394943,
        "placeId": "ChIJOZfjAnTFXzkR-3HuIoecXOo",
        "address": "17, Waghodia - Dabhoi Ring Rd, Prarthana Tenements, Goverdhan Twp, Kendranagar, Vadodara, Gujarat 390025, India",
        "locationConfidence": 2.838396,
        "calibratedProbability": 1.946644
      }, {
        "latitudeE7": 222836978,
        "longitudeE7": 732394686,
        "placeId": "ChIJBYJk7HLFXzkR0SlVIS_AYL0",
        "address": "Opp. Kubereshwar Mahadev Temple, Nr. Tirthak Tenaments, Dabhoi-, 76MQ+FQH, Waghodia Road, Goverdhan Twp, Kendranagar, Vadodara, Gujarat 390025, India",
        "name": "Krishna Residency",
        "locationConfidence": 2.352347,
        "calibratedProbability": 1.6132991
      }, {
        "latitudeE7": 222840288,
        "longitudeE7": 732420161,
        "placeId": "ChIJjS-6agfFXzkRO44PI3jJnGg",
        "locationConfidence": 2.1996539,
        "calibratedProbability": 1.5085783
      }, {
        "latitudeE7": 222826842,
        "longitudeE7": 732420573,
        "placeId": "ChIJWwksSm3FXzkRKoyC0BOlbck",
        "address": "A-1, Kubereshwar Marg, Goverdhan Twp, Kendranagar, Vadodara, Gujarat 390025, India",
        "name": "A-01,Shreeji Tirth Duplex-2",
        "locationConfidence": 1.7355798,
        "calibratedProbability": 1.1903046
      }, {
        "latitudeE7": 222854160,
        "longitudeE7": 732395770,
        "placeId": "ChIJESnTY1XFXzkRH-bDkQIfgM8",
        "address": "76PQ+5R3, near Kanha Gold BPS2 school, Prarthana Tenements, Goverdhan Twp, Kendranagar, Vadodara, Gujarat 390025, India",
        "name": "Hari Sai Shharanam",
        "locationConfidence": 1.4701467,
        "calibratedProbability": 1.0082638
      }, {
        "latitudeE7": 222834952,
        "longitudeE7": 732395196,
        "placeId": "ChIJTfbtNCXFXzkRlfEDKgTanek",
        "locationConfidence": 1.4154384,
        "calibratedProbability": 0.97074354
      }, {
        "latitudeE7": 222841755,
        "longitudeE7": 732402059,
        "placeId": "ChIJAUpNYwXFXzkRY6XvXalBKNw",
        "address": "E-64/65, Kubereshwar Marg, Parn Vihar Society, Goverdhan Twp, Kendranagar, Vadodara, Gujarat 390025, India",
        "name": "Shree krishna banglows",
        "locationConfidence": 0.99786276,
        "calibratedProbability": 0.68435955
      }],
      "editConfirmationStatus": "NOT_CONFIRMED",
      "locationConfidence": 44,
      "placeVisitType": "SINGLE_PLACE",
      "placeVisitImportance": "MAIN"
    }
  }, {
    "activitySegment": {
      "startLocation": {
        "latitudeE7": 222840078,
        "longitudeE7": 732415387,
        "sourceInfo": {
          "deviceTag": 1755654135
        }
      },
      "endLocation": {
        "latitudeE7": 222843817,
        "longitudeE7": 732413349,
        "sourceInfo": {
          "deviceTag": 1755654135
        }
      },
      "duration": {
        "startTimestamp": "2020-05-17T04:42:09.373Z",
        "endTimestamp": "2020-05-17T04:56:48.447Z"
      },
      "distance": 886,
      "activityType": "MOTORCYCLING",
      "confidence": "LOW",
      "activities": [{
        "activityType": "MOTORCYCLING",
        "probability": 54.25013303756714
      }, {
        "activityType": "STILL",
        "probability": 26.1880099773407
      }, {
        "activityType": "IN_PASSENGER_VEHICLE",
        "probability": 9.358570724725723
      }, {
        "activityType": "WALKING",
        "probability": 7.733006775379181
      }, {
        "activityType": "CYCLING",
        "probability": 1.9502587616443634
      }, {
        "activityType": "RUNNING",
        "probability": 0.3067219164222479
      }, {
        "activityType": "IN_FERRY",
        "probability": 0.07726181065663695
      }, {
        "activityType": "IN_BUS",
        "probability": 0.05439279484562576
      }, {
        "activityType": "FLYING",
        "probability": 0.03123254282400012
      }, {
        "activityType": "IN_TRAIN",
        "probability": 0.027000514091923833
      }, {
        "activityType": "IN_SUBWAY",
        "probability": 0.014681271568406373
      }, {
        "activityType": "SAILING",
        "probability": 0.007397457375191152
      }, {
        "activityType": "SKIING",
        "probability": 0.0012726879504043609
      }, {
        "activityType": "IN_VEHICLE",
        "probability": 4.492723633120477E-5
      }, {
        "activityType": "IN_TRAM",
        "probability": 8.66981153535562E-6
      }],
      "waypointPath": {
        "waypoints": [{
          "latE7": 222840042,
          "lngE7": 732415390
        }, {
          "latE7": 222816009,
          "lngE7": 732406692
        }, {
          "latE7": 222809944,
          "lngE7": 732387771
        }],
        "source": "INFERRED",
        "distanceMeters": 1030.709661276466,
        "travelMode": "TWO_WHEELER",
        "confidence": 1.0
      },
      "parkingEvent": {
        "location": {
          "latitudeE7": 222818407,
          "longitudeE7": 732393592,
          "accuracyMetres": 84
        },
        "method": "END_OF_ACTIVITY_SEGMENT",
        "locationSource": "UNKNOWN",
        "timestamp": "2020-05-17T04:57:18.524Z"
      }
    }
  }, {
    "placeVisit": {
      "location": {
        "latitudeE7": 222840148,
        "longitudeE7": 732408315,
        "placeId": "ChIJ_RqQnHLFXzkRgQkmFsn8wGo",
        "address": "E-64/65, E-64/65, Kubereshwar Marg, Parn Vihar Society, Goverdhan Twp, Kendranagar, Vadodara, Gujarat 390025, India",
        "name": "Parn Vihar Society",
        "sourceInfo": {
          "deviceTag": 1755654135
        },
        "locationConfidence": 77.30549,
        "calibratedProbability": 50.067284
      },
      "duration": {
        "startTimestamp": "2020-05-17T04:56:48.447Z",
        "endTimestamp": "2020-05-21T05:12:27.357Z"
      },
      "placeConfidence": "MEDIUM_CONFIDENCE",
      "centerLatE7": 222841093,
      "centerLngE7": 732411553,
      "visitConfidence": 81,
      "otherCandidateLocations": [{
        "latitudeE7": 222843437,
        "longitudeE7": 732407990,
        "placeId": "ChIJ4dDqjnLFXzkRrQSNf5oXAa0",
        "address": "C-1/10, Kubereshwar Marg, Prarthana Tenements, Goverdhan Twp, Kendranagar, Vadodara, Gujarat 390025, India",
        "locationConfidence": 12.496249,
        "calibratedProbability": 8.093258
      }, {
        "latitudeE7": 222843595,
        "longitudeE7": 732414907,
        "placeId": "ChIJdQgDcG3FXzkRm-VZXoKY94E",
        "address": "C-84 Nilamber Villa, Kubereshwar Marg, Prarthana Tenements, Goverdhan Twp, Kendranagar, Vadodara, Gujarat 390025, India",
        "name": "Nilamber Villa Society",
        "locationConfidence": 5.0097933,
        "calibratedProbability": 3.2446177
      }, {
        "latitudeE7": 222863541,
        "longitudeE7": 732394943,
        "placeId": "ChIJOZfjAnTFXzkR-3HuIoecXOo",
        "address": "17, Waghodia - Dabhoi Ring Rd, Prarthana Tenements, Goverdhan Twp, Kendranagar, Vadodara, Gujarat 390025, India",
        "locationConfidence": 1.0329539,
        "calibratedProbability": 0.6689977
      }, {
        "latitudeE7": 222836978,
        "longitudeE7": 732394686,
        "placeId": "ChIJBYJk7HLFXzkR0SlVIS_AYL0",
        "address": "Opp. Kubereshwar Mahadev Temple, Nr. Tirthak Tenaments, Dabhoi-, 76MQ+FQH, Waghodia Road, Goverdhan Twp, Kendranagar, Vadodara, Gujarat 390025, India",
        "name": "Krishna Residency",
        "locationConfidence": 0.83037406,
        "calibratedProbability": 0.5377959
      }, {
        "latitudeE7": 222831583,
        "longitudeE7": 732420856,
        "placeId": "ChIJj56gQ23FXzkRv3cbusWJJoQ",
        "address": "1, Kubereshwar Marg, Goverdhan Twp, Kendranagar, Vadodara, Gujarat 390025, India",
        "name": "Nilamber Bungalows-3",
        "locationConfidence": 0.7157729,
        "calibratedProbability": 0.4635739
      }, {
        "latitudeE7": 222840288,
        "longitudeE7": 732420161,
        "placeId": "ChIJjS-6agfFXzkRO44PI3jJnGg",
        "locationConfidence": 0.62982553,
        "calibratedProbability": 0.40790966
      }, {
        "latitudeE7": 222816217,
        "longitudeE7": 732424053,
        "placeId": "ChIJu8jXzBLFXzkREIarkPEHm34",
        "address": "Darshan Heights 2nd Rd, Jalaram Nagar, Kendranagar, Vadodara, Gujarat 390025, India",
        "name": "Darshan Heights 2 , Sun Classic , Dwarkesh",
        "locationConfidence": 0.49655688,
        "calibratedProbability": 0.32159755
      }, {
        "latitudeE7": 222841755,
        "longitudeE7": 732402059,
        "placeId": "ChIJAUpNYwXFXzkRY6XvXalBKNw",
        "address": "E-64/65, Kubereshwar Marg, Parn Vihar Society, Goverdhan Twp, Kendranagar, Vadodara, Gujarat 390025, India",
        "name": "Shree krishna banglows",
        "locationConfidence": 0.48837733,
        "calibratedProbability": 0.3163
      }, {
        "latitudeE7": 222836654,
        "longitudeE7": 732404207,
        "placeId": "ChIJhbPhmXLFXzkRoi_stz9pFkw",
        "address": "Devashish Bunglows Kubereshwar Marg, Dabhoi - Waghodia Ring Rd, Goverdhan Twp, Kendranagar, Vadodara, Gujarat 390025, India",
        "name": "Devashish Bungalows",
        "locationConfidence": 0.46425143,
        "calibratedProbability": 0.30067477
      }],
      "editConfirmationStatus": "NOT_CONFIRMED",
      "locationConfidence": 62,
      "placeVisitType": "SINGLE_PLACE",
      "placeVisitImportance": "MAIN"
    }
  }, {
    "activitySegment": {
      "startLocation": {
        "latitudeE7": 222843803,
        "longitudeE7": 732405870,
        "sourceInfo": {
          "deviceTag": 1755654135
        }
      },
      "endLocation": {
        "latitudeE7": 222877265,
        "longitudeE7": 732368573,
        "sourceInfo": {
          "deviceTag": 1755654135
        }
      },
      "duration": {
        "startTimestamp": "2020-05-21T05:12:27.357Z",
        "endTimestamp": "2020-05-21T05:24:44.351Z"
      },
      "distance": 1102,
      "activityType": "MOTORCYCLING",
      "confidence": "MEDIUM",
      "activities": [{
        "activityType": "MOTORCYCLING",
        "probability": 74.07079935073853
      }, {
        "activityType": "IN_PASSENGER_VEHICLE",
        "probability": 16.779540479183197
      }, {
        "activityType": "WALKING",
        "probability": 4.78256568312645
      }, {
        "activityType": "STILL",
        "probability": 3.152313083410263
      }, {
        "activityType": "CYCLING",
        "probability": 0.8719181641936302
      }, {
        "activityType": "RUNNING",
        "probability": 0.14418279752135277
      }, {
        "activityType": "FLYING",
        "probability": 0.06330028991214931
      }, {
        "activityType": "IN_FERRY",
        "probability": 0.05961901624687016
      }, {
        "activityType": "IN_BUS",
        "probability": 0.043152394937351346
      }, {
        "activityType": "IN_TRAIN",
        "probability": 0.025271024787798524
      }, {
        "activityType": "IN_SUBWAY",
        "probability": 0.003775475124712102
      }, {
        "activityType": "SAILING",
        "probability": 0.003215669858036563
      }, {
        "activityType": "SKIING",
        "probability": 3.225899945391575E-4
      }, {
        "activityType": "IN_VEHICLE",
        "probability": 2.0772115760792076E-5
      }, {
        "activityType": "IN_TRAM",
        "probability": 2.0124982569313943E-6
      }],
      "waypointPath": {
        "waypoints": [{
          "latE7": 222844333,
          "lngE7": 732405929
        }, {
          "latE7": 222872409,
          "lngE7": 732372589
        }, {
          "latE7": 222877311,
          "lngE7": 732368087
        }],
        "source": "INFERRED",
        "distanceMeters": 903.4959995554897,
        "travelMode": "TWO_WHEELER",
        "confidence": 0.0
      },
      "parkingEvent": {
        "location": {
          "latitudeE7": 222872797,
          "longitudeE7": 732364575,
          "accuracyMetres": 41
        },
        "method": "EXITING_VEHICLE_SIGNAL",
        "locationSource": "NOT_FROM_RAW_LOCATION",
        "timestamp": "2020-05-21T05:27:02.236Z"
      }
    }
  }, {
    "placeVisit": {
      "location": {
        "latitudeE7": 222870237,
        "longitudeE7": 732364695,
        "placeId": "ChIJxxA-4XPFXzkRJFqvRn1pF50",
        "address": "Shyam Resi Cum Plaza Near SBI Bank, Parivar Cross Road, Dabhoi - Waghodia Ring Rd, Sarthi Nagar 2, Kendranagar, Vadodara, Gujarat 390019, India",
        "name": "Day Night Vadapav \u0026 Dabeli",
        "sourceInfo": {
          "deviceTag": 1755654135
        },
        "locationConfidence": 40.382,
        "calibratedProbability": 31.891773
      },
      "duration": {
        "startTimestamp": "2020-05-21T05:24:44.351Z",
        "endTimestamp": "2020-05-21T05:30:18.390Z"
      },
      "placeConfidence": "LOW_CONFIDENCE",
      "centerLatE7": 222874667,
      "centerLngE7": 732365533,
      "visitConfidence": 94,
      "otherCandidateLocations": [{
        "latitudeE7": 222874440,
        "longitudeE7": 732370000,
        "placeId": "ChIJKQjAYXHFXzkR31GNZXGhnis",
        "address": "1st Floor, Nilamber Complex, Narayan School Road, Ward No:3, Near Swaminarayan Gurukul Char Rasta, Kendranagar, Mahesh Nagar, Kendranagar, Vadodara, Gujarat 390025, India",
        "name": "Krishna Hospital",
        "locationConfidence": 21.85812,
        "calibratedProbability": 17.262497
      }, {
        "latitudeE7": 222875576,
        "longitudeE7": 732349472,
        "placeId": "ChIJK170-3PFXzkRUXiwI1ntx14",
        "address": "B-2, Dabhoi - Waghodia Ring Rd, Goverdhan Twp, Kendranagar, Vadodara, Gujarat 390025, India",
        "locationConfidence": 9.785011,
        "calibratedProbability": 7.7277336
      }, {
        "latitudeE7": 222873979,
        "longitudeE7": 732364200,
        "placeId": "ChIJzf2-X3HFXzkR1_CDhEJl4Uc",
        "address": "Narayan Vidyalaya Rd, Goverdhan Twp, Kendranagar, Vadodara, Gujarat 390027, India",
        "name": "Radhe Novelty",
        "locationConfidence": 9.234023,
        "calibratedProbability": 7.2925897
      }, {
        "latitudeE7": 222875682,
        "longitudeE7": 732369594,
        "placeId": "ChIJKYwPYXHFXzkRgm6TIpPjsrQ",
        "address": "76QP+2QG, Mahesh Nagar, Kendranagar, Vadodara, Gujarat 390025, India",
        "name": "Nilamber Bungalow 2",
        "locationConfidence": 6.159978,
        "calibratedProbability": 4.864856
      }, {
        "latitudeE7": 222863541,
        "longitudeE7": 732394943,
        "placeId": "ChIJOZfjAnTFXzkR-3HuIoecXOo",
        "address": "17, Waghodia - Dabhoi Ring Rd, Prarthana Tenements, Goverdhan Twp, Kendranagar, Vadodara, Gujarat 390025, India",
        "locationConfidence": 3.3428707,
        "calibratedProbability": 2.6400394
      }, {
        "latitudeE7": 222874755,
        "longitudeE7": 732365446,
        "placeId": "ChIJ__MKYHHFXzkRH_zclu7oUmo",
        "locationConfidence": 2.662061,
        "calibratedProbability": 2.1023684,
        "isCurrentLocation": true
      }, {
        "latitudeE7": 222876948,
        "longitudeE7": 732375053,
        "placeId": "ChIJKYwPYXHFXzkRgm6TIpPjsrQ",
        "address": "76QP+2QG, Mahesh Nagar, Kendranagar, Vadodara, Gujarat 390025, India",
        "name": "Nilamber Bungalow 2",
        "locationConfidence": 2.3830903,
        "calibratedProbability": 1.8820506
      }, {
        "latitudeE7": 222863769,
        "longitudeE7": 732363577,
        "placeId": "ChIJt-UU953FXzkR94bMSPUtMyQ",
        "address": "D 41, Yogiraj Township, Dabhoi - Waghodia Ring Rd, Goverdhan Twp, Kendranagar, Vadodara, Gujarat 390025, India",
        "name": "YOGIRAJ TOWNSHIP યોગીરાજ ટાઉનશીપ",
        "locationConfidence": 1.5543605,
        "calibratedProbability": 1.2275596
      }, {
        "latitudeE7": 222874595,
        "longitudeE7": 732362236,
        "placeId": "ChIJ3SO3CXLFXzkRW-Fv50AdqcQ",
        "address": "B-21 Goverdhan Township, Narayan Vidyalaya Rd, opposite Bhagirath Party Plot, Prarthana Tenements, Goverdhan Twp, Kendranagar, Vadodara, Gujarat 390025, India",
        "name": "Baroda Dairy Sugam Parlour",
        "locationConfidence": 0.9894322,
        "calibratedProbability": 0.7814062
      }],
      "editConfirmationStatus": "NOT_CONFIRMED",
      "locationConfidence": 33,
      "placeVisitType": "SINGLE_PLACE",
      "placeVisitImportance": "MAIN"
    }
  }, {
    "activitySegment": {
      "startLocation": {
        "latitudeE7": 222874528,
        "longitudeE7": 732364049,
        "sourceInfo": {
          "deviceTag": 1755654135
        }
      },
      "endLocation": {
        "latitudeE7": 222843687,
        "longitudeE7": 732407989,
        "sourceInfo": {
          "deviceTag": 1755654135
        }
      },
      "duration": {
        "startTimestamp": "2020-05-21T05:30:18.390Z",
        "endTimestamp": "2020-05-21T05:37:17.306Z"
      },
      "distance": 860,
      "activityType": "MOTORCYCLING",
      "confidence": "MEDIUM",
      "activities": [{
        "activityType": "MOTORCYCLING",
        "probability": 73.80878925323486
      }, {
        "activityType": "IN_PASSENGER_VEHICLE",
        "probability": 18.333931267261505
      }, {
        "activityType": "WALKING",
        "probability": 4.058492928743362
      }, {
        "activityType": "STILL",
        "probability": 2.6027241721749306
      }, {
        "activityType": "CYCLING",
        "probability": 0.7708820048719645
      }, {
        "activityType": "RUNNING",
        "probability": 0.18173274584114552
      }, {
        "activityType": "IN_FERRY",
        "probability": 0.08780002826824784
      }, {
        "activityType": "FLYING",
        "probability": 0.08358284248970449
      }, {
        "activityType": "IN_BUS",
        "probability": 0.04665481683332473
      }, {
        "activityType": "IN_TRAIN",
        "probability": 0.015328712470363826
      }, {
        "activityType": "IN_SUBWAY",
        "probability": 0.005558573320740834
      }, {
        "activityType": "SAILING",
        "probability": 0.003894863766618073
      }, {
        "activityType": "SKIING",
        "probability": 6.031807060935535E-4
      }, {
        "activityType": "IN_VEHICLE",
        "probability": 2.4335980697287596E-5
      }, {
        "activityType": "IN_TRAM",
        "probability": 2.962752176927097E-6
      }],
      "waypointPath": {
        "waypoints": [{
          "latE7": 222873477,
          "lngE7": 732363967
        }, {
          "latE7": 222873001,
          "lngE7": 732370758
        }, {
          "latE7": 222844200,
          "lngE7": 732408065
        }],
        "source": "INFERRED",
        "distanceMeters": 861.2487840207656,
        "travelMode": "TWO_WHEELER",
        "confidence": 0.0
      },
      "parkingEvent": {
        "location": {
          "latitudeE7": 222843750,
          "longitudeE7": 732408308,
          "accuracyMetres": 91
        },
        "method": "END_OF_ACTIVITY_SEGMENT",
        "locationSource": "NOT_FROM_RAW_LOCATION",
        "timestamp": "2020-05-21T05:39:40.331Z"
      }
    }
  }, {
    "placeVisit": {
      "location": {
        "latitudeE7": 222840148,
        "longitudeE7": 732408315,
        "placeId": "ChIJ_RqQnHLFXzkRgQkmFsn8wGo",
        "address": "E-64/65, E-64/65, Kubereshwar Marg, Parn Vihar Society, Goverdhan Twp, Kendranagar, Vadodara, Gujarat 390025, India",
        "name": "Parn Vihar Society",
        "sourceInfo": {
          "deviceTag": 1755654135
        },
        "locationConfidence": 78.39516,
        "calibratedProbability": 50.554188
      },
      "duration": {
        "startTimestamp": "2020-05-21T05:37:17.306Z",
        "endTimestamp": "2020-05-24T19:30:23.115Z"
      },
      "placeConfidence": "MEDIUM_CONFIDENCE",
      "centerLatE7": 222839690,
      "centerLngE7": 732411800,
      "visitConfidence": 80,
      "otherCandidateLocations": [{
        "latitudeE7": 222843437,
        "longitudeE7": 732407990,
        "placeId": "ChIJ4dDqjnLFXzkRrQSNf5oXAa0",
        "address": "C-1/10, Kubereshwar Marg, Prarthana Tenements, Goverdhan Twp, Kendranagar, Vadodara, Gujarat 390025, India",
        "locationConfidence": 11.341579,
        "calibratedProbability": 7.3137727
      }, {
        "latitudeE7": 222843595,
        "longitudeE7": 732414907,
        "placeId": "ChIJdQgDcG3FXzkRm-VZXoKY94E",
        "address": "C-84 Nilamber Villa, Kubereshwar Marg, Prarthana Tenements, Goverdhan Twp, Kendranagar, Vadodara, Gujarat 390025, India",
        "name": "Nilamber Villa Society",
        "locationConfidence": 4.172771,
        "calibratedProbability": 2.6908684
      }, {
        "latitudeE7": 222863541,
        "longitudeE7": 732394943,
        "placeId": "ChIJOZfjAnTFXzkR-3HuIoecXOo",
        "address": "17, Waghodia - Dabhoi Ring Rd, Prarthana Tenements, Goverdhan Twp, Kendranagar, Vadodara, Gujarat 390025, India",
        "locationConfidence": 1.3831048,
        "calibratedProbability": 0.891914
      }, {
        "latitudeE7": 222836978,
        "longitudeE7": 732394686,
        "placeId": "ChIJBYJk7HLFXzkR0SlVIS_AYL0",
        "address": "Opp. Kubereshwar Mahadev Temple, Nr. Tirthak Tenaments, Dabhoi-, 76MQ+FQH, Waghodia Road, Goverdhan Twp, Kendranagar, Vadodara, Gujarat 390025, India",
        "name": "Krishna Residency",
        "locationConfidence": 0.92059815,
        "calibratedProbability": 0.5936603
      }, {
        "latitudeE7": 222831583,
        "longitudeE7": 732420856,
        "placeId": "ChIJj56gQ23FXzkRv3cbusWJJoQ",
        "address": "1, Kubereshwar Marg, Goverdhan Twp, Kendranagar, Vadodara, Gujarat 390025, India",
        "name": "Nilamber Bungalows-3",
        "locationConfidence": 0.848738,
        "calibratedProbability": 0.5473203
      }, {
        "latitudeE7": 222840288,
        "longitudeE7": 732420161,
        "placeId": "ChIJjS-6agfFXzkRO44PI3jJnGg",
        "locationConfidence": 0.7116213,
        "calibratedProbability": 0.45889872
      }, {
        "latitudeE7": 222816217,
        "longitudeE7": 732424053,
        "placeId": "ChIJu8jXzBLFXzkREIarkPEHm34",
        "address": "Darshan Heights 2nd Rd, Jalaram Nagar, Kendranagar, Vadodara, Gujarat 390025, India",
        "name": "Darshan Heights 2 , Sun Classic , Dwarkesh",
        "locationConfidence": 0.58137083,
        "calibratedProbability": 0.37490493
      }, {
        "latitudeE7": 222836654,
        "longitudeE7": 732404207,
        "placeId": "ChIJhbPhmXLFXzkRoi_stz9pFkw",
        "address": "Devashish Bunglows Kubereshwar Marg, Dabhoi - Waghodia Ring Rd, Goverdhan Twp, Kendranagar, Vadodara, Gujarat 390025, India",
        "name": "Devashish Bungalows",
        "locationConfidence": 0.56199735,
        "calibratedProbability": 0.36241168
      }, {
        "latitudeE7": 222841755,
        "longitudeE7": 732402059,
        "placeId": "ChIJAUpNYwXFXzkRY6XvXalBKNw",
        "address": "E-64/65, Kubereshwar Marg, Parn Vihar Society, Goverdhan Twp, Kendranagar, Vadodara, Gujarat 390025, India",
        "name": "Shree krishna banglows",
        "locationConfidence": 0.49498093,
        "calibratedProbability": 0.3191952
      }],
      "editConfirmationStatus": "NOT_CONFIRMED",
      "locationConfidence": 63,
      "placeVisitType": "SINGLE_PLACE",
      "placeVisitImportance": "MAIN"
    }
  }, {
    "placeVisit": {
      "location": {
        "latitudeE7": 222843437,
        "longitudeE7": 732407990,
        "placeId": "ChIJ4dDqjnLFXzkRrQSNf5oXAa0",
        "address": "C-1/10, Kubereshwar Marg, Prarthana Tenements, Goverdhan Township, Kendranagar, Vadodara, Gujarat 390025, India",
        "sourceInfo": {
          "deviceTag": 1755654135
        },
        "locationConfidence": 69.45755,
        "calibratedProbability": 52.482395
      },
      "duration": {
        "startTimestamp": "2020-05-24T19:30:23.115Z",
        "endTimestamp": "2020-05-25T04:30:16.272Z"
      },
      "placeConfidence": "HIGH_CONFIDENCE",
      "centerLatE7": 222841373,
      "centerLngE7": 732408096,
      "visitConfidence": 90,
      "otherCandidateLocations": [{
        "latitudeE7": 222840148,
        "longitudeE7": 732408315,
        "placeId": "ChIJ_RqQnHLFXzkRgQkmFsn8wGo",
        "address": "E-64/65, E-64/65, Kubereshwar Marg, Parn Vihar Society, Goverdhan Twp, Kendranagar, Vadodara, Gujarat 390025, India",
        "name": "Parn Vihar Society",
        "locationConfidence": 14.243867,
        "calibratedProbability": 10.762722
      }, {
        "latitudeE7": 222843595,
        "longitudeE7": 732414907,
        "placeId": "ChIJdQgDcG3FXzkRm-VZXoKY94E",
        "address": "C-84 Nilamber Villa, Kubereshwar Marg, Prarthana Tenements, Goverdhan Twp, Kendranagar, Vadodara, Gujarat 390025, India",
        "name": "Nilamber Villa Society",
        "locationConfidence": 7.780602,
        "calibratedProbability": 5.8790536
      }, {
        "latitudeE7": 222863541,
        "longitudeE7": 732394943,
        "placeId": "ChIJOZfjAnTFXzkR-3HuIoecXOo",
        "address": "17, Waghodia - Dabhoi Ring Rd, Prarthana Tenements, Goverdhan Twp, Kendranagar, Vadodara, Gujarat 390025, India",
        "locationConfidence": 1.7634869,
        "calibratedProbability": 1.3324976
      }, {
        "latitudeE7": 222836978,
        "longitudeE7": 732394686,
        "placeId": "ChIJBYJk7HLFXzkR0SlVIS_AYL0",
        "address": "Opp. Kubereshwar Mahadev Temple, Nr. Tirthak Tenaments, Dabhoi-, 76MQ+FQH, Waghodia Road, Goverdhan Twp, Kendranagar, Vadodara, Gujarat 390025, India",
        "name": "Krishna Residency",
        "locationConfidence": 1.26231,
        "calibratedProbability": 0.9538064
      }, {
        "latitudeE7": 222840288,
        "longitudeE7": 732420161,
        "placeId": "ChIJjS-6agfFXzkRO44PI3jJnGg",
        "locationConfidence": 1.0365235,
        "calibratedProbability": 0.7832012
      }, {
        "latitudeE7": 222841908,
        "longitudeE7": 732405505,
        "placeId": "ChIJiSEas5_FXzkRu98c5S5OUw8",
        "address": "B/48, Waghodia Rd, Prabhat Society, Goverdhan Twp, Kendranagar, Vadodara, Gujarat 390019, India",
        "name": "Kinjal shah plan designer",
        "locationConfidence": 0.9688607,
        "calibratedProbability": 0.7320749
      }, {
        "latitudeE7": 222854160,
        "longitudeE7": 732395770,
        "placeId": "ChIJESnTY1XFXzkRH-bDkQIfgM8",
        "address": "76PQ+5R3, near Kanha Gold BPS2 school, Prarthana Tenements, Goverdhan Twp, Kendranagar, Vadodara, Gujarat 390025, India",
        "name": "Hari Sai Shharanam",
        "locationConfidence": 0.79021376,
        "calibratedProbability": 0.59708863
      }, {
        "latitudeE7": 222834952,
        "longitudeE7": 732395196,
        "placeId": "ChIJTfbtNCXFXzkRlfEDKgTanek",
        "locationConfidence": 0.7790079,
        "calibratedProbability": 0.58862144
      }, {
        "latitudeE7": 222845084,
        "longitudeE7": 732389889,
        "placeId": "ChIJdduc93LFXzkR02xH4K7OADQ",
        "address": "A 13 Shree vallabha duplex 2,Kubereshwar Marg, Dabhoi-, Ring Rd, Prarthana Tenements, Goverdhan Twp, Waghodia, Vadodara, Gujarat 390025, India",
        "name": "Shree Vallabha Duplex 2",
        "locationConfidence": 0.68144757,
        "calibratedProbability": 0.51490444
      }],
      "editConfirmationStatus": "NOT_CONFIRMED",
      "locationConfidence": 55,
      "placeVisitType": "SINGLE_PLACE",
      "placeVisitImportance": "MAIN"
    }
  }, {
    "placeVisit": {
      "location": {
        "latitudeE7": 222840148,
        "longitudeE7": 732408315,
        "placeId": "ChIJ_RqQnHLFXzkRgQkmFsn8wGo",
        "address": "E-64/65, E-64/65, Kubereshwar Marg, Parn Vihar Society, Goverdhan Twp, Kendranagar, Vadodara, Gujarat 390025, India",
        "name": "Parn Vihar Society",
        "sourceInfo": {
          "deviceTag": 1755654135
        },
        "locationConfidence": 73.63547,
        "calibratedProbability": 54.059975
      },
      "duration": {
        "startTimestamp": "2020-05-25T04:30:16.272Z",
        "endTimestamp": "2020-05-30T15:47:44.917Z"
      },
      "placeConfidence": "MEDIUM_CONFIDENCE",
      "centerLatE7": 222841344,
      "centerLngE7": 732410222,
      "visitConfidence": 88,
      "otherCandidateLocations": [{
        "latitudeE7": 222843437,
        "longitudeE7": 732407990,
        "placeId": "ChIJ4dDqjnLFXzkRrQSNf5oXAa0",
        "address": "C-1/10, Kubereshwar Marg, Prarthana Tenements, Goverdhan Twp, Kendranagar, Vadodara, Gujarat 390025, India",
        "locationConfidence": 15.774194,
        "calibratedProbability": 11.58073
      }, {
        "latitudeE7": 222843595,
        "longitudeE7": 732414907,
        "placeId": "ChIJdQgDcG3FXzkRm-VZXoKY94E",
        "address": "C-84 Nilamber Villa, Kubereshwar Marg, Prarthana Tenements, Goverdhan Twp, Kendranagar, Vadodara, Gujarat 390025, India",
        "name": "Nilamber Villa Society",
        "locationConfidence": 4.745757,
        "calibratedProbability": 3.4841294
      }, {
        "latitudeE7": 222863541,
        "longitudeE7": 732394943,
        "placeId": "ChIJOZfjAnTFXzkR-3HuIoecXOo",
        "address": "17, Waghodia - Dabhoi Ring Rd, Prarthana Tenements, Goverdhan Twp, Kendranagar, Vadodara, Gujarat 390025, India",
        "locationConfidence": 1.2487922,
        "calibratedProbability": 0.9168092
      }, {
        "latitudeE7": 222836978,
        "longitudeE7": 732394686,
        "placeId": "ChIJBYJk7HLFXzkR0SlVIS_AYL0",
        "address": "Opp. Kubereshwar Mahadev Temple, Nr. Tirthak Tenaments, Dabhoi-, 76MQ+FQH, Waghodia Road, Goverdhan Twp, Kendranagar, Vadodara, Gujarat 390025, India",
        "name": "Krishna Residency",
        "locationConfidence": 0.8647171,
        "calibratedProbability": 0.6348379
      }, {
        "latitudeE7": 222831583,
        "longitudeE7": 732420856,
        "placeId": "ChIJj56gQ23FXzkRv3cbusWJJoQ",
        "address": "1, Kubereshwar Marg, Goverdhan Twp, Kendranagar, Vadodara, Gujarat 390025, India",
        "name": "Nilamber Bungalows-3",
        "locationConfidence": 0.7706673,
        "calibratedProbability": 0.5657906
      }, {
        "latitudeE7": 222840288,
        "longitudeE7": 732420161,
        "placeId": "ChIJjS-6agfFXzkRO44PI3jJnGg",
        "locationConfidence": 0.6509958,
        "calibratedProbability": 0.47793293
      }, {
        "latitudeE7": 222836654,
        "longitudeE7": 732404207,
        "placeId": "ChIJhbPhmXLFXzkRoi_stz9pFkw",
        "address": "Devashish Bunglows Kubereshwar Marg, Dabhoi - Waghodia Ring Rd, Goverdhan Twp, Kendranagar, Vadodara, Gujarat 390025, India",
        "name": "Devashish Bungalows",
        "locationConfidence": 0.63410294,
        "calibratedProbability": 0.46553093
      }, {
        "latitudeE7": 222816217,
        "longitudeE7": 732424053,
        "placeId": "ChIJu8jXzBLFXzkREIarkPEHm34",
        "address": "Darshan Heights 2nd Rd, Jalaram Nagar, Kendranagar, Vadodara, Gujarat 390025, India",
        "name": "Darshan Heights 2 , Sun Classic , Dwarkesh",
        "locationConfidence": 0.46922323,
        "calibratedProbability": 0.3444834
      }, {
        "latitudeE7": 222841755,
        "longitudeE7": 732402059,
        "placeId": "ChIJAUpNYwXFXzkRY6XvXalBKNw",
        "address": "E-64/65, Kubereshwar Marg, Parn Vihar Society, Goverdhan Twp, Kendranagar, Vadodara, Gujarat 390025, India",
        "name": "Shree krishna banglows",
        "locationConfidence": 0.4532704,
        "calibratedProbability": 0.3327715
      }],
      "editConfirmationStatus": "NOT_CONFIRMED",
      "locationConfidence": 59,
      "placeVisitType": "SINGLE_PLACE",
      "placeVisitImportance": "MAIN"
    }
  }, {
    "placeVisit": {
      "location": {
        "latitudeE7": 222843437,
        "longitudeE7": 732407990,
        "placeId": "ChIJ4dDqjnLFXzkRrQSNf5oXAa0",
        "address": "C-1/10, Kubereshwar Marg, Prarthana Tenements, Goverdhan Township, Kendranagar, Vadodara, Gujarat 390025, India",
        "sourceInfo": {
          "deviceTag": 1755654135
        },
        "locationConfidence": 47.39999,
        "calibratedProbability": 32.452744
      },
      "duration": {
        "startTimestamp": "2020-05-30T15:47:44.917Z",
        "endTimestamp": "2020-05-31T03:30:10.252Z"
      },
      "placeConfidence": "MEDIUM_CONFIDENCE",
      "centerLatE7": 222842484,
      "centerLngE7": 732410646,
      "visitConfidence": 89,
      "otherCandidateLocations": [{
        "latitudeE7": 222840148,
        "longitudeE7": 732408315,
        "placeId": "ChIJ_RqQnHLFXzkRgQkmFsn8wGo",
        "address": "E-64/65, E-64/65, Kubereshwar Marg, Parn Vihar Society, Goverdhan Twp, Kendranagar, Vadodara, Gujarat 390025, India",
        "name": "Parn Vihar Society",
        "locationConfidence": 27.395256,
        "calibratedProbability": 18.75636
      }, {
        "latitudeE7": 222843595,
        "longitudeE7": 732414907,
        "placeId": "ChIJdQgDcG3FXzkRm-VZXoKY94E",
        "address": "C-84 Nilamber Villa, Kubereshwar Marg, Prarthana Tenements, Goverdhan Twp, Kendranagar, Vadodara, Gujarat 390025, India",
        "name": "Nilamber Villa Society",
        "locationConfidence": 13.066177,
        "calibratedProbability": 8.945852
      }, {
        "latitudeE7": 222863541,
        "longitudeE7": 732394943,
        "placeId": "ChIJOZfjAnTFXzkR-3HuIoecXOo",
        "address": "17, Waghodia - Dabhoi Ring Rd, Prarthana Tenements, Goverdhan Twp, Kendranagar, Vadodara, Gujarat 390025, India",
        "locationConfidence": 2.628398,
        "calibratedProbability": 1.7995515
      }, {
        "latitudeE7": 222840288,
        "longitudeE7": 732420161,
        "placeId": "ChIJjS-6agfFXzkRO44PI3jJnGg",
        "locationConfidence": 1.8790522,
        "calibratedProbability": 1.2865065
      }, {
        "latitudeE7": 222836978,
        "longitudeE7": 732394686,
        "placeId": "ChIJBYJk7HLFXzkR0SlVIS_AYL0",
        "address": "Opp. Kubereshwar Mahadev Temple, Nr. Tirthak Tenaments, Dabhoi-, 76MQ+FQH, Waghodia Road, Goverdhan Twp, Kendranagar, Vadodara, Gujarat 390025, India",
        "name": "Krishna Residency",
        "locationConfidence": 1.6980971,
        "calibratedProbability": 1.1626143
      }, {
        "latitudeE7": 222826842,
        "longitudeE7": 732420573,
        "placeId": "ChIJWwksSm3FXzkRKoyC0BOlbck",
        "address": "A-1, Kubereshwar Marg, Goverdhan Twp, Kendranagar, Vadodara, Gujarat 390025, India",
        "name": "A-01,Shreeji Tirth Duplex-2",
        "locationConfidence": 1.2308701,
        "calibratedProbability": 0.8427241
      }, {
        "latitudeE7": 222854160,
        "longitudeE7": 732395770,
        "placeId": "ChIJESnTY1XFXzkRH-bDkQIfgM8",
        "address": "76PQ+5R3, near Kanha Gold BPS2 school, Prarthana Tenements, Goverdhan Twp, Kendranagar, Vadodara, Gujarat 390025, India",
        "name": "Hari Sai Shharanam",
        "locationConfidence": 1.2121987,
        "calibratedProbability": 0.82994056
      }, {
        "latitudeE7": 222834952,
        "longitudeE7": 732395196,
        "placeId": "ChIJTfbtNCXFXzkRlfEDKgTanek",
        "locationConfidence": 1.1797149,
        "calibratedProbability": 0.8077003
      }, {
        "latitudeE7": 222840060,
        "longitudeE7": 732426200,
        "placeId": "ChIJS8KsbG3FXzkRf43keDzUzME",
        "address": "BHAGYA LAXMI SOCITY, Kubereshwar Marg, Goverdhan Twp, Waghodia, Vadodara, Gujarat 390019, India",
        "name": "Shree Bungalows",
        "locationConfidence": 0.8392293,
        "calibratedProbability": 0.57458436
      }],
      "editConfirmationStatus": "NOT_CONFIRMED",
      "locationConfidence": 38,
      "placeVisitType": "SINGLE_PLACE",
      "placeVisitImportance": "MAIN"
    }
  }, {
    "placeVisit": {
      "location": {
        "latitudeE7": 222840148,
        "longitudeE7": 732408315,
        "placeId": "ChIJ_RqQnHLFXzkRgQkmFsn8wGo",
        "address": "E-64/65, E-64/65, Kubereshwar Marg, Parn Vihar Society, Goverdhan Twp, Kendranagar, Vadodara, Gujarat 390025, India",
        "name": "Parn Vihar Society",
        "sourceInfo": {
          "deviceTag": 1755654135
        },
        "locationConfidence": 50.10499,
        "calibratedProbability": 34.29878
      },
      "duration": {
        "startTimestamp": "2020-05-31T03:30:10.252Z",
        "endTimestamp": "2020-05-31T15:24:48.128Z"
      },
      "placeConfidence": "MEDIUM_CONFIDENCE",
      "centerLatE7": 222839719,
      "centerLngE7": 732410146,
      "visitConfidence": 89,
      "otherCandidateLocations": [{
        "latitudeE7": 222843437,
        "longitudeE7": 732407990,
        "placeId": "ChIJ4dDqjnLFXzkRrQSNf5oXAa0",
        "address": "C-1/10, Kubereshwar Marg, Prarthana Tenements, Goverdhan Twp, Kendranagar, Vadodara, Gujarat 390025, India",
        "locationConfidence": 28.35654,
        "calibratedProbability": 19.411135
      }, {
        "latitudeE7": 222843595,
        "longitudeE7": 732414907,
        "placeId": "ChIJdQgDcG3FXzkRm-VZXoKY94E",
        "address": "C-84 Nilamber Villa, Kubereshwar Marg, Prarthana Tenements, Goverdhan Twp, Kendranagar, Vadodara, Gujarat 390025, India",
        "name": "Nilamber Villa Society",
        "locationConfidence": 9.470197,
        "calibratedProbability": 6.4827113
      }, {
        "latitudeE7": 222857514,
        "longitudeE7": 732423394,
        "placeId": "ChIJnydPl23FXzkRUzaTyBfrg5M",
        "address": "Radhe Pushti Bunglows near Goverdhan Township Narayan Vidhyalay Road,Dabhoi, 76PR+8W4, Ring Road, Goverdhan Twp, Waghodia, Vadodara, Gujarat 390025, India",
        "name": "Radhe Pushti Bungalows",
        "locationConfidence": 2.46922,
        "calibratedProbability": 1.6902753
      }, {
        "latitudeE7": 222836978,
        "longitudeE7": 732394686,
        "placeId": "ChIJBYJk7HLFXzkR0SlVIS_AYL0",
        "address": "Opp. Kubereshwar Mahadev Temple, Nr. Tirthak Tenaments, Dabhoi-, 76MQ+FQH, Waghodia Road, Goverdhan Twp, Kendranagar, Vadodara, Gujarat 390025, India",
        "name": "Krishna Residency",
        "locationConfidence": 2.1439712,
        "calibratedProbability": 1.4676301
      }, {
        "latitudeE7": 222863541,
        "longitudeE7": 732394943,
        "placeId": "ChIJOZfjAnTFXzkR-3HuIoecXOo",
        "address": "17, Waghodia - Dabhoi Ring Rd, Prarthana Tenements, Goverdhan Twp, Kendranagar, Vadodara, Gujarat 390025, India",
        "locationConfidence": 2.1099753,
        "calibratedProbability": 1.4443587
      }, {
        "latitudeE7": 222840288,
        "longitudeE7": 732420161,
        "placeId": "ChIJjS-6agfFXzkRO44PI3jJnGg",
        "locationConfidence": 1.6298205,
        "calibratedProbability": 1.1156744
      }, {
        "latitudeE7": 222826842,
        "longitudeE7": 732420573,
        "placeId": "ChIJWwksSm3FXzkRKoyC0BOlbck",
        "address": "A-1, Kubereshwar Marg, Goverdhan Twp, Kendranagar, Vadodara, Gujarat 390025, India",
        "name": "A-01,Shreeji Tirth Duplex-2",
        "locationConfidence": 1.3063332,
        "calibratedProbability": 0.89423496
      }, {
        "latitudeE7": 222834952,
        "longitudeE7": 732395196,
        "placeId": "ChIJTfbtNCXFXzkRlfEDKgTanek",
        "locationConfidence": 1.0020809,
        "calibratedProbability": 0.6859627
      }, {
        "latitudeE7": 222841755,
        "longitudeE7": 732402059,
        "placeId": "ChIJAUpNYwXFXzkRY6XvXalBKNw",
        "address": "E-64/65, Kubereshwar Marg, Parn Vihar Society, Goverdhan Twp, Kendranagar, Vadodara, Gujarat 390025, India",
        "name": "Shree krishna banglows",
        "locationConfidence": 0.7503937,
        "calibratedProbability": 0.5136731
      }],
      "editConfirmationStatus": "NOT_CONFIRMED",
      "locationConfidence": 41,
      "placeVisitType": "SINGLE_PLACE",
      "placeVisitImportance": "MAIN"
    }
  }, {
    "placeVisit": {
      "location": {
        "latitudeE7": 222843437,
        "longitudeE7": 732407990,
        "placeId": "ChIJ4dDqjnLFXzkRrQSNf5oXAa0",
        "address": "C-1/10, Kubereshwar Marg, Prarthana Tenements, Goverdhan Township, Kendranagar, Vadodara, Gujarat 390025, India",
        "sourceInfo": {
          "deviceTag": 1755654135
        },
        "locationConfidence": 68.61541,
        "calibratedProbability": 46.750286
      },
      "duration": {
        "startTimestamp": "2020-05-31T15:24:48.128Z",
        "endTimestamp": "2020-06-01T04:17:30.441Z"
      },
      "placeConfidence": "HIGH_CONFIDENCE",
      "centerLatE7": 222843159,
      "centerLngE7": 732408791,
      "visitConfidence": 86,
      "otherCandidateLocations": [{
        "latitudeE7": 222840148,
        "longitudeE7": 732408315,
        "placeId": "ChIJ_RqQnHLFXzkRgQkmFsn8wGo",
        "address": "E-64/65, E-64/65, Kubereshwar Marg, Parn Vihar Society, Goverdhan Twp, Kendranagar, Vadodara, Gujarat 390025, India",
        "name": "Parn Vihar Society",
        "locationConfidence": 11.867738,
        "calibratedProbability": 8.085941
      }, {
        "latitudeE7": 222843595,
        "longitudeE7": 732414907,
        "placeId": "ChIJdQgDcG3FXzkRm-VZXoKY94E",
        "address": "C-84 Nilamber Villa, Kubereshwar Marg, Prarthana Tenements, Goverdhan Twp, Kendranagar, Vadodara, Gujarat 390025, India",
        "name": "Nilamber Villa Society",
        "locationConfidence": 8.871812,
        "calibratedProbability": 6.0447025
      }, {
        "latitudeE7": 222863541,
        "longitudeE7": 732394943,
        "placeId": "ChIJOZfjAnTFXzkR-3HuIoecXOo",
        "address": "17, Waghodia - Dabhoi Ring Rd, Prarthana Tenements, Goverdhan Twp, Kendranagar, Vadodara, Gujarat 390025, India",
        "locationConfidence": 2.4629319,
        "calibratedProbability": 1.6780891
      }, {
        "latitudeE7": 222840288,
        "longitudeE7": 732420161,
        "placeId": "ChIJjS-6agfFXzkRO44PI3jJnGg",
        "locationConfidence": 1.6746898,
        "calibratedProbability": 1.1410298
      }, {
        "latitudeE7": 222836978,
        "longitudeE7": 732394686,
        "placeId": "ChIJBYJk7HLFXzkR0SlVIS_AYL0",
        "address": "Opp. Kubereshwar Mahadev Temple, Nr. Tirthak Tenaments, Dabhoi-, 76MQ+FQH, Waghodia Road, Goverdhan Twp, Kendranagar, Vadodara, Gujarat 390025, India",
        "name": "Krishna Residency",
        "locationConfidence": 1.3701655,
        "calibratedProbability": 0.9335458
      }, {
        "latitudeE7": 222854160,
        "longitudeE7": 732395770,
        "placeId": "ChIJESnTY1XFXzkRH-bDkQIfgM8",
        "address": "76PQ+5R3, near Kanha Gold BPS2 school, Prarthana Tenements, Goverdhan Twp, Kendranagar, Vadodara, Gujarat 390025, India",
        "name": "Hari Sai Shharanam",
        "locationConfidence": 1.1874135,
        "calibratedProbability": 0.80902994
      }, {
        "latitudeE7": 222834952,
        "longitudeE7": 732395196,
        "placeId": "ChIJTfbtNCXFXzkRlfEDKgTanek",
        "locationConfidence": 1.1062539,
        "calibratedProbability": 0.7537328
      }, {
        "latitudeE7": 222826842,
        "longitudeE7": 732420573,
        "placeId": "ChIJWwksSm3FXzkRKoyC0BOlbck",
        "address": "A-1, Kubereshwar Marg, Goverdhan Twp, Kendranagar, Vadodara, Gujarat 390025, India",
        "name": "A-01,Shreeji Tirth Duplex-2",
        "locationConfidence": 1.0448421,
        "calibratedProbability": 0.71189064
      }, {
        "latitudeE7": 222840060,
        "longitudeE7": 732426200,
        "placeId": "ChIJS8KsbG3FXzkRf43keDzUzME",
        "address": "BHAGYA LAXMI SOCITY, Kubereshwar Marg, Goverdhan Twp, Waghodia, Vadodara, Gujarat 390019, India",
        "name": "Shree Bungalows",
        "locationConfidence": 0.6258661,
        "calibratedProbability": 0.42642638
      }],
      "editConfirmationStatus": "NOT_CONFIRMED",
      "locationConfidence": 55,
      "placeVisitType": "SINGLE_PLACE",
      "placeVisitImportance": "MAIN"
    }
  }]
}